Jun 14 15:16:01 combo sshd(pam_unix)[19939]: authentication failure; logname= uid=0 euid=0 tty=NODEVssh ruser= rhost=218.188.2.4
Jun 14 15:16:02 combo sshd(pam_unix)[19937]: check pass; user unknown
Jun 14 15:16:02 combo sshd(pam_unix)[19937]: authentication failure; logname= uid=0 euid=0 tty=NODEVssh ruser= rhost=218.188.2.4
Jun 15 02:04:59 combo sshd(pam_unix)[20882]: authentication failure; logname= uid=0 euid=0 tty=NODEVssh ruser= rhost=220-135-151-1.hinet-ip.hinet.net  user=root
Jun 15 02:04:59 combo sshd(pam_unix)[20884]: authentication failure; logname= uid=0 euid=0 tty=NODEVssh ruser= rhost=220-135-151-1.hinet-ip.hinet.net  user=root
Jun 15 02:04:59 combo sshd(pam_unix)[20883]: authentication failure; logname= uid=0 euid=0 tty=NODEVssh ruser= rhost=220-135-151-1.hinet-ip.hinet.net  user=root
Jun 15 02:04:59 combo sshd(pam_unix)[20885]: authentication failure; logname= uid=0 euid=0 tty=NODEVssh ruser= rhost=220-135-151-1.hinet-ip.hinet.net  user=root
Jun 15 02:04:59 combo sshd(pam_unix)[20886]: authentication failure; logname= uid=0 euid=0 tty=NODEVssh ruser= rhost=220-135-151-1.hinet-ip.hinet.net  user=root
Jun 15 02:04:59 combo sshd(pam_unix)[20892]: authentication failure; logname= uid=0 euid=0 tty=NODEVssh ruser= rhost=220-135-151-1.hinet-ip.hinet.net  user=root
Jun 15 02:04:59 combo sshd(pam_unix)[20893]: authentication failure; logname= uid=0 euid=0 tty=NODEVssh ruser= rhost=220-135-151-1.hinet-ip.hinet.net  user=root
Jun 15 02:04:59 combo sshd(pam_unix)[20896]: authentication failure; logname= uid=0 euid=0 tty=NODEVssh ruser= rhost=220-135-151-1.hinet-ip.hinet.net  user=root
Jun 15 02:04:59 combo sshd(pam_unix)[20897]: authentication failure; logname= uid=0 euid=0 tty=NODEVssh ruser= rhost=220-135-151-1.hinet-ip.hinet.net  user=root
Jun 15 02:04:59 combo sshd(pam_unix)[20898]: authentication failure; logname= uid=0 euid=0 tty=NODEVssh ruser= rhost=220-135-151-1.hinet-ip.hinet.net  user=root
Jun 15 04:06:18 combo su(pam_unix)[21416]: session opened for user cyrus by (uid=0)
Jun 15 04:06:19 combo su(pam_unix)[21416]: session closed for user cyrus
Jun 15 04:06:20 combo logrotate: ALERT exited abnormally with [1]
Jun 15 04:12:42 combo su(pam_unix)[22644]: session opened for user news by (uid=0)
Jun 15 04:12:43 combo su(pam_unix)[22644]: session closed for user news
Jun 15 12:12:34 combo sshd(pam_unix)[23397]: check pass; user unknown
Jun 15 12:12:34 combo sshd(pam_unix)[23397]: authentication failure; logname= uid=0 euid=0 tty=NODEVssh ruser= rhost=218.188.2.4
Jun 15 12:12:34 combo sshd(pam_unix)[23395]: check pass; user unknown
Jun 15 12:12:34 combo sshd(pam_unix)[23395]: authentication failure; logname= uid=0 euid=0 tty=NODEVssh ruser= rhost=218.188.2.4
Jun 15 12:12:34 combo sshd(pam_unix)[23404]: check pass; user unknown
Jun 15 12:12:34 combo sshd(pam_unix)[23404]: authentication failure; logname= uid=0 euid=0 tty=NODEVssh ruser= rhost=218.188.2.4
Jun 15 12:12:34 combo sshd(pam_unix)[23399]: check pass; user unknown
Jun 15 12:12:34 combo sshd(pam_unix)[23399]: authentication failure; logname= uid=0 euid=0 tty=NODEVssh ruser= rhost=218.188.2.4
Jun 15 12:12:34 combo sshd(pam_unix)[23406]: check pass; user unknown
Jun 15 12:12:34 combo sshd(pam_unix)[23406]: authentication failure; logname= uid=0 euid=0 tty=NODEVssh ruser= rhost=218.188.2.4
Jun 15 12:12:34 combo sshd(pam_unix)[23396]: check pass; user unknown
Jun 15 12:12:34 combo sshd(pam_unix)[23394]: check pass; user unknown
Jun 15 12:12:34 combo sshd(pam_unix)[23407]: check pass; user unknown
Jun 15 12:12:34 combo sshd(pam_unix)[23394]: authentication failure; logname= uid=0 euid=0 tty=NODEVssh ruser= rhost=218.188.2.4
Jun 15 12:12:34 combo sshd(pam_unix)[23403]: check pass; user unknown
Jun 15 12:12:34 combo sshd(pam_unix)[23396]: authentication failure; logname= uid=0 euid=0 tty=NODEVssh ruser= rhost=218.188.2.4
Jun 15 12:12:34 combo sshd(pam_unix)[23407]: authentication failure; logname= uid=0 euid=0 tty=NODEVssh ruser= rhost=218.188.2.4
Jun 15 12:12:34 combo sshd(pam_unix)[23403]: authentication failure; logname= uid=0 euid=0 tty=NODEVssh ruser= rhost=218.188.2.4
Jun 15 12:12:34 combo sshd(pam_unix)[23412]: check pass; user unknown
Jun 15 12:12:34 combo sshd(pam_unix)[23412]: authentication failure; logname= uid=0 euid=0 tty=NODEVssh ruser= rhost=218.188.2.4
Jun 15 12:13:19 combo sshd(pam_unix)[23414]: check pass; user unknown
Jun 15 12:13:19 combo sshd(pam_unix)[23414]: authentication failure; logname= uid=0 euid=0 tty=NODEVssh ruser= rhost=218.188.2.4
Jun 15 12:13:20 combo sshd(pam_unix)[23416]: check pass; user unknown
Jun 15 12:13:20 combo sshd(pam_unix)[23416]: authentication failure; logname= uid=0 euid=0 tty=NODEVssh ruser= rhost=218.188.2.4
Jun 15 14:53:32 combo sshd(pam_unix)[23661]: check pass; user unknown
Jun 15 14:53:32 combo sshd(pam_unix)[23661]: authentication failure; logname= uid=0 euid=0 tty=NODEVssh ruser= rhost=061092085098.ctinets.com
Jun 15 14:53:32 combo sshd(pam_unix)[23663]: check pass; user unknown
Jun 15 14:53:32 combo sshd(pam_unix)[23663]: authentication failure; logname= uid=0 euid=0 tty=NODEVssh ruser= rhost=061092085098.ctinets.com
Jun 15 14:53:32 combo sshd(pam_unix)[23664]: check pass; user unknown
Jun 15 14:53:32 combo sshd(pam_unix)[23664]: authentication failure; logname= uid=0 euid=0 tty=NODEVssh ruser= rhost=061092085098.ctinets.com
Jun 15 14:53:33 combo sshd(pam_unix)[23665]: check pass; user unknown
Jun 15 14:53:33 combo sshd(pam_unix)[23665]: authentication failure; logname= uid=0 euid=0 tty=NODEVssh ruser= rhost=061092085098.ctinets.com
Jun 15 14:53:34 combo sshd(pam_unix)[23669]: check pass; user unknown
Jun 15 14:53:34 combo sshd(pam_unix)[23669]: authentication failure; logname= uid=0 euid=0 tty=NODEVssh ruser= rhost=061092085098.ctinets.com
Jun 15 14:53:35 combo sshd(pam_unix)[23671]: check pass; user unknown
Jun 15 14:53:35 combo sshd(pam_unix)[23671]: authentication failure; logname= uid=0 euid=0 tty=NODEVssh ruser= rhost=061092085098.ctinets.com
Jun 15 14:53:35 combo sshd(pam_unix)[23673]: check pass; user unknown
Jun 15 14:53:35 combo sshd(pam_unix)[23673]: authentication failure; logname= uid=0 euid=0 tty=NODEVssh ruser= rhost=061092085098.ctinets.com
Jun 15 14:53:35 combo sshd(pam_unix)[23674]: check pass; user unknown
Jun 15 14:53:35 combo sshd(pam_unix)[23674]: authentication failure; logname= uid=0 euid=0 tty=NODEVssh ruser= rhost=061092085098.ctinets.com
Jun 15 14:53:36 combo sshd(pam_unix)[23678]: check pass; user unknown
Jun 15 14:53:36 combo sshd(pam_unix)[23678]: authentication failure; logname= uid=0 euid=0 tty=NODEVssh ruser= rhost=061092085098.ctinets.com
Jun 15 14:53:36 combo sshd(pam_unix)[23677]: check pass; user unknown
Jun 15 14:53:36 combo sshd(pam_unix)[23677]: authentication failure; logname= uid=0 euid=0 tty=NODEVssh ruser= rhost=061092085098.ctinets.com
Jun 15 20:05:31 combo sshd(pam_unix)[24138]: check pass; user unknown
Jun 15 20:05:31 combo sshd(pam_unix)[24138]: authentication failure; logname= uid=0 euid=0 tty=NODEVssh ruser= rhost=d211-116-254-214.rev.krline.net
Jun 15 20:05:31 combo sshd(pam_unix)[24137]: check pass; user unknown
Jun 15 20:05:31 combo sshd(pam_unix)[24137]: authentication failure; logname= uid=0 euid=0 tty=NODEVssh ruser= rhost=d211-116-254-214.rev.krline.net
Jun 15 20:05:31 combo sshd(pam_unix)[24141]: check pass; user unknown
Jun 15 20:05:31 combo sshd(pam_unix)[24141]: authentication failure; logname= uid=0 euid=0 tty=NODEVssh ruser= rhost=d211-116-254-214.rev.krline.net
Jun 15 20:05:31 combo sshd(pam_unix)[24140]: check pass; user unknown
Jun 15 20:05:31 combo sshd(pam_unix)[24140]: authentication failure; logname= uid=0 euid=0 tty=NODEVssh ruser= rhost=d211-116-254-214.rev.krline.net
Jun 15 20:05:31 combo sshd(pam_unix)[24139]: check pass; user unknown
Jun 15 20:05:31 combo sshd(pam_unix)[24139]: authentication failure; logname= uid=0 euid=0 tty=NODEVssh ruser= rhost=d211-116-254-214.rev.krline.net
Jun 16 04:10:22 combo su(pam_unix)[25178]: session opened for user cyrus by (uid=0)
Jun 16 04:10:23 combo su(pam_unix)[25178]: session closed for user cyrus
Jun 16 04:10:24 combo logrotate: ALERT exited abnormally with [1]
Jun 16 04:16:17 combo su(pam_unix)[25548]: session opened for user news by (uid=0)
Jun 16 04:16:18 combo su(pam_unix)[25548]: session closed for user news
Jun 17 04:03:33 combo su(pam_unix)[27953]: session opened for user cyrus by (uid=0)
Jun 17 04:03:34 combo su(pam_unix)[27953]: session closed for user cyrus
Jun 17 04:03:36 combo logrotate: ALERT exited abnormally with [1]
Jun 17 04:09:43 combo su(pam_unix)[29190]: session opened for user news by (uid=0)
Jun 17 04:09:45 combo su(pam_unix)[29190]: session closed for user news
Jun 17 07:07:00 combo ftpd[29504]: connection from 24.54.76.216 (24-54-76-216.bflony.adelphia.net) at Fri Jun 17 07:07:00 2005
Jun 17 07:07:00 combo ftpd[29508]: connection from 24.54.76.216 (24-54-76-216.bflony.adelphia.net) at Fri Jun 17 07:07:00 2005
Jun 17 07:07:00 combo ftpd[29507]: connection from 24.54.76.216 (24-54-76-216.bflony.adelphia.net) at Fri Jun 17 07:07:00 2005
Jun 17 07:07:00 combo ftpd[29505]: connection from 24.54.76.216 (24-54-76-216.bflony.adelphia.net) at Fri Jun 17 07:07:00 2005
Jun 17 07:07:00 combo ftpd[29506]: connection from 24.54.76.216 (24-54-76-216.bflony.adelphia.net) at Fri Jun 17 07:07:00 2005
Jun 17 07:07:00 combo ftpd[29509]: connection from 24.54.76.216 (24-54-76-216.bflony.adelphia.net) at Fri Jun 17 07:07:00 2005
Jun 17 07:07:02 combo ftpd[29510]: connection from 24.54.76.216 (24-54-76-216.bflony.adelphia.net) at Fri Jun 17 07:07:02 2005
Jun 17 07:07:04 combo ftpd[29511]: connection from 24.54.76.216 (24-54-76-216.bflony.adelphia.net) at Fri Jun 17 07:07:04 2005
Jun 17 19:43:13 combo sshd(pam_unix)[30565]: authentication failure; logname= uid=0 euid=0 tty=NODEVssh ruser= rhost=211.46.224.253  user=guest
Jun 17 20:29:26 combo sshd(pam_unix)[30631]: session opened for user test by (uid=509)
Jun 17 20:34:57 combo sshd(pam_unix)[30631]: session closed for user test
Jun 17 20:55:06 combo ftpd[30755]: connection from 82.252.162.81 (lns-vlq-45-tou-82-252-162-81.adsl.proxad.net) at Fri Jun 17 20:55:06 2005
Jun 17 20:55:06 combo ftpd[30754]: connection from 82.252.162.81 (lns-vlq-45-tou-82-252-162-81.adsl.proxad.net) at Fri Jun 17 20:55:06 2005
Jun 17 20:55:06 combo ftpd[30753]: connection from 82.252.162.81 (lns-vlq-45-tou-82-252-162-81.adsl.proxad.net) at Fri Jun 17 20:55:06 2005
Jun 17 20:55:06 combo ftpd[30756]: connection from 82.252.162.81 (lns-vlq-45-tou-82-252-162-81.adsl.proxad.net) at Fri Jun 17 20:55:06 2005
Jun 17 20:55:06 combo ftpd[30757]: connection from 82.252.162.81 (lns-vlq-45-tou-82-252-162-81.adsl.proxad.net) at Fri Jun 17 20:55:06 2005
Jun 17 20:55:07 combo ftpd[30758]: connection from 82.252.162.81 (lns-vlq-45-tou-82-252-162-81.adsl.proxad.net) at Fri Jun 17 20:55:07 2005
Jun 17 20:55:07 combo ftpd[30759]: connection from 82.252.162.81 (lns-vlq-45-tou-82-252-162-81.adsl.proxad.net) at Fri Jun 17 20:55:07 2005
Jun 18 01:30:59 combo sshd(pam_unix)[31201]: check pass; user unknown
Jun 18 01:30:59 combo sshd(pam_unix)[31201]: authentication failure; logname= uid=0 euid=0 tty=NODEVssh ruser= rhost=adsl-70-242-75-179.dsl.ksc2mo.swbell.net
Jun 18 01:30:59 combo sshd(pam_unix)[31199]: check pass; user unknown
Jun 18 01:30:59 combo sshd(pam_unix)[31199]: authentication failure; logname= uid=0 euid=0 tty=NODEVssh ruser= rhost=adsl-70-242-75-179.dsl.ksc2mo.swbell.net
Jun 18 01:30:59 combo sshd(pam_unix)[31198]: check pass; user unknown
Jun 18 01:30:59 combo sshd(pam_unix)[31198]: authentication failure; logname= uid=0 euid=0 tty=NODEVssh ruser= rhost=adsl-70-242-75-179.dsl.ksc2mo.swbell.net
Jun 18 01:30:59 combo sshd(pam_unix)[31202]: check pass; user unknown
Jun 18 01:30:59 combo sshd(pam_unix)[31202]: authentication failure; logname= uid=0 euid=0 tty=NODEVssh ruser= rhost=adsl-70-242-75-179.dsl.ksc2mo.swbell.net
Jun 18 01:30:59 combo sshd(pam_unix)[31205]: check pass; user unknown
Jun 18 01:30:59 combo sshd(pam_unix)[31205]: authentication failure; logname= uid=0 euid=0 tty=NODEVssh ruser= rhost=adsl-70-242-75-179.dsl.ksc2mo.swbell.net
Jun 18 01:30:59 combo sshd(pam_unix)[31200]: check pass; user unknown
Jun 18 01:30:59 combo sshd(pam_unix)[31200]: authentication failure; logname= uid=0 euid=0 tty=NODEVssh ruser= rhost=adsl-70-242-75-179.dsl.ksc2mo.swbell.net
Jun 18 01:30:59 combo sshd(pam_unix)[31206]: check pass; user unknown
Jun 18 01:30:59 combo sshd(pam_unix)[31206]: authentication failure; logname= uid=0 euid=0 tty=NODEVssh ruser= rhost=adsl-70-242-75-179.dsl.ksc2mo.swbell.net
Jun 18 01:30:59 combo sshd(pam_unix)[31204]: check pass; user unknown
INFO nova.compute.manager [req-d96524cb-6283-416d-95af-d47508fa2ec5] [instance: fa91d7de-0896-41e1-a733-0260d1e20e89] During sync_power_state the instance has a pending task (spawning). Skip.
INFO nova.virt.libvirt.driver [req-d66b9fae-ef2f-4a26-9a3c-cc2546fece08] [instance: e3704f12-9c67-4dbc-9c8a-ff413742f3d4] Creating image
INFO os_vif [req-0030dfc6-18d4-487a-9d70-69576efd716c] Successfully plugged vif VIFOpenVSwitch(active=False,address=fa:16:3e:10:02:d5,bridge_name='br-int',has_traffic_filtering=True,id=0909e467-abc5-46da-aa5e-5ad638e12e7a,network=Network(e1d05e71-2633-456c-a795-7824d1006934),plugin='ovs',port_profile=VIFPortProfileOpenVSwitch,preserve_on_delete=False,vif_name='tap0909e467-ab')
INFO oslo.privsep.daemon [req-d69a3cb3-66dd-4109-bb97-418a7773c6a0] Running privsep helper: ['sudo', 'nova-rootwrap', '/etc/nova/rootwrap.conf', 'privsep-helper', '--config-file', '/etc/nova/nova-cpu.conf', '--privsep_context', 'vif_plug_ovs.privsep.vif_plug', '--privsep_sock_path', '/tmp/tmp7h8w6_6v/privsep.sock']
INFO nova.compute.manager [req-d96524cb-6283-416d-95af-d47508fa2ec5] [instance: 30fccdc4-a449-47f4-b769-0aa8e7a52079] VM Started (Lifecycle Event)
INFO nova.compute.manager [req-d96524cb-6283-416d-95af-d47508fa2ec5] [instance: 30fccdc4-a449-47f4-b769-0aa8e7a52079] VM Paused (Lifecycle Event)
INFO nova.compute.manager [req-d96524cb-6283-416d-95af-d47508fa2ec5] [instance: 30fccdc4-a449-47f4-b769-0aa8e7a52079] During sync_power_state the instance has a pending task (spawning). Skip.
INFO oslo.privsep.daemon [req-d69a3cb3-66dd-4109-bb97-418a7773c6a0] Spawned new privsep daemon via rootwrap
INFO oslo.privsep.daemon [-] privsep daemon starting
INFO oslo.privsep.daemon [-] privsep process running with uid/gid: 0/0
INFO oslo.privsep.daemon [-] privsep process running with capabilities (eff/prm/inh): CAP_NET_ADMIN/CAP_NET_ADMIN/none
INFO oslo.privsep.daemon [-] privsep daemon running as pid 3795
INFO nova.compute.claims [req-72f006b7-52ce-4132-a1ff-7bc29c99637e] [instance: 08a6ad88-7537-4a6d-9da2-ddf8d6cc6ff3] Claim successful on node parisaserver
INFO os_vif [req-d66b9fae-ef2f-4a26-9a3c-cc2546fece08] Successfully plugged vif VIFOpenVSwitch(active=False,address=fa:16:3e:ee:f7:d3,bridge_name='br-int',has_traffic_filtering=True,id=92fa5515-1035-43a8-9a4b-918c8337e4a0,network=Network(e1d05e71-2633-456c-a795-7824d1006934),plugin='ovs',port_profile=VIFPortProfileOpenVSwitch,preserve_on_delete=False,vif_name='tap92fa5515-10')
INFO os_vif [req-d69a3cb3-66dd-4109-bb97-418a7773c6a0] Successfully unplugged vif VIFOpenVSwitch(active=False,address=fa:16:3e:72:a7:4e,bridge_name='br-int',has_traffic_filtering=True,id=6def45c7-598d-4775-9034-4deca6812f7a,network=Network(e1d05e71-2633-456c-a795-7824d1006934),plugin='ovs',port_profile=VIFPortProfileOpenVSwitch,preserve_on_delete=False,vif_name='tap6def45c7-59')
INFO nova.virt.libvirt.driver [req-d69a3cb3-66dd-4109-bb97-418a7773c6a0] [instance: fa91d7de-0896-41e1-a733-0260d1e20e89] Deleting instance files /opt/stack/data/nova/instances/fa91d7de-0896-41e1-a733-0260d1e20e89_del
INFO nova.virt.libvirt.driver [req-d69a3cb3-66dd-4109-bb97-418a7773c6a0] [instance: fa91d7de-0896-41e1-a733-0260d1e20e89] Deletion of /opt/stack/data/nova/instances/fa91d7de-0896-41e1-a733-0260d1e20e89_del complete
INFO nova.virt.libvirt.driver [req-72f006b7-52ce-4132-a1ff-7bc29c99637e] [instance: 08a6ad88-7537-4a6d-9da2-ddf8d6cc6ff3] Creating image
INFO os_vif [req-0030dfc6-18d4-487a-9d70-69576efd716c] Successfully unplugged vif VIFOpenVSwitch(active=False,address=fa:16:3e:10:02:d5,bridge_name='br-int',has_traffic_filtering=True,id=0909e467-abc5-46da-aa5e-5ad638e12e7a,network=Network(e1d05e71-2633-456c-a795-7824d1006934),plugin='ovs',port_profile=VIFPortProfileOpenVSwitch,preserve_on_delete=False,vif_name='tap0909e467-ab')
INFO nova.virt.libvirt.driver [req-0030dfc6-18d4-487a-9d70-69576efd716c] [instance: 30fccdc4-a449-47f4-b769-0aa8e7a52079] Deleting instance files /opt/stack/data/nova/instances/30fccdc4-a449-47f4-b769-0aa8e7a52079_del
INFO nova.virt.libvirt.driver [req-0030dfc6-18d4-487a-9d70-69576efd716c] [instance: 30fccdc4-a449-47f4-b769-0aa8e7a52079] Deletion of /opt/stack/data/nova/instances/30fccdc4-a449-47f4-b769-0aa8e7a52079_del complete
ERROR nova.compute.manager [req-d69a3cb3-66dd-4109-bb97-418a7773c6a0] [instance: fa91d7de-0896-41e1-a733-0260d1e20e89] Instance failed to spawn: nova.exception.VirtualInterfaceCreateException: Virtual Interface creation failed
INFO nova.compute.manager [req-d69a3cb3-66dd-4109-bb97-418a7773c6a0] [instance: fa91d7de-0896-41e1-a733-0260d1e20e89] Terminating instance
INFO nova.virt.libvirt.driver [-] [instance: fa91d7de-0896-41e1-a733-0260d1e20e89] Instance destroyed successfully.
INFO os_vif [req-d69a3cb3-66dd-4109-bb97-418a7773c6a0] Successfully unplugged vif VIFOpenVSwitch(active=False,address=fa:16:3e:72:a7:4e,bridge_name='br-int',has_traffic_filtering=True,id=6def45c7-598d-4775-9034-4deca6812f7a,network=Network(e1d05e71-2633-456c-a795-7824d1006934),plugin='ovs',port_profile=VIFPortProfileOpenVSwitch,preserve_on_delete=False,vif_name='tap6def45c7-59')
INFO nova.virt.libvirt.driver [req-d69a3cb3-66dd-4109-bb97-418a7773c6a0] [instance: fa91d7de-0896-41e1-a733-0260d1e20e89] Deletion of /opt/stack/data/nova/instances/fa91d7de-0896-41e1-a733-0260d1e20e89_del complete
ERROR nova.compute.manager [req-0030dfc6-18d4-487a-9d70-69576efd716c] [instance: 30fccdc4-a449-47f4-b769-0aa8e7a52079] Instance failed to spawn: nova.exception.VirtualInterfaceCreateException: Virtual Interface creation failed
INFO nova.compute.manager [req-0030dfc6-18d4-487a-9d70-69576efd716c] [instance: 30fccdc4-a449-47f4-b769-0aa8e7a52079] Terminating instance
INFO nova.virt.libvirt.driver [-] [instance: 30fccdc4-a449-47f4-b769-0aa8e7a52079] Instance destroyed successfully.
INFO os_vif [req-0030dfc6-18d4-487a-9d70-69576efd716c] Successfully unplugged vif VIFOpenVSwitch(active=False,address=fa:16:3e:10:02:d5,bridge_name='br-int',has_traffic_filtering=True,id=0909e467-abc5-46da-aa5e-5ad638e12e7a,network=Network(e1d05e71-2633-456c-a795-7824d1006934),plugin='ovs',port_profile=VIFPortProfileOpenVSwitch,preserve_on_delete=False,vif_name='tap0909e467-ab')
INFO nova.virt.libvirt.driver [req-0030dfc6-18d4-487a-9d70-69576efd716c] [instance: 30fccdc4-a449-47f4-b769-0aa8e7a52079] Deletion of /opt/stack/data/nova/instances/30fccdc4-a449-47f4-b769-0aa8e7a52079_del complete
INFO nova.compute.manager [req-d69a3cb3-66dd-4109-bb97-418a7773c6a0] [instance: fa91d7de-0896-41e1-a733-0260d1e20e89] Took 0.57 seconds to destroy the instance on the hypervisor.
INFO nova.compute.manager [req-0030dfc6-18d4-487a-9d70-69576efd716c] [instance: 30fccdc4-a449-47f4-b769-0aa8e7a52079] Took 0.70 seconds to destroy the instance on the hypervisor.
ERROR nova.compute.manager [req-d69a3cb3-66dd-4109-bb97-418a7773c6a0] [instance: fa91d7de-0896-41e1-a733-0260d1e20e89] Failed to allocate network(s): nova.exception.VirtualInterfaceCreateException: Virtual Interface creation failed
ERROR nova.compute.manager [req-d69a3cb3-66dd-4109-bb97-418a7773c6a0] [instance: fa91d7de-0896-41e1-a733-0260d1e20e89] Build of instance fa91d7de-0896-41e1-a733-0260d1e20e89 aborted: Failed to allocate the network(s), not rescheduling.: nova.exception.BuildAbortException: Build of instance fa91d7de-0896-41e1-a733-0260d1e20e89 aborted: Failed to allocate the network(s), not rescheduling.
INFO os_vif [req-d69a3cb3-66dd-4109-bb97-418a7773c6a0] Successfully unplugged vif VIFOpenVSwitch(active=False,address=fa:16:3e:72:a7:4e,bridge_name='br-int',has_traffic_filtering=True,id=6def45c7-598d-4775-9034-4deca6812f7a,network=Network(e1d05e71-2633-456c-a795-7824d1006934),plugin='ovs',port_profile=VIFPortProfileOpenVSwitch,preserve_on_delete=False,vif_name='tap6def45c7-59')
INFO nova.compute.manager [req-d96524cb-6283-416d-95af-d47508fa2ec5] [instance: e3704f12-9c67-4dbc-9c8a-ff413742f3d4] VM Started (Lifecycle Event)
ERROR nova.compute.manager [req-0030dfc6-18d4-487a-9d70-69576efd716c] [instance: 30fccdc4-a449-47f4-b769-0aa8e7a52079] Failed to allocate network(s): nova.exception.VirtualInterfaceCreateException: Virtual Interface creation failed
ERROR nova.compute.manager [req-0030dfc6-18d4-487a-9d70-69576efd716c] [instance: 30fccdc4-a449-47f4-b769-0aa8e7a52079] Build of instance 30fccdc4-a449-47f4-b769-0aa8e7a52079 aborted: Failed to allocate the network(s), not rescheduling.: nova.exception.BuildAbortException: Build of instance 30fccdc4-a449-47f4-b769-0aa8e7a52079 aborted: Failed to allocate the network(s), not rescheduling.
INFO os_vif [req-0030dfc6-18d4-487a-9d70-69576efd716c] Successfully unplugged vif VIFOpenVSwitch(active=False,address=fa:16:3e:10:02:d5,bridge_name='br-int',has_traffic_filtering=True,id=0909e467-abc5-46da-aa5e-5ad638e12e7a,network=Network(e1d05e71-2633-456c-a795-7824d1006934),plugin='ovs',port_profile=VIFPortProfileOpenVSwitch,preserve_on_delete=False,vif_name='tap0909e467-ab')
INFO nova.compute.manager [req-d96524cb-6283-416d-95af-d47508fa2ec5] [instance: e3704f12-9c67-4dbc-9c8a-ff413742f3d4] VM Paused (Lifecycle Event)
INFO nova.compute.manager [req-d96524cb-6283-416d-95af-d47508fa2ec5] [instance: e3704f12-9c67-4dbc-9c8a-ff413742f3d4] During sync_power_state the instance has a pending task (spawning). Skip.
INFO nova.compute.manager [req-d69a3cb3-66dd-4109-bb97-418a7773c6a0] [instance: fa91d7de-0896-41e1-a733-0260d1e20e89] Took 2.75 seconds to deallocate network for instance.
INFO nova.compute.manager [req-0030dfc6-18d4-487a-9d70-69576efd716c] [instance: 30fccdc4-a449-47f4-b769-0aa8e7a52079] Took 2.22 seconds to deallocate network for instance.
INFO nova.scheduler.client.report [req-d69a3cb3-66dd-4109-bb97-418a7773c6a0] Deleted allocation for instance fa91d7de-0896-41e1-a733-0260d1e20e89
INFO nova.scheduler.client.report [req-0030dfc6-18d4-487a-9d70-69576efd716c] Deleted allocation for instance 30fccdc4-a449-47f4-b769-0aa8e7a52079
INFO os_vif [req-d66b9fae-ef2f-4a26-9a3c-cc2546fece08] Successfully unplugged vif VIFOpenVSwitch(active=False,address=fa:16:3e:ee:f7:d3,bridge_name='br-int',has_traffic_filtering=True,id=92fa5515-1035-43a8-9a4b-918c8337e4a0,network=Network(e1d05e71-2633-456c-a795-7824d1006934),plugin='ovs',port_profile=VIFPortProfileOpenVSwitch,preserve_on_delete=False,vif_name='tap92fa5515-10')
INFO nova.virt.libvirt.driver [req-d66b9fae-ef2f-4a26-9a3c-cc2546fece08] [instance: e3704f12-9c67-4dbc-9c8a-ff413742f3d4] Deleting instance files /opt/stack/data/nova/instances/e3704f12-9c67-4dbc-9c8a-ff413742f3d4_del
INFO nova.virt.libvirt.driver [req-d66b9fae-ef2f-4a26-9a3c-cc2546fece08] [instance: e3704f12-9c67-4dbc-9c8a-ff413742f3d4] Deletion of /opt/stack/data/nova/instances/e3704f12-9c67-4dbc-9c8a-ff413742f3d4_del complete
INFO os_vif [req-72f006b7-52ce-4132-a1ff-7bc29c99637e] Successfully plugged vif VIFOpenVSwitch(active=False,address=fa:16:3e:f5:11:fe,bridge_name='br-int',has_traffic_filtering=True,id=35ca360f-2270-43ad-8a21-823c5d074473,network=Network(e1d05e71-2633-456c-a795-7824d1006934),plugin='ovs',port_profile=VIFPortProfileOpenVSwitch,preserve_on_delete=False,vif_name='tap35ca360f-22')
ERROR nova.compute.manager [req-d66b9fae-ef2f-4a26-9a3c-cc2546fece08] [instance: e3704f12-9c67-4dbc-9c8a-ff413742f3d4] Instance failed to spawn: nova.exception.VirtualInterfaceCreateException: Virtual Interface creation failed
INFO nova.compute.manager [req-d66b9fae-ef2f-4a26-9a3c-cc2546fece08] [instance: e3704f12-9c67-4dbc-9c8a-ff413742f3d4] Terminating instance
INFO nova.virt.libvirt.driver [-] [instance: e3704f12-9c67-4dbc-9c8a-ff413742f3d4] Instance destroyed successfully.
INFO os_vif [req-d66b9fae-ef2f-4a26-9a3c-cc2546fece08] Successfully unplugged vif VIFOpenVSwitch(active=False,address=fa:16:3e:ee:f7:d3,bridge_name='br-int',has_traffic_filtering=True,id=92fa5515-1035-43a8-9a4b-918c8337e4a0,network=Network(e1d05e71-2633-456c-a795-7824d1006934),plugin='ovs',port_profile=VIFPortProfileOpenVSwitch,preserve_on_delete=False,vif_name='tap92fa5515-10')
INFO nova.virt.libvirt.driver [req-d66b9fae-ef2f-4a26-9a3c-cc2546fece08] [instance: e3704f12-9c67-4dbc-9c8a-ff413742f3d4] Deletion of /opt/stack/data/nova/instances/e3704f12-9c67-4dbc-9c8a-ff413742f3d4_del complete
INFO nova.compute.manager [req-d66b9fae-ef2f-4a26-9a3c-cc2546fece08] [instance: e3704f12-9c67-4dbc-9c8a-ff413742f3d4] Took 0.28 seconds to destroy the instance on the hypervisor.
ERROR nova.compute.manager [req-d66b9fae-ef2f-4a26-9a3c-cc2546fece08] [instance: e3704f12-9c67-4dbc-9c8a-ff413742f3d4] Failed to allocate network(s): nova.exception.VirtualInterfaceCreateException: Virtual Interface creation failed
ERROR nova.compute.manager [req-d66b9fae-ef2f-4a26-9a3c-cc2546fece08] [instance: e3704f12-9c67-4dbc-9c8a-ff413742f3d4] Build of instance e3704f12-9c67-4dbc-9c8a-ff413742f3d4 aborted: Failed to allocate the network(s), not rescheduling.: nova.exception.BuildAbortException: Build of instance e3704f12-9c67-4dbc-9c8a-ff413742f3d4 aborted: Failed to allocate the network(s), not rescheduling.
INFO os_vif [req-d66b9fae-ef2f-4a26-9a3c-cc2546fece08] Successfully unplugged vif VIFOpenVSwitch(active=False,address=fa:16:3e:ee:f7:d3,bridge_name='br-int',has_traffic_filtering=True,id=92fa5515-1035-43a8-9a4b-918c8337e4a0,network=Network(e1d05e71-2633-456c-a795-7824d1006934),plugin='ovs',port_profile=VIFPortProfileOpenVSwitch,preserve_on_delete=False,vif_name='tap92fa5515-10')
INFO nova.compute.manager [-] [instance: fa91d7de-0896-41e1-a733-0260d1e20e89] VM Stopped (Lifecycle Event)
INFO nova.compute.manager [req-d66b9fae-ef2f-4a26-9a3c-cc2546fece08] [instance: e3704f12-9c67-4dbc-9c8a-ff413742f3d4] Took 2.19 seconds to deallocate network for instance.
INFO nova.compute.manager [req-d96524cb-6283-416d-95af-d47508fa2ec5] [instance: 08a6ad88-7537-4a6d-9da2-ddf8d6cc6ff3] VM Started (Lifecycle Event)
INFO nova.compute.claims [req-9fcc91e2-5fb3-4e25-a5f7-7b0f2a4d534d] [instance: 244db2cc-c435-494f-bd4d-6140c8405f80] Claim successful on node parisaserver
INFO nova.compute.manager [req-d96524cb-6283-416d-95af-d47508fa2ec5] [instance: 08a6ad88-7537-4a6d-9da2-ddf8d6cc6ff3] VM Paused (Lifecycle Event)
INFO nova.scheduler.client.report [req-d66b9fae-ef2f-4a26-9a3c-cc2546fece08] Deleted allocation for instance e3704f12-9c67-4dbc-9c8a-ff413742f3d4
INFO nova.compute.manager [req-d96524cb-6283-416d-95af-d47508fa2ec5] [instance: 08a6ad88-7537-4a6d-9da2-ddf8d6cc6ff3] During sync_power_state the instance has a pending task (spawning). Skip.
INFO nova.virt.libvirt.driver [req-9fcc91e2-5fb3-4e25-a5f7-7b0f2a4d534d] [instance: 244db2cc-c435-494f-bd4d-6140c8405f80] Creating image
INFO os_vif [req-72f006b7-52ce-4132-a1ff-7bc29c99637e] Successfully unplugged vif VIFOpenVSwitch(active=False,address=fa:16:3e:f5:11:fe,bridge_name='br-int',has_traffic_filtering=True,id=35ca360f-2270-43ad-8a21-823c5d074473,network=Network(e1d05e71-2633-456c-a795-7824d1006934),plugin='ovs',port_profile=VIFPortProfileOpenVSwitch,preserve_on_delete=False,vif_name='tap35ca360f-22')
INFO nova.virt.libvirt.driver [req-72f006b7-52ce-4132-a1ff-7bc29c99637e] [instance: 08a6ad88-7537-4a6d-9da2-ddf8d6cc6ff3] Deleting instance files /opt/stack/data/nova/instances/08a6ad88-7537-4a6d-9da2-ddf8d6cc6ff3_del
INFO nova.virt.libvirt.driver [req-72f006b7-52ce-4132-a1ff-7bc29c99637e] [instance: 08a6ad88-7537-4a6d-9da2-ddf8d6cc6ff3] Deletion of /opt/stack/data/nova/instances/08a6ad88-7537-4a6d-9da2-ddf8d6cc6ff3_del complete
ERROR nova.compute.manager [req-72f006b7-52ce-4132-a1ff-7bc29c99637e] [instance: 08a6ad88-7537-4a6d-9da2-ddf8d6cc6ff3] Instance failed to spawn: nova.exception.VirtualInterfaceCreateException: Virtual Interface creation failed
INFO nova.compute.manager [req-72f006b7-52ce-4132-a1ff-7bc29c99637e] [instance: 08a6ad88-7537-4a6d-9da2-ddf8d6cc6ff3] Terminating instance
INFO nova.virt.libvirt.driver [-] [instance: 08a6ad88-7537-4a6d-9da2-ddf8d6cc6ff3] Instance destroyed successfully.
INFO os_vif [req-72f006b7-52ce-4132-a1ff-7bc29c99637e] Successfully unplugged vif VIFOpenVSwitch(active=False,address=fa:16:3e:f5:11:fe,bridge_name='br-int',has_traffic_filtering=True,id=35ca360f-2270-43ad-8a21-823c5d074473,network=Network(e1d05e71-2633-456c-a795-7824d1006934),plugin='ovs',port_profile=VIFPortProfileOpenVSwitch,preserve_on_delete=False,vif_name='tap35ca360f-22')
INFO nova.virt.libvirt.driver [req-72f006b7-52ce-4132-a1ff-7bc29c99637e] [instance: 08a6ad88-7537-4a6d-9da2-ddf8d6cc6ff3] Deletion of /opt/stack/data/nova/instances/08a6ad88-7537-4a6d-9da2-ddf8d6cc6ff3_del complete
INFO nova.compute.manager [req-72f006b7-52ce-4132-a1ff-7bc29c99637e] [instance: 08a6ad88-7537-4a6d-9da2-ddf8d6cc6ff3] Took 0.19 seconds to destroy the instance on the hypervisor.
ERROR nova.compute.manager [req-72f006b7-52ce-4132-a1ff-7bc29c99637e] [instance: 08a6ad88-7537-4a6d-9da2-ddf8d6cc6ff3] Failed to allocate network(s): nova.exception.VirtualInterfaceCreateException: Virtual Interface creation failed
ERROR nova.compute.manager [req-72f006b7-52ce-4132-a1ff-7bc29c99637e] [instance: 08a6ad88-7537-4a6d-9da2-ddf8d6cc6ff3] Build of instance 08a6ad88-7537-4a6d-9da2-ddf8d6cc6ff3 aborted: Failed to allocate the network(s), not rescheduling.: nova.exception.BuildAbortException: Build of instance 08a6ad88-7537-4a6d-9da2-ddf8d6cc6ff3 aborted: Failed to allocate the network(s), not rescheduling.
INFO os_vif [req-72f006b7-52ce-4132-a1ff-7bc29c99637e] Successfully unplugged vif VIFOpenVSwitch(active=False,address=fa:16:3e:f5:11:fe,bridge_name='br-int',has_traffic_filtering=True,id=35ca360f-2270-43ad-8a21-823c5d074473,network=Network(e1d05e71-2633-456c-a795-7824d1006934),plugin='ovs',port_profile=VIFPortProfileOpenVSwitch,preserve_on_delete=False,vif_name='tap35ca360f-22')
INFO nova.compute.claims [req-649ecb82-6cd3-4a09-b843-6b8e3ef701f1] [instance: 27fdf96f-82d3-4ec7-a84e-401d147b8c94] Claim successful on node parisaserver
INFO nova.compute.manager [-] [instance: 30fccdc4-a449-47f4-b769-0aa8e7a52079] VM Stopped (Lifecycle Event)
INFO nova.virt.libvirt.driver [req-649ecb82-6cd3-4a09-b843-6b8e3ef701f1] [instance: 27fdf96f-82d3-4ec7-a84e-401d147b8c94] Creating image
INFO nova.compute.manager [req-72f006b7-52ce-4132-a1ff-7bc29c99637e] [instance: 08a6ad88-7537-4a6d-9da2-ddf8d6cc6ff3] Took 3.12 seconds to deallocate network for instance.
INFO os_vif [req-9fcc91e2-5fb3-4e25-a5f7-7b0f2a4d534d] Successfully plugged vif VIFOpenVSwitch(active=False,address=fa:16:3e:72:b0:91,bridge_name='br-int',has_traffic_filtering=True,id=4da9075b-2005-4ee4-810b-d9c6cacdfbe8,network=Network(e1d05e71-2633-456c-a795-7824d1006934),plugin='ovs',port_profile=VIFPortProfileOpenVSwitch,preserve_on_delete=False,vif_name='tap4da9075b-20')
INFO nova.scheduler.client.report [req-72f006b7-52ce-4132-a1ff-7bc29c99637e] Deleted allocation for instance 08a6ad88-7537-4a6d-9da2-ddf8d6cc6ff3
INFO nova.compute.manager [req-d96524cb-6283-416d-95af-d47508fa2ec5] [instance: 244db2cc-c435-494f-bd4d-6140c8405f80] VM Started (Lifecycle Event)
INFO nova.compute.manager [req-d96524cb-6283-416d-95af-d47508fa2ec5] [instance: 244db2cc-c435-494f-bd4d-6140c8405f80] VM Paused (Lifecycle Event)
INFO nova.compute.manager [req-d96524cb-6283-416d-95af-d47508fa2ec5] [instance: 244db2cc-c435-494f-bd4d-6140c8405f80] During sync_power_state the instance has a pending task (spawning). Skip.
INFO os_vif [req-649ecb82-6cd3-4a09-b843-6b8e3ef701f1] Successfully plugged vif VIFOpenVSwitch(active=False,address=fa:16:3e:d9:8f:33,bridge_name='br-int',has_traffic_filtering=True,id=74dc57a4-508c-456c-903d-9b3d3eac6539,network=Network(e1d05e71-2633-456c-a795-7824d1006934),plugin='ovs',port_profile=VIFPortProfileOpenVSwitch,preserve_on_delete=False,vif_name='tap74dc57a4-50')
INFO nova.compute.manager [-] [instance: e3704f12-9c67-4dbc-9c8a-ff413742f3d4] VM Stopped (Lifecycle Event)
INFO nova.compute.claims [req-0d3a43f0-1e46-474a-99f1-02a372c5208a] [instance: 24528839-511e-4067-8ab6-0cde340c9efc] Claim successful on node parisaserver
INFO nova.virt.libvirt.driver [req-0d3a43f0-1e46-474a-99f1-02a372c5208a] [instance: 24528839-511e-4067-8ab6-0cde340c9efc] Creating image
INFO os_vif [req-9fcc91e2-5fb3-4e25-a5f7-7b0f2a4d534d] Successfully unplugged vif VIFOpenVSwitch(active=False,address=fa:16:3e:72:b0:91,bridge_name='br-int',has_traffic_filtering=True,id=4da9075b-2005-4ee4-810b-d9c6cacdfbe8,network=Network(e1d05e71-2633-456c-a795-7824d1006934),plugin='ovs',port_profile=VIFPortProfileOpenVSwitch,preserve_on_delete=False,vif_name='tap4da9075b-20')
INFO nova.virt.libvirt.driver [req-9fcc91e2-5fb3-4e25-a5f7-7b0f2a4d534d] [instance: 244db2cc-c435-494f-bd4d-6140c8405f80] Deleting instance files /opt/stack/data/nova/instances/244db2cc-c435-494f-bd4d-6140c8405f80_del
INFO nova.virt.libvirt.driver [req-9fcc91e2-5fb3-4e25-a5f7-7b0f2a4d534d] [instance: 244db2cc-c435-494f-bd4d-6140c8405f80] Deletion of /opt/stack/data/nova/instances/244db2cc-c435-494f-bd4d-6140c8405f80_del complete
ERROR nova.compute.manager [req-9fcc91e2-5fb3-4e25-a5f7-7b0f2a4d534d] [instance: 244db2cc-c435-494f-bd4d-6140c8405f80] Instance failed to spawn: nova.exception.VirtualInterfaceCreateException: Virtual Interface creation failed
INFO nova.compute.manager [req-9fcc91e2-5fb3-4e25-a5f7-7b0f2a4d534d] [instance: 244db2cc-c435-494f-bd4d-6140c8405f80] Terminating instance
INFO nova.virt.libvirt.driver [-] [instance: 244db2cc-c435-494f-bd4d-6140c8405f80] Instance destroyed successfully.
INFO os_vif [req-9fcc91e2-5fb3-4e25-a5f7-7b0f2a4d534d] Successfully unplugged vif VIFOpenVSwitch(active=False,address=fa:16:3e:72:b0:91,bridge_name='br-int',has_traffic_filtering=True,id=4da9075b-2005-4ee4-810b-d9c6cacdfbe8,network=Network(e1d05e71-2633-456c-a795-7824d1006934),plugin='ovs',port_profile=VIFPortProfileOpenVSwitch,preserve_on_delete=False,vif_name='tap4da9075b-20')
INFO nova.virt.libvirt.driver [req-9fcc91e2-5fb3-4e25-a5f7-7b0f2a4d534d] [instance: 244db2cc-c435-494f-bd4d-6140c8405f80] Deletion of /opt/stack/data/nova/instances/244db2cc-c435-494f-bd4d-6140c8405f80_del complete
INFO nova.compute.manager [req-9fcc91e2-5fb3-4e25-a5f7-7b0f2a4d534d] [instance: 244db2cc-c435-494f-bd4d-6140c8405f80] Took 0.46 seconds to destroy the instance on the hypervisor.
INFO nova.compute.manager [req-d96524cb-6283-416d-95af-d47508fa2ec5] [instance: 27fdf96f-82d3-4ec7-a84e-401d147b8c94] VM Started (Lifecycle Event)
ERROR nova.compute.manager [req-9fcc91e2-5fb3-4e25-a5f7-7b0f2a4d534d] [instance: 244db2cc-c435-494f-bd4d-6140c8405f80] Failed to allocate network(s): nova.exception.VirtualInterfaceCreateException: Virtual Interface creation failed
INFO nova.compute.manager [req-d96524cb-6283-416d-95af-d47508fa2ec5] [instance: 27fdf96f-82d3-4ec7-a84e-401d147b8c94] VM Paused (Lifecycle Event)
ERROR nova.compute.manager [req-9fcc91e2-5fb3-4e25-a5f7-7b0f2a4d534d] [instance: 244db2cc-c435-494f-bd4d-6140c8405f80] Build of instance 244db2cc-c435-494f-bd4d-6140c8405f80 aborted: Failed to allocate the network(s), not rescheduling.: nova.exception.BuildAbortException: Build of instance 244db2cc-c435-494f-bd4d-6140c8405f80 aborted: Failed to allocate the network(s), not rescheduling.
INFO os_vif [req-9fcc91e2-5fb3-4e25-a5f7-7b0f2a4d534d] Successfully unplugged vif VIFOpenVSwitch(active=False,address=fa:16:3e:72:b0:91,bridge_name='br-int',has_traffic_filtering=True,id=4da9075b-2005-4ee4-810b-d9c6cacdfbe8,network=Network(e1d05e71-2633-456c-a795-7824d1006934),plugin='ovs',port_profile=VIFPortProfileOpenVSwitch,preserve_on_delete=False,vif_name='tap4da9075b-20')
INFO nova.compute.manager [req-d96524cb-6283-416d-95af-d47508fa2ec5] [instance: 27fdf96f-82d3-4ec7-a84e-401d147b8c94] During sync_power_state the instance has a pending task (spawning). Skip.
INFO nova.compute.manager [req-9fcc91e2-5fb3-4e25-a5f7-7b0f2a4d534d] [instance: 244db2cc-c435-494f-bd4d-6140c8405f80] Took 1.57 seconds to deallocate network for instance.
INFO nova.scheduler.client.report [req-9fcc91e2-5fb3-4e25-a5f7-7b0f2a4d534d] Deleted allocation for instance 244db2cc-c435-494f-bd4d-6140c8405f80
INFO os_vif [req-649ecb82-6cd3-4a09-b843-6b8e3ef701f1] Successfully unplugged vif VIFOpenVSwitch(active=False,address=fa:16:3e:d9:8f:33,bridge_name='br-int',has_traffic_filtering=True,id=74dc57a4-508c-456c-903d-9b3d3eac6539,network=Network(e1d05e71-2633-456c-a795-7824d1006934),plugin='ovs',port_profile=VIFPortProfileOpenVSwitch,preserve_on_delete=False,vif_name='tap74dc57a4-50')
INFO nova.virt.libvirt.driver [req-649ecb82-6cd3-4a09-b843-6b8e3ef701f1] [instance: 27fdf96f-82d3-4ec7-a84e-401d147b8c94] Deleting instance files /opt/stack/data/nova/instances/27fdf96f-82d3-4ec7-a84e-401d147b8c94_del
INFO nova.virt.libvirt.driver [req-649ecb82-6cd3-4a09-b843-6b8e3ef701f1] [instance: 27fdf96f-82d3-4ec7-a84e-401d147b8c94] Deletion of /opt/stack/data/nova/instances/27fdf96f-82d3-4ec7-a84e-401d147b8c94_del complete
INFO os_vif [req-0d3a43f0-1e46-474a-99f1-02a372c5208a] Successfully plugged vif VIFOpenVSwitch(active=False,address=fa:16:3e:ce:1d:be,bridge_name='br-int',has_traffic_filtering=True,id=739f54aa-84a8-47e7-a5ea-dddda82849fa,network=Network(e1d05e71-2633-456c-a795-7824d1006934),plugin='ovs',port_profile=VIFPortProfileOpenVSwitch,preserve_on_delete=False,vif_name='tap739f54aa-84')
ERROR nova.compute.manager [req-649ecb82-6cd3-4a09-b843-6b8e3ef701f1] [instance: 27fdf96f-82d3-4ec7-a84e-401d147b8c94] Instance failed to spawn: nova.exception.VirtualInterfaceCreateException: Virtual Interface creation failed
INFO nova.compute.manager [req-649ecb82-6cd3-4a09-b843-6b8e3ef701f1] [instance: 27fdf96f-82d3-4ec7-a84e-401d147b8c94] Terminating instance
INFO nova.virt.libvirt.driver [-] [instance: 27fdf96f-82d3-4ec7-a84e-401d147b8c94] Instance destroyed successfully.
INFO os_vif [req-649ecb82-6cd3-4a09-b843-6b8e3ef701f1] Successfully unplugged vif VIFOpenVSwitch(active=False,address=fa:16:3e:d9:8f:33,bridge_name='br-int',has_traffic_filtering=True,id=74dc57a4-508c-456c-903d-9b3d3eac6539,network=Network(e1d05e71-2633-456c-a795-7824d1006934),plugin='ovs',port_profile=VIFPortProfileOpenVSwitch,preserve_on_delete=False,vif_name='tap74dc57a4-50')
INFO nova.virt.libvirt.driver [req-649ecb82-6cd3-4a09-b843-6b8e3ef701f1] [instance: 27fdf96f-82d3-4ec7-a84e-401d147b8c94] Deletion of /opt/stack/data/nova/instances/27fdf96f-82d3-4ec7-a84e-401d147b8c94_del complete
INFO nova.compute.manager [req-649ecb82-6cd3-4a09-b843-6b8e3ef701f1] [instance: 27fdf96f-82d3-4ec7-a84e-401d147b8c94] Took 0.16 seconds to destroy the instance on the hypervisor.
INFO nova.compute.manager [-] [instance: 08a6ad88-7537-4a6d-9da2-ddf8d6cc6ff3] VM Stopped (Lifecycle Event)
ERROR nova.compute.manager [req-649ecb82-6cd3-4a09-b843-6b8e3ef701f1] [instance: 27fdf96f-82d3-4ec7-a84e-401d147b8c94] Failed to allocate network(s): nova.exception.VirtualInterfaceCreateException: Virtual Interface creation failed
ERROR nova.compute.manager [req-649ecb82-6cd3-4a09-b843-6b8e3ef701f1] [instance: 27fdf96f-82d3-4ec7-a84e-401d147b8c94] Build of instance 27fdf96f-82d3-4ec7-a84e-401d147b8c94 aborted: Failed to allocate the network(s), not rescheduling.: nova.exception.BuildAbortException: Build of instance 27fdf96f-82d3-4ec7-a84e-401d147b8c94 aborted: Failed to allocate the network(s), not rescheduling.
INFO os_vif [req-649ecb82-6cd3-4a09-b843-6b8e3ef701f1] Successfully unplugged vif VIFOpenVSwitch(active=False,address=fa:16:3e:d9:8f:33,bridge_name='br-int',has_traffic_filtering=True,id=74dc57a4-508c-456c-903d-9b3d3eac6539,network=Network(e1d05e71-2633-456c-a795-7824d1006934),plugin='ovs',port_profile=VIFPortProfileOpenVSwitch,preserve_on_delete=False,vif_name='tap74dc57a4-50')
INFO nova.compute.manager [req-649ecb82-6cd3-4a09-b843-6b8e3ef701f1] [instance: 27fdf96f-82d3-4ec7-a84e-401d147b8c94] Took 1.68 seconds to deallocate network for instance.
INFO nova.compute.claims [req-4924f471-e167-4034-b316-85cb3c099d0f] [instance: 3f5bc6b3-47c0-4e5d-ab91-fb46e3c7bcea] Claim successful on node parisaserver
INFO nova.scheduler.client.report [req-649ecb82-6cd3-4a09-b843-6b8e3ef701f1] Deleted allocation for instance 27fdf96f-82d3-4ec7-a84e-401d147b8c94
INFO nova.compute.manager [req-d96524cb-6283-416d-95af-d47508fa2ec5] [instance: 24528839-511e-4067-8ab6-0cde340c9efc] VM Started (Lifecycle Event)
INFO nova.compute.manager [req-d96524cb-6283-416d-95af-d47508fa2ec5] [instance: 24528839-511e-4067-8ab6-0cde340c9efc] VM Paused (Lifecycle Event)
INFO nova.compute.manager [req-d96524cb-6283-416d-95af-d47508fa2ec5] [instance: 24528839-511e-4067-8ab6-0cde340c9efc] During sync_power_state the instance has a pending task (spawning). Skip.
INFO nova.virt.libvirt.driver [req-4924f471-e167-4034-b316-85cb3c099d0f] [instance: 3f5bc6b3-47c0-4e5d-ab91-fb46e3c7bcea] Creating image
INFO os_vif [req-0d3a43f0-1e46-474a-99f1-02a372c5208a] Successfully unplugged vif VIFOpenVSwitch(active=False,address=fa:16:3e:ce:1d:be,bridge_name='br-int',has_traffic_filtering=True,id=739f54aa-84a8-47e7-a5ea-dddda82849fa,network=Network(e1d05e71-2633-456c-a795-7824d1006934),plugin='ovs',port_profile=VIFPortProfileOpenVSwitch,preserve_on_delete=False,vif_name='tap739f54aa-84')
INFO nova.virt.libvirt.driver [req-0d3a43f0-1e46-474a-99f1-02a372c5208a] [instance: 24528839-511e-4067-8ab6-0cde340c9efc] Deleting instance files /opt/stack/data/nova/instances/24528839-511e-4067-8ab6-0cde340c9efc_del
INFO nova.virt.libvirt.driver [req-0d3a43f0-1e46-474a-99f1-02a372c5208a] [instance: 24528839-511e-4067-8ab6-0cde340c9efc] Deletion of /opt/stack/data/nova/instances/24528839-511e-4067-8ab6-0cde340c9efc_del complete
ERROR nova.compute.manager [req-0d3a43f0-1e46-474a-99f1-02a372c5208a] [instance: 24528839-511e-4067-8ab6-0cde340c9efc] Instance failed to spawn: nova.exception.VirtualInterfaceCreateException: Virtual Interface creation failed
INFO nova.compute.manager [req-0d3a43f0-1e46-474a-99f1-02a372c5208a] [instance: 24528839-511e-4067-8ab6-0cde340c9efc] Terminating instance
INFO nova.virt.libvirt.driver [-] [instance: 24528839-511e-4067-8ab6-0cde340c9efc] Instance destroyed successfully.
INFO os_vif [req-0d3a43f0-1e46-474a-99f1-02a372c5208a] Successfully unplugged vif VIFOpenVSwitch(active=False,address=fa:16:3e:ce:1d:be,bridge_name='br-int',has_traffic_filtering=True,id=739f54aa-84a8-47e7-a5ea-dddda82849fa,network=Network(e1d05e71-2633-456c-a795-7824d1006934),plugin='ovs',port_profile=VIFPortProfileOpenVSwitch,preserve_on_delete=False,vif_name='tap739f54aa-84')
INFO nova.virt.libvirt.driver [req-0d3a43f0-1e46-474a-99f1-02a372c5208a] [instance: 24528839-511e-4067-8ab6-0cde340c9efc] Deletion of /opt/stack/data/nova/instances/24528839-511e-4067-8ab6-0cde340c9efc_del complete
INFO nova.compute.manager [req-0d3a43f0-1e46-474a-99f1-02a372c5208a] [instance: 24528839-511e-4067-8ab6-0cde340c9efc] Took 0.17 seconds to destroy the instance on the hypervisor.
ERROR nova.compute.manager [req-0d3a43f0-1e46-474a-99f1-02a372c5208a] [instance: 24528839-511e-4067-8ab6-0cde340c9efc] Failed to allocate network(s): nova.exception.VirtualInterfaceCreateException: Virtual Interface creation failed
ERROR nova.compute.manager [req-0d3a43f0-1e46-474a-99f1-02a372c5208a] [instance: 24528839-511e-4067-8ab6-0cde340c9efc] Build of instance 24528839-511e-4067-8ab6-0cde340c9efc aborted: Failed to allocate the network(s), not rescheduling.: nova.exception.BuildAbortException: Build of instance 24528839-511e-4067-8ab6-0cde340c9efc aborted: Failed to allocate the network(s), not rescheduling.
INFO os_vif [req-0d3a43f0-1e46-474a-99f1-02a372c5208a] Successfully unplugged vif VIFOpenVSwitch(active=False,address=fa:16:3e:ce:1d:be,bridge_name='br-int',has_traffic_filtering=True,id=739f54aa-84a8-47e7-a5ea-dddda82849fa,network=Network(e1d05e71-2633-456c-a795-7824d1006934),plugin='ovs',port_profile=VIFPortProfileOpenVSwitch,preserve_on_delete=False,vif_name='tap739f54aa-84')
INFO os_vif [req-4924f471-e167-4034-b316-85cb3c099d0f] Successfully plugged vif VIFOpenVSwitch(active=False,address=fa:16:3e:9f:94:0f,bridge_name='br-int',has_traffic_filtering=True,id=01168c31-59e9-434c-bb99-1eed3404086a,network=Network(e1d05e71-2633-456c-a795-7824d1006934),plugin='ovs',port_profile=VIFPortProfileOpenVSwitch,preserve_on_delete=False,vif_name='tap01168c31-59')
INFO nova.compute.manager [req-0d3a43f0-1e46-474a-99f1-02a372c5208a] [instance: 24528839-511e-4067-8ab6-0cde340c9efc] Took 1.51 seconds to deallocate network for instance.
INFO nova.scheduler.client.report [req-0d3a43f0-1e46-474a-99f1-02a372c5208a] Deleted allocation for instance 24528839-511e-4067-8ab6-0cde340c9efc
INFO nova.compute.manager [-] [instance: 244db2cc-c435-494f-bd4d-6140c8405f80] VM Stopped (Lifecycle Event)
INFO nova.compute.manager [req-d96524cb-6283-416d-95af-d47508fa2ec5] [instance: 3f5bc6b3-47c0-4e5d-ab91-fb46e3c7bcea] VM Started (Lifecycle Event)
INFO nova.compute.manager [req-d96524cb-6283-416d-95af-d47508fa2ec5] [instance: 3f5bc6b3-47c0-4e5d-ab91-fb46e3c7bcea] VM Paused (Lifecycle Event)
INFO nova.compute.manager [req-d96524cb-6283-416d-95af-d47508fa2ec5] [instance: 3f5bc6b3-47c0-4e5d-ab91-fb46e3c7bcea] During sync_power_state the instance has a pending task (spawning). Skip.
INFO nova.compute.claims [req-e7d107b7-ecb9-4878-9fcc-2a203ffd6201] [instance: 773b6615-e475-4ad6-88fc-73ade87f1a79] Claim successful on node parisaserver
INFO nova.virt.libvirt.driver [req-e7d107b7-ecb9-4878-9fcc-2a203ffd6201] [instance: 773b6615-e475-4ad6-88fc-73ade87f1a79] Creating image
INFO os_vif [req-4924f471-e167-4034-b316-85cb3c099d0f] Successfully unplugged vif VIFOpenVSwitch(active=False,address=fa:16:3e:9f:94:0f,bridge_name='br-int',has_traffic_filtering=True,id=01168c31-59e9-434c-bb99-1eed3404086a,network=Network(e1d05e71-2633-456c-a795-7824d1006934),plugin='ovs',port_profile=VIFPortProfileOpenVSwitch,preserve_on_delete=False,vif_name='tap01168c31-59')
INFO nova.virt.libvirt.driver [req-4924f471-e167-4034-b316-85cb3c099d0f] [instance: 3f5bc6b3-47c0-4e5d-ab91-fb46e3c7bcea] Deleting instance files /opt/stack/data/nova/instances/3f5bc6b3-47c0-4e5d-ab91-fb46e3c7bcea_del
INFO nova.virt.libvirt.driver [req-4924f471-e167-4034-b316-85cb3c099d0f] [instance: 3f5bc6b3-47c0-4e5d-ab91-fb46e3c7bcea] Deletion of /opt/stack/data/nova/instances/3f5bc6b3-47c0-4e5d-ab91-fb46e3c7bcea_del complete
ERROR nova.compute.manager [req-4924f471-e167-4034-b316-85cb3c099d0f] [instance: 3f5bc6b3-47c0-4e5d-ab91-fb46e3c7bcea] Instance failed to spawn: nova.exception.VirtualInterfaceCreateException: Virtual Interface creation failed
INFO nova.compute.manager [req-4924f471-e167-4034-b316-85cb3c099d0f] [instance: 3f5bc6b3-47c0-4e5d-ab91-fb46e3c7bcea] Terminating instance
INFO nova.virt.libvirt.driver [-] [instance: 3f5bc6b3-47c0-4e5d-ab91-fb46e3c7bcea] Instance destroyed successfully.
INFO os_vif [req-4924f471-e167-4034-b316-85cb3c099d0f] Successfully unplugged vif VIFOpenVSwitch(active=False,address=fa:16:3e:9f:94:0f,bridge_name='br-int',has_traffic_filtering=True,id=01168c31-59e9-434c-bb99-1eed3404086a,network=Network(e1d05e71-2633-456c-a795-7824d1006934),plugin='ovs',port_profile=VIFPortProfileOpenVSwitch,preserve_on_delete=False,vif_name='tap01168c31-59')
INFO nova.virt.libvirt.driver [req-4924f471-e167-4034-b316-85cb3c099d0f] [instance: 3f5bc6b3-47c0-4e5d-ab91-fb46e3c7bcea] Deletion of /opt/stack/data/nova/instances/3f5bc6b3-47c0-4e5d-ab91-fb46e3c7bcea_del complete
INFO nova.compute.manager [req-4924f471-e167-4034-b316-85cb3c099d0f] [instance: 3f5bc6b3-47c0-4e5d-ab91-fb46e3c7bcea] Took 0.17 seconds to destroy the instance on the hypervisor.
ERROR nova.compute.manager [req-4924f471-e167-4034-b316-85cb3c099d0f] [instance: 3f5bc6b3-47c0-4e5d-ab91-fb46e3c7bcea] Failed to allocate network(s): nova.exception.VirtualInterfaceCreateException: Virtual Interface creation failed
ERROR nova.compute.manager [req-4924f471-e167-4034-b316-85cb3c099d0f] [instance: 3f5bc6b3-47c0-4e5d-ab91-fb46e3c7bcea] Build of instance 3f5bc6b3-47c0-4e5d-ab91-fb46e3c7bcea aborted: Failed to allocate the network(s), not rescheduling.: nova.exception.BuildAbortException: Build of instance 3f5bc6b3-47c0-4e5d-ab91-fb46e3c7bcea aborted: Failed to allocate the network(s), not rescheduling.
INFO os_vif [req-4924f471-e167-4034-b316-85cb3c099d0f] Successfully unplugged vif VIFOpenVSwitch(active=False,address=fa:16:3e:9f:94:0f,bridge_name='br-int',has_traffic_filtering=True,id=01168c31-59e9-434c-bb99-1eed3404086a,network=Network(e1d05e71-2633-456c-a795-7824d1006934),plugin='ovs',port_profile=VIFPortProfileOpenVSwitch,preserve_on_delete=False,vif_name='tap01168c31-59')
INFO nova.compute.manager [-] [instance: 27fdf96f-82d3-4ec7-a84e-401d147b8c94] VM Stopped (Lifecycle Event)
INFO nova.compute.manager [req-4924f471-e167-4034-b316-85cb3c099d0f] [instance: 3f5bc6b3-47c0-4e5d-ab91-fb46e3c7bcea] Took 1.36 seconds to deallocate network for instance.
INFO os_vif [req-e7d107b7-ecb9-4878-9fcc-2a203ffd6201] Successfully plugged vif VIFOpenVSwitch(active=False,address=fa:16:3e:c8:f4:55,bridge_name='br-int',has_traffic_filtering=True,id=0a0244ad-9f0e-484c-83d6-5b936ce09b50,network=Network(e1d05e71-2633-456c-a795-7824d1006934),plugin='ovs',port_profile=VIFPortProfileOpenVSwitch,preserve_on_delete=False,vif_name='tap0a0244ad-9f')
INFO nova.scheduler.client.report [req-4924f471-e167-4034-b316-85cb3c099d0f] Deleted allocation for instance 3f5bc6b3-47c0-4e5d-ab91-fb46e3c7bcea
INFO nova.compute.manager [req-d96524cb-6283-416d-95af-d47508fa2ec5] [instance: 773b6615-e475-4ad6-88fc-73ade87f1a79] VM Started (Lifecycle Event)
INFO nova.compute.manager [req-d96524cb-6283-416d-95af-d47508fa2ec5] [instance: 773b6615-e475-4ad6-88fc-73ade87f1a79] VM Paused (Lifecycle Event)
INFO nova.compute.manager [req-d96524cb-6283-416d-95af-d47508fa2ec5] [instance: 773b6615-e475-4ad6-88fc-73ade87f1a79] During sync_power_state the instance has a pending task (spawning). Skip.
INFO nova.compute.claims [req-44556f15-c200-4316-96c3-6e1d01d51a31] [instance: 51865cd0-9126-40f6-83b9-2487e4aa2830] Claim successful on node parisaserver
INFO nova.virt.libvirt.driver [req-44556f15-c200-4316-96c3-6e1d01d51a31] [instance: 51865cd0-9126-40f6-83b9-2487e4aa2830] Creating image
INFO nova.compute.manager [-] [instance: 24528839-511e-4067-8ab6-0cde340c9efc] VM Stopped (Lifecycle Event)
INFO os_vif [req-e7d107b7-ecb9-4878-9fcc-2a203ffd6201] Successfully unplugged vif VIFOpenVSwitch(active=False,address=fa:16:3e:c8:f4:55,bridge_name='br-int',has_traffic_filtering=True,id=0a0244ad-9f0e-484c-83d6-5b936ce09b50,network=Network(e1d05e71-2633-456c-a795-7824d1006934),plugin='ovs',port_profile=VIFPortProfileOpenVSwitch,preserve_on_delete=False,vif_name='tap0a0244ad-9f')
INFO nova.virt.libvirt.driver [req-e7d107b7-ecb9-4878-9fcc-2a203ffd6201] [instance: 773b6615-e475-4ad6-88fc-73ade87f1a79] Deleting instance files /opt/stack/data/nova/instances/773b6615-e475-4ad6-88fc-73ade87f1a79_del
INFO nova.virt.libvirt.driver [req-e7d107b7-ecb9-4878-9fcc-2a203ffd6201] [instance: 773b6615-e475-4ad6-88fc-73ade87f1a79] Deletion of /opt/stack/data/nova/instances/773b6615-e475-4ad6-88fc-73ade87f1a79_del complete
ERROR nova.compute.manager [req-e7d107b7-ecb9-4878-9fcc-2a203ffd6201] [instance: 773b6615-e475-4ad6-88fc-73ade87f1a79] Instance failed to spawn: nova.exception.VirtualInterfaceCreateException: Virtual Interface creation failed
INFO nova.compute.manager [req-e7d107b7-ecb9-4878-9fcc-2a203ffd6201] [instance: 773b6615-e475-4ad6-88fc-73ade87f1a79] Terminating instance
INFO nova.virt.libvirt.driver [-] [instance: 773b6615-e475-4ad6-88fc-73ade87f1a79] Instance destroyed successfully.
INFO os_vif [req-e7d107b7-ecb9-4878-9fcc-2a203ffd6201] Successfully unplugged vif VIFOpenVSwitch(active=False,address=fa:16:3e:c8:f4:55,bridge_name='br-int',has_traffic_filtering=True,id=0a0244ad-9f0e-484c-83d6-5b936ce09b50,network=Network(e1d05e71-2633-456c-a795-7824d1006934),plugin='ovs',port_profile=VIFPortProfileOpenVSwitch,preserve_on_delete=False,vif_name='tap0a0244ad-9f')
INFO nova.virt.libvirt.driver [req-e7d107b7-ecb9-4878-9fcc-2a203ffd6201] [instance: 773b6615-e475-4ad6-88fc-73ade87f1a79] Deletion of /opt/stack/data/nova/instances/773b6615-e475-4ad6-88fc-73ade87f1a79_del complete
INFO nova.compute.manager [req-e7d107b7-ecb9-4878-9fcc-2a203ffd6201] [instance: 773b6615-e475-4ad6-88fc-73ade87f1a79] Took 0.16 seconds to destroy the instance on the hypervisor.
ERROR nova.compute.manager [req-e7d107b7-ecb9-4878-9fcc-2a203ffd6201] [instance: 773b6615-e475-4ad6-88fc-73ade87f1a79] Failed to allocate network(s): nova.exception.VirtualInterfaceCreateException: Virtual Interface creation failed
ERROR nova.compute.manager [req-e7d107b7-ecb9-4878-9fcc-2a203ffd6201] [instance: 773b6615-e475-4ad6-88fc-73ade87f1a79] Build of instance 773b6615-e475-4ad6-88fc-73ade87f1a79 aborted: Failed to allocate the network(s), not rescheduling.: nova.exception.BuildAbortException: Build of instance 773b6615-e475-4ad6-88fc-73ade87f1a79 aborted: Failed to allocate the network(s), not rescheduling.
INFO os_vif [req-e7d107b7-ecb9-4878-9fcc-2a203ffd6201] Successfully unplugged vif VIFOpenVSwitch(active=False,address=fa:16:3e:c8:f4:55,bridge_name='br-int',has_traffic_filtering=True,id=0a0244ad-9f0e-484c-83d6-5b936ce09b50,network=Network(e1d05e71-2633-456c-a795-7824d1006934),plugin='ovs',port_profile=VIFPortProfileOpenVSwitch,preserve_on_delete=False,vif_name='tap0a0244ad-9f')
INFO nova.compute.manager [req-e7d107b7-ecb9-4878-9fcc-2a203ffd6201] [instance: 773b6615-e475-4ad6-88fc-73ade87f1a79] Took 1.69 seconds to deallocate network for instance.
INFO nova.scheduler.client.report [req-e7d107b7-ecb9-4878-9fcc-2a203ffd6201] Deleted allocation for instance 773b6615-e475-4ad6-88fc-73ade87f1a79
INFO os_vif [req-44556f15-c200-4316-96c3-6e1d01d51a31] Successfully plugged vif VIFOpenVSwitch(active=False,address=fa:16:3e:6b:1b:57,bridge_name='br-int',has_traffic_filtering=True,id=b260cd5d-13a6-4c53-b117-ee077b8f2bd5,network=Network(e1d05e71-2633-456c-a795-7824d1006934),plugin='ovs',port_profile=VIFPortProfileOpenVSwitch,preserve_on_delete=False,vif_name='tapb260cd5d-13')
INFO nova.compute.manager [req-d96524cb-6283-416d-95af-d47508fa2ec5] [instance: 51865cd0-9126-40f6-83b9-2487e4aa2830] VM Started (Lifecycle Event)
INFO nova.compute.manager [req-d96524cb-6283-416d-95af-d47508fa2ec5] [instance: 51865cd0-9126-40f6-83b9-2487e4aa2830] VM Paused (Lifecycle Event)
INFO nova.compute.manager [req-d96524cb-6283-416d-95af-d47508fa2ec5] [instance: 51865cd0-9126-40f6-83b9-2487e4aa2830] During sync_power_state the instance has a pending task (spawning). Skip.
INFO nova.compute.manager [-] [instance: 3f5bc6b3-47c0-4e5d-ab91-fb46e3c7bcea] VM Stopped (Lifecycle Event)
INFO nova.compute.claims [req-1981f857-cd30-4dcc-97f4-76d3a6826823] [instance: c0e03177-9415-42c7-b76e-024ee27ad4e5] Claim successful on node parisaserver
INFO nova.virt.libvirt.driver [req-1981f857-cd30-4dcc-97f4-76d3a6826823] [instance: c0e03177-9415-42c7-b76e-024ee27ad4e5] Creating image
INFO os_vif [req-44556f15-c200-4316-96c3-6e1d01d51a31] Successfully unplugged vif VIFOpenVSwitch(active=False,address=fa:16:3e:6b:1b:57,bridge_name='br-int',has_traffic_filtering=True,id=b260cd5d-13a6-4c53-b117-ee077b8f2bd5,network=Network(e1d05e71-2633-456c-a795-7824d1006934),plugin='ovs',port_profile=VIFPortProfileOpenVSwitch,preserve_on_delete=False,vif_name='tapb260cd5d-13')
INFO nova.virt.libvirt.driver [req-44556f15-c200-4316-96c3-6e1d01d51a31] [instance: 51865cd0-9126-40f6-83b9-2487e4aa2830] Deleting instance files /opt/stack/data/nova/instances/51865cd0-9126-40f6-83b9-2487e4aa2830_del
INFO nova.virt.libvirt.driver [req-44556f15-c200-4316-96c3-6e1d01d51a31] [instance: 51865cd0-9126-40f6-83b9-2487e4aa2830] Deletion of /opt/stack/data/nova/instances/51865cd0-9126-40f6-83b9-2487e4aa2830_del complete
ERROR nova.compute.manager [req-44556f15-c200-4316-96c3-6e1d01d51a31] [instance: 51865cd0-9126-40f6-83b9-2487e4aa2830] Instance failed to spawn: nova.exception.VirtualInterfaceCreateException: Virtual Interface creation failed
INFO nova.compute.manager [req-44556f15-c200-4316-96c3-6e1d01d51a31] [instance: 51865cd0-9126-40f6-83b9-2487e4aa2830] Terminating instance
INFO nova.virt.libvirt.driver [-] [instance: 51865cd0-9126-40f6-83b9-2487e4aa2830] Instance destroyed successfully.
INFO os_vif [req-44556f15-c200-4316-96c3-6e1d01d51a31] Successfully unplugged vif VIFOpenVSwitch(active=False,address=fa:16:3e:6b:1b:57,bridge_name='br-int',has_traffic_filtering=True,id=b260cd5d-13a6-4c53-b117-ee077b8f2bd5,network=Network(e1d05e71-2633-456c-a795-7824d1006934),plugin='ovs',port_profile=VIFPortProfileOpenVSwitch,preserve_on_delete=False,vif_name='tapb260cd5d-13')
INFO nova.virt.libvirt.driver [req-44556f15-c200-4316-96c3-6e1d01d51a31] [instance: 51865cd0-9126-40f6-83b9-2487e4aa2830] Deletion of /opt/stack/data/nova/instances/51865cd0-9126-40f6-83b9-2487e4aa2830_del complete
INFO nova.compute.manager [req-44556f15-c200-4316-96c3-6e1d01d51a31] [instance: 51865cd0-9126-40f6-83b9-2487e4aa2830] Took 0.19 seconds to destroy the instance on the hypervisor.
ERROR nova.compute.manager [req-44556f15-c200-4316-96c3-6e1d01d51a31] [instance: 51865cd0-9126-40f6-83b9-2487e4aa2830] Failed to allocate network(s): nova.exception.VirtualInterfaceCreateException: Virtual Interface creation failed
ERROR nova.compute.manager [req-44556f15-c200-4316-96c3-6e1d01d51a31] [instance: 51865cd0-9126-40f6-83b9-2487e4aa2830] Build of instance 51865cd0-9126-40f6-83b9-2487e4aa2830 aborted: Failed to allocate the network(s), not rescheduling.: nova.exception.BuildAbortException: Build of instance 51865cd0-9126-40f6-83b9-2487e4aa2830 aborted: Failed to allocate the network(s), not rescheduling.
INFO os_vif [req-44556f15-c200-4316-96c3-6e1d01d51a31] Successfully unplugged vif VIFOpenVSwitch(active=False,address=fa:16:3e:6b:1b:57,bridge_name='br-int',has_traffic_filtering=True,id=b260cd5d-13a6-4c53-b117-ee077b8f2bd5,network=Network(e1d05e71-2633-456c-a795-7824d1006934),plugin='ovs',port_profile=VIFPortProfileOpenVSwitch,preserve_on_delete=False,vif_name='tapb260cd5d-13')
INFO nova.compute.manager [req-44556f15-c200-4316-96c3-6e1d01d51a31] [instance: 51865cd0-9126-40f6-83b9-2487e4aa2830] Took 1.27 seconds to deallocate network for instance.
INFO os_vif [req-1981f857-cd30-4dcc-97f4-76d3a6826823] Successfully plugged vif VIFOpenVSwitch(active=False,address=fa:16:3e:d3:35:39,bridge_name='br-int',has_traffic_filtering=True,id=1fa33b1f-1fd4-43bf-9ecc-d7a43551d6da,network=Network(e1d05e71-2633-456c-a795-7824d1006934),plugin='ovs',port_profile=VIFPortProfileOpenVSwitch,preserve_on_delete=False,vif_name='tap1fa33b1f-1f')
INFO nova.scheduler.client.report [req-44556f15-c200-4316-96c3-6e1d01d51a31] Deleted allocation for instance 51865cd0-9126-40f6-83b9-2487e4aa2830
INFO nova.compute.manager [req-d96524cb-6283-416d-95af-d47508fa2ec5] [instance: c0e03177-9415-42c7-b76e-024ee27ad4e5] VM Started (Lifecycle Event)
INFO nova.compute.manager [req-d96524cb-6283-416d-95af-d47508fa2ec5] [instance: c0e03177-9415-42c7-b76e-024ee27ad4e5] VM Paused (Lifecycle Event)
INFO nova.compute.manager [req-d96524cb-6283-416d-95af-d47508fa2ec5] [instance: c0e03177-9415-42c7-b76e-024ee27ad4e5] During sync_power_state the instance has a pending task (spawning). Skip.
INFO nova.compute.manager [-] [instance: 773b6615-e475-4ad6-88fc-73ade87f1a79] VM Stopped (Lifecycle Event)
INFO nova.compute.claims [req-11615743-9cba-454a-a5ff-4ddfeb4bfea8] [instance: 713ec47c-f5fe-4496-a8c2-a31740dffcf3] Claim successful on node parisaserver
INFO nova.virt.libvirt.driver [req-11615743-9cba-454a-a5ff-4ddfeb4bfea8] [instance: 713ec47c-f5fe-4496-a8c2-a31740dffcf3] Creating image
INFO os_vif [req-1981f857-cd30-4dcc-97f4-76d3a6826823] Successfully unplugged vif VIFOpenVSwitch(active=False,address=fa:16:3e:d3:35:39,bridge_name='br-int',has_traffic_filtering=True,id=1fa33b1f-1fd4-43bf-9ecc-d7a43551d6da,network=Network(e1d05e71-2633-456c-a795-7824d1006934),plugin='ovs',port_profile=VIFPortProfileOpenVSwitch,preserve_on_delete=False,vif_name='tap1fa33b1f-1f')
INFO nova.virt.libvirt.driver [req-1981f857-cd30-4dcc-97f4-76d3a6826823] [instance: c0e03177-9415-42c7-b76e-024ee27ad4e5] Deleting instance files /opt/stack/data/nova/instances/c0e03177-9415-42c7-b76e-024ee27ad4e5_del
INFO nova.virt.libvirt.driver [req-1981f857-cd30-4dcc-97f4-76d3a6826823] [instance: c0e03177-9415-42c7-b76e-024ee27ad4e5] Deletion of /opt/stack/data/nova/instances/c0e03177-9415-42c7-b76e-024ee27ad4e5_del complete
ERROR nova.compute.manager [req-1981f857-cd30-4dcc-97f4-76d3a6826823] [instance: c0e03177-9415-42c7-b76e-024ee27ad4e5] Instance failed to spawn: nova.exception.VirtualInterfaceCreateException: Virtual Interface creation failed
INFO nova.compute.manager [req-1981f857-cd30-4dcc-97f4-76d3a6826823] [instance: c0e03177-9415-42c7-b76e-024ee27ad4e5] Terminating instance
INFO nova.virt.libvirt.driver [-] [instance: c0e03177-9415-42c7-b76e-024ee27ad4e5] Instance destroyed successfully.
INFO os_vif [req-1981f857-cd30-4dcc-97f4-76d3a6826823] Successfully unplugged vif VIFOpenVSwitch(active=False,address=fa:16:3e:d3:35:39,bridge_name='br-int',has_traffic_filtering=True,id=1fa33b1f-1fd4-43bf-9ecc-d7a43551d6da,network=Network(e1d05e71-2633-456c-a795-7824d1006934),plugin='ovs',port_profile=VIFPortProfileOpenVSwitch,preserve_on_delete=False,vif_name='tap1fa33b1f-1f')
INFO nova.virt.libvirt.driver [req-1981f857-cd30-4dcc-97f4-76d3a6826823] [instance: c0e03177-9415-42c7-b76e-024ee27ad4e5] Deletion of /opt/stack/data/nova/instances/c0e03177-9415-42c7-b76e-024ee27ad4e5_del complete
INFO nova.compute.manager [req-1981f857-cd30-4dcc-97f4-76d3a6826823] [instance: c0e03177-9415-42c7-b76e-024ee27ad4e5] Took 0.31 seconds to destroy the instance on the hypervisor.
ERROR nova.compute.manager [req-1981f857-cd30-4dcc-97f4-76d3a6826823] [instance: c0e03177-9415-42c7-b76e-024ee27ad4e5] Failed to allocate network(s): nova.exception.VirtualInterfaceCreateException: Virtual Interface creation failed
ERROR nova.compute.manager [req-1981f857-cd30-4dcc-97f4-76d3a6826823] [instance: c0e03177-9415-42c7-b76e-024ee27ad4e5] Build of instance c0e03177-9415-42c7-b76e-024ee27ad4e5 aborted: Failed to allocate the network(s), not rescheduling.: nova.exception.BuildAbortException: Build of instance c0e03177-9415-42c7-b76e-024ee27ad4e5 aborted: Failed to allocate the network(s), not rescheduling.
INFO os_vif [req-1981f857-cd30-4dcc-97f4-76d3a6826823] Successfully unplugged vif VIFOpenVSwitch(active=False,address=fa:16:3e:d3:35:39,bridge_name='br-int',has_traffic_filtering=True,id=1fa33b1f-1fd4-43bf-9ecc-d7a43551d6da,network=Network(e1d05e71-2633-456c-a795-7824d1006934),plugin='ovs',port_profile=VIFPortProfileOpenVSwitch,preserve_on_delete=False,vif_name='tap1fa33b1f-1f')
INFO nova.compute.manager [req-1981f857-cd30-4dcc-97f4-76d3a6826823] [instance: c0e03177-9415-42c7-b76e-024ee27ad4e5] Took 1.46 seconds to deallocate network for instance.
INFO nova.scheduler.client.report [req-1981f857-cd30-4dcc-97f4-76d3a6826823] Deleted allocation for instance c0e03177-9415-42c7-b76e-024ee27ad4e5
INFO os_vif [req-11615743-9cba-454a-a5ff-4ddfeb4bfea8] Successfully plugged vif VIFOpenVSwitch(active=False,address=fa:16:3e:82:09:f9,bridge_name='br-int',has_traffic_filtering=True,id=7fb9e6ec-4b41-4737-9a75-3bf13e4f3f0f,network=Network(e1d05e71-2633-456c-a795-7824d1006934),plugin='ovs',port_profile=VIFPortProfileOpenVSwitch,preserve_on_delete=False,vif_name='tap7fb9e6ec-4b')
INFO nova.compute.manager [req-d96524cb-6283-416d-95af-d47508fa2ec5] [instance: 713ec47c-f5fe-4496-a8c2-a31740dffcf3] VM Started (Lifecycle Event)
INFO nova.compute.manager [req-d96524cb-6283-416d-95af-d47508fa2ec5] [instance: 713ec47c-f5fe-4496-a8c2-a31740dffcf3] VM Paused (Lifecycle Event)
INFO nova.compute.manager [req-d96524cb-6283-416d-95af-d47508fa2ec5] [instance: 713ec47c-f5fe-4496-a8c2-a31740dffcf3] During sync_power_state the instance has a pending task (spawning). Skip.
INFO nova.compute.manager [-] [instance: 51865cd0-9126-40f6-83b9-2487e4aa2830] VM Stopped (Lifecycle Event)
INFO nova.compute.claims [req-48bae4ee-77aa-4fd3-aea4-7ee367dafd98] [instance: 9e6d0443-28cf-479f-9930-65897ab71836] Claim successful on node parisaserver
INFO nova.virt.libvirt.driver [req-48bae4ee-77aa-4fd3-aea4-7ee367dafd98] [instance: 9e6d0443-28cf-479f-9930-65897ab71836] Creating image
INFO os_vif [req-11615743-9cba-454a-a5ff-4ddfeb4bfea8] Successfully unplugged vif VIFOpenVSwitch(active=False,address=fa:16:3e:82:09:f9,bridge_name='br-int',has_traffic_filtering=True,id=7fb9e6ec-4b41-4737-9a75-3bf13e4f3f0f,network=Network(e1d05e71-2633-456c-a795-7824d1006934),plugin='ovs',port_profile=VIFPortProfileOpenVSwitch,preserve_on_delete=False,vif_name='tap7fb9e6ec-4b')
INFO nova.virt.libvirt.driver [req-11615743-9cba-454a-a5ff-4ddfeb4bfea8] [instance: 713ec47c-f5fe-4496-a8c2-a31740dffcf3] Deleting instance files /opt/stack/data/nova/instances/713ec47c-f5fe-4496-a8c2-a31740dffcf3_del
INFO nova.virt.libvirt.driver [req-11615743-9cba-454a-a5ff-4ddfeb4bfea8] [instance: 713ec47c-f5fe-4496-a8c2-a31740dffcf3] Deletion of /opt/stack/data/nova/instances/713ec47c-f5fe-4496-a8c2-a31740dffcf3_del complete
ERROR nova.compute.manager [req-11615743-9cba-454a-a5ff-4ddfeb4bfea8] [instance: 713ec47c-f5fe-4496-a8c2-a31740dffcf3] Instance failed to spawn: nova.exception.VirtualInterfaceCreateException: Virtual Interface creation failed
INFO nova.compute.manager [req-11615743-9cba-454a-a5ff-4ddfeb4bfea8] [instance: 713ec47c-f5fe-4496-a8c2-a31740dffcf3] Terminating instance
INFO nova.virt.libvirt.driver [-] [instance: 713ec47c-f5fe-4496-a8c2-a31740dffcf3] Instance destroyed successfully.
INFO os_vif [req-11615743-9cba-454a-a5ff-4ddfeb4bfea8] Successfully unplugged vif VIFOpenVSwitch(active=False,address=fa:16:3e:82:09:f9,bridge_name='br-int',has_traffic_filtering=True,id=7fb9e6ec-4b41-4737-9a75-3bf13e4f3f0f,network=Network(e1d05e71-2633-456c-a795-7824d1006934),plugin='ovs',port_profile=VIFPortProfileOpenVSwitch,preserve_on_delete=False,vif_name='tap7fb9e6ec-4b')
INFO nova.virt.libvirt.driver [req-11615743-9cba-454a-a5ff-4ddfeb4bfea8] [instance: 713ec47c-f5fe-4496-a8c2-a31740dffcf3] Deletion of /opt/stack/data/nova/instances/713ec47c-f5fe-4496-a8c2-a31740dffcf3_del complete
INFO nova.compute.manager [req-11615743-9cba-454a-a5ff-4ddfeb4bfea8] [instance: 713ec47c-f5fe-4496-a8c2-a31740dffcf3] Took 0.23 seconds to destroy the instance on the hypervisor.
ERROR nova.compute.manager [req-11615743-9cba-454a-a5ff-4ddfeb4bfea8] [instance: 713ec47c-f5fe-4496-a8c2-a31740dffcf3] Failed to allocate network(s): nova.exception.VirtualInterfaceCreateException: Virtual Interface creation failed
ERROR nova.compute.manager [req-11615743-9cba-454a-a5ff-4ddfeb4bfea8] [instance: 713ec47c-f5fe-4496-a8c2-a31740dffcf3] Build of instance 713ec47c-f5fe-4496-a8c2-a31740dffcf3 aborted: Failed to allocate the network(s), not rescheduling.: nova.exception.BuildAbortException: Build of instance 713ec47c-f5fe-4496-a8c2-a31740dffcf3 aborted: Failed to allocate the network(s), not rescheduling.
INFO os_vif [req-11615743-9cba-454a-a5ff-4ddfeb4bfea8] Successfully unplugged vif VIFOpenVSwitch(active=False,address=fa:16:3e:82:09:f9,bridge_name='br-int',has_traffic_filtering=True,id=7fb9e6ec-4b41-4737-9a75-3bf13e4f3f0f,network=Network(e1d05e71-2633-456c-a795-7824d1006934),plugin='ovs',port_profile=VIFPortProfileOpenVSwitch,preserve_on_delete=False,vif_name='tap7fb9e6ec-4b')
INFO nova.compute.manager [req-11615743-9cba-454a-a5ff-4ddfeb4bfea8] [instance: 713ec47c-f5fe-4496-a8c2-a31740dffcf3] Took 1.31 seconds to deallocate network for instance.
INFO nova.scheduler.client.report [req-11615743-9cba-454a-a5ff-4ddfeb4bfea8] Deleted allocation for instance 713ec47c-f5fe-4496-a8c2-a31740dffcf3
INFO os_vif [req-48bae4ee-77aa-4fd3-aea4-7ee367dafd98] Successfully plugged vif VIFOpenVSwitch(active=False,address=fa:16:3e:2f:ed:d2,bridge_name='br-int',has_traffic_filtering=True,id=6715e6d3-4028-4c17-a8ff-640807a3da94,network=Network(e1d05e71-2633-456c-a795-7824d1006934),plugin='ovs',port_profile=VIFPortProfileOpenVSwitch,preserve_on_delete=False,vif_name='tap6715e6d3-40')
INFO nova.compute.manager [-] [instance: c0e03177-9415-42c7-b76e-024ee27ad4e5] VM Stopped (Lifecycle Event)
INFO nova.compute.manager [req-d96524cb-6283-416d-95af-d47508fa2ec5] [instance: 9e6d0443-28cf-479f-9930-65897ab71836] VM Started (Lifecycle Event)
INFO nova.compute.manager [req-d96524cb-6283-416d-95af-d47508fa2ec5] [instance: 9e6d0443-28cf-479f-9930-65897ab71836] VM Paused (Lifecycle Event)
INFO nova.compute.manager [req-d96524cb-6283-416d-95af-d47508fa2ec5] [instance: 9e6d0443-28cf-479f-9930-65897ab71836] During sync_power_state the instance has a pending task (spawning). Skip.
INFO nova.compute.claims [req-21aaf119-0272-495d-bdc3-472ebd1ec96d] [instance: 01c942ae-7fb8-4c31-9815-eb4d67e618e2] Claim successful on node parisaserver
INFO nova.virt.libvirt.driver [req-21aaf119-0272-495d-bdc3-472ebd1ec96d] [instance: 01c942ae-7fb8-4c31-9815-eb4d67e618e2] Creating image
INFO os_vif [req-48bae4ee-77aa-4fd3-aea4-7ee367dafd98] Successfully unplugged vif VIFOpenVSwitch(active=False,address=fa:16:3e:2f:ed:d2,bridge_name='br-int',has_traffic_filtering=True,id=6715e6d3-4028-4c17-a8ff-640807a3da94,network=Network(e1d05e71-2633-456c-a795-7824d1006934),plugin='ovs',port_profile=VIFPortProfileOpenVSwitch,preserve_on_delete=False,vif_name='tap6715e6d3-40')
INFO nova.virt.libvirt.driver [req-48bae4ee-77aa-4fd3-aea4-7ee367dafd98] [instance: 9e6d0443-28cf-479f-9930-65897ab71836] Deleting instance files /opt/stack/data/nova/instances/9e6d0443-28cf-479f-9930-65897ab71836_del
INFO nova.virt.libvirt.driver [req-48bae4ee-77aa-4fd3-aea4-7ee367dafd98] [instance: 9e6d0443-28cf-479f-9930-65897ab71836] Deletion of /opt/stack/data/nova/instances/9e6d0443-28cf-479f-9930-65897ab71836_del complete
ERROR nova.compute.manager [req-48bae4ee-77aa-4fd3-aea4-7ee367dafd98] [instance: 9e6d0443-28cf-479f-9930-65897ab71836] Instance failed to spawn: nova.exception.VirtualInterfaceCreateException: Virtual Interface creation failed
INFO nova.compute.manager [req-48bae4ee-77aa-4fd3-aea4-7ee367dafd98] [instance: 9e6d0443-28cf-479f-9930-65897ab71836] Terminating instance
INFO nova.virt.libvirt.driver [-] [instance: 9e6d0443-28cf-479f-9930-65897ab71836] Instance destroyed successfully.
INFO os_vif [req-48bae4ee-77aa-4fd3-aea4-7ee367dafd98] Successfully unplugged vif VIFOpenVSwitch(active=False,address=fa:16:3e:2f:ed:d2,bridge_name='br-int',has_traffic_filtering=True,id=6715e6d3-4028-4c17-a8ff-640807a3da94,network=Network(e1d05e71-2633-456c-a795-7824d1006934),plugin='ovs',port_profile=VIFPortProfileOpenVSwitch,preserve_on_delete=False,vif_name='tap6715e6d3-40')
INFO nova.virt.libvirt.driver [req-48bae4ee-77aa-4fd3-aea4-7ee367dafd98] [instance: 9e6d0443-28cf-479f-9930-65897ab71836] Deletion of /opt/stack/data/nova/instances/9e6d0443-28cf-479f-9930-65897ab71836_del complete
INFO nova.compute.manager [req-48bae4ee-77aa-4fd3-aea4-7ee367dafd98] [instance: 9e6d0443-28cf-479f-9930-65897ab71836] Took 0.20 seconds to destroy the instance on the hypervisor.
ERROR nova.compute.manager [req-48bae4ee-77aa-4fd3-aea4-7ee367dafd98] [instance: 9e6d0443-28cf-479f-9930-65897ab71836] Failed to allocate network(s): nova.exception.VirtualInterfaceCreateException: Virtual Interface creation failed
ERROR nova.compute.manager [req-48bae4ee-77aa-4fd3-aea4-7ee367dafd98] [instance: 9e6d0443-28cf-479f-9930-65897ab71836] Build of instance 9e6d0443-28cf-479f-9930-65897ab71836 aborted: Failed to allocate the network(s), not rescheduling.: nova.exception.BuildAbortException: Build of instance 9e6d0443-28cf-479f-9930-65897ab71836 aborted: Failed to allocate the network(s), not rescheduling.
INFO os_vif [req-48bae4ee-77aa-4fd3-aea4-7ee367dafd98] Successfully unplugged vif VIFOpenVSwitch(active=False,address=fa:16:3e:2f:ed:d2,bridge_name='br-int',has_traffic_filtering=True,id=6715e6d3-4028-4c17-a8ff-640807a3da94,network=Network(e1d05e71-2633-456c-a795-7824d1006934),plugin='ovs',port_profile=VIFPortProfileOpenVSwitch,preserve_on_delete=False,vif_name='tap6715e6d3-40')
INFO nova.compute.manager [req-48bae4ee-77aa-4fd3-aea4-7ee367dafd98] [instance: 9e6d0443-28cf-479f-9930-65897ab71836] Took 1.66 seconds to deallocate network for instance.
INFO nova.scheduler.client.report [req-48bae4ee-77aa-4fd3-aea4-7ee367dafd98] Deleted allocation for instance 9e6d0443-28cf-479f-9930-65897ab71836
INFO os_vif [req-21aaf119-0272-495d-bdc3-472ebd1ec96d] Successfully plugged vif VIFOpenVSwitch(active=False,address=fa:16:3e:06:22:7f,bridge_name='br-int',has_traffic_filtering=True,id=3830ec49-72c3-41b8-b01a-ab4037c2ac2d,network=Network(e1d05e71-2633-456c-a795-7824d1006934),plugin='ovs',port_profile=VIFPortProfileOpenVSwitch,preserve_on_delete=False,vif_name='tap3830ec49-72')
INFO nova.compute.manager [-] [instance: 713ec47c-f5fe-4496-a8c2-a31740dffcf3] VM Stopped (Lifecycle Event)
INFO nova.compute.manager [req-d96524cb-6283-416d-95af-d47508fa2ec5] [instance: 01c942ae-7fb8-4c31-9815-eb4d67e618e2] VM Started (Lifecycle Event)
INFO nova.compute.manager [req-d96524cb-6283-416d-95af-d47508fa2ec5] [instance: 01c942ae-7fb8-4c31-9815-eb4d67e618e2] VM Paused (Lifecycle Event)
INFO nova.compute.manager [req-d96524cb-6283-416d-95af-d47508fa2ec5] [instance: 01c942ae-7fb8-4c31-9815-eb4d67e618e2] During sync_power_state the instance has a pending task (spawning). Skip.
INFO nova.compute.claims [req-6cf12c5b-63f0-4c86-8f29-0bc432b82053] [instance: af208a2c-9c1e-41fc-a762-090a138d59f7] Claim successful on node parisaserver
INFO nova.virt.libvirt.driver [req-6cf12c5b-63f0-4c86-8f29-0bc432b82053] [instance: af208a2c-9c1e-41fc-a762-090a138d59f7] Creating image
INFO os_vif [req-21aaf119-0272-495d-bdc3-472ebd1ec96d] Successfully unplugged vif VIFOpenVSwitch(active=False,address=fa:16:3e:06:22:7f,bridge_name='br-int',has_traffic_filtering=True,id=3830ec49-72c3-41b8-b01a-ab4037c2ac2d,network=Network(e1d05e71-2633-456c-a795-7824d1006934),plugin='ovs',port_profile=VIFPortProfileOpenVSwitch,preserve_on_delete=False,vif_name='tap3830ec49-72')
INFO nova.virt.libvirt.driver [req-21aaf119-0272-495d-bdc3-472ebd1ec96d] [instance: 01c942ae-7fb8-4c31-9815-eb4d67e618e2] Deleting instance files /opt/stack/data/nova/instances/01c942ae-7fb8-4c31-9815-eb4d67e618e2_del
INFO nova.virt.libvirt.driver [req-21aaf119-0272-495d-bdc3-472ebd1ec96d] [instance: 01c942ae-7fb8-4c31-9815-eb4d67e618e2] Deletion of /opt/stack/data/nova/instances/01c942ae-7fb8-4c31-9815-eb4d67e618e2_del complete
ERROR nova.compute.manager [req-21aaf119-0272-495d-bdc3-472ebd1ec96d] [instance: 01c942ae-7fb8-4c31-9815-eb4d67e618e2] Instance failed to spawn: nova.exception.VirtualInterfaceCreateException: Virtual Interface creation failed
INFO nova.compute.manager [req-21aaf119-0272-495d-bdc3-472ebd1ec96d] [instance: 01c942ae-7fb8-4c31-9815-eb4d67e618e2] Terminating instance
INFO nova.virt.libvirt.driver [-] [instance: 01c942ae-7fb8-4c31-9815-eb4d67e618e2] Instance destroyed successfully.
INFO os_vif [req-21aaf119-0272-495d-bdc3-472ebd1ec96d] Successfully unplugged vif VIFOpenVSwitch(active=False,address=fa:16:3e:06:22:7f,bridge_name='br-int',has_traffic_filtering=True,id=3830ec49-72c3-41b8-b01a-ab4037c2ac2d,network=Network(e1d05e71-2633-456c-a795-7824d1006934),plugin='ovs',port_profile=VIFPortProfileOpenVSwitch,preserve_on_delete=False,vif_name='tap3830ec49-72')
INFO nova.virt.libvirt.driver [req-21aaf119-0272-495d-bdc3-472ebd1ec96d] [instance: 01c942ae-7fb8-4c31-9815-eb4d67e618e2] Deletion of /opt/stack/data/nova/instances/01c942ae-7fb8-4c31-9815-eb4d67e618e2_del complete
INFO nova.compute.manager [req-21aaf119-0272-495d-bdc3-472ebd1ec96d] [instance: 01c942ae-7fb8-4c31-9815-eb4d67e618e2] Took 0.19 seconds to destroy the instance on the hypervisor.
ERROR nova.compute.manager [req-21aaf119-0272-495d-bdc3-472ebd1ec96d] [instance: 01c942ae-7fb8-4c31-9815-eb4d67e618e2] Failed to allocate network(s): nova.exception.VirtualInterfaceCreateException: Virtual Interface creation failed
ERROR nova.compute.manager [req-21aaf119-0272-495d-bdc3-472ebd1ec96d] [instance: 01c942ae-7fb8-4c31-9815-eb4d67e618e2] Build of instance 01c942ae-7fb8-4c31-9815-eb4d67e618e2 aborted: Failed to allocate the network(s), not rescheduling.: nova.exception.BuildAbortException: Build of instance 01c942ae-7fb8-4c31-9815-eb4d67e618e2 aborted: Failed to allocate the network(s), not rescheduling.
INFO os_vif [req-21aaf119-0272-495d-bdc3-472ebd1ec96d] Successfully unplugged vif VIFOpenVSwitch(active=False,address=fa:16:3e:06:22:7f,bridge_name='br-int',has_traffic_filtering=True,id=3830ec49-72c3-41b8-b01a-ab4037c2ac2d,network=Network(e1d05e71-2633-456c-a795-7824d1006934),plugin='ovs',port_profile=VIFPortProfileOpenVSwitch,preserve_on_delete=False,vif_name='tap3830ec49-72')
INFO nova.compute.manager [req-21aaf119-0272-495d-bdc3-472ebd1ec96d] [instance: 01c942ae-7fb8-4c31-9815-eb4d67e618e2] Took 1.38 seconds to deallocate network for instance.
INFO nova.scheduler.client.report [req-21aaf119-0272-495d-bdc3-472ebd1ec96d] Deleted allocation for instance 01c942ae-7fb8-4c31-9815-eb4d67e618e2
INFO os_vif [req-6cf12c5b-63f0-4c86-8f29-0bc432b82053] Successfully plugged vif VIFOpenVSwitch(active=False,address=fa:16:3e:87:7c:d2,bridge_name='br-int',has_traffic_filtering=True,id=8ec4023f-bcc0-48c9-ad2c-1939597ea390,network=Network(e1d05e71-2633-456c-a795-7824d1006934),plugin='ovs',port_profile=VIFPortProfileOpenVSwitch,preserve_on_delete=False,vif_name='tap8ec4023f-bc')
INFO nova.compute.manager [-] [instance: 9e6d0443-28cf-479f-9930-65897ab71836] VM Stopped (Lifecycle Event)
INFO nova.compute.manager [req-d96524cb-6283-416d-95af-d47508fa2ec5] [instance: af208a2c-9c1e-41fc-a762-090a138d59f7] VM Started (Lifecycle Event)
INFO nova.compute.manager [req-d96524cb-6283-416d-95af-d47508fa2ec5] [instance: af208a2c-9c1e-41fc-a762-090a138d59f7] VM Paused (Lifecycle Event)
INFO nova.compute.manager [req-d96524cb-6283-416d-95af-d47508fa2ec5] [instance: af208a2c-9c1e-41fc-a762-090a138d59f7] During sync_power_state the instance has a pending task (spawning). Skip.
INFO nova.compute.claims [req-3ae3191a-b1d7-40fc-b352-f3c25ecca931] [instance: b8cd60a8-45ec-492b-85bd-dac8c60419ac] Claim successful on node parisaserver
INFO nova.virt.libvirt.driver [req-3ae3191a-b1d7-40fc-b352-f3c25ecca931] [instance: b8cd60a8-45ec-492b-85bd-dac8c60419ac] Creating image
INFO os_vif [req-6cf12c5b-63f0-4c86-8f29-0bc432b82053] Successfully unplugged vif VIFOpenVSwitch(active=False,address=fa:16:3e:87:7c:d2,bridge_name='br-int',has_traffic_filtering=True,id=8ec4023f-bcc0-48c9-ad2c-1939597ea390,network=Network(e1d05e71-2633-456c-a795-7824d1006934),plugin='ovs',port_profile=VIFPortProfileOpenVSwitch,preserve_on_delete=False,vif_name='tap8ec4023f-bc')
INFO nova.virt.libvirt.driver [req-6cf12c5b-63f0-4c86-8f29-0bc432b82053] [instance: af208a2c-9c1e-41fc-a762-090a138d59f7] Deleting instance files /opt/stack/data/nova/instances/af208a2c-9c1e-41fc-a762-090a138d59f7_del
INFO nova.virt.libvirt.driver [req-6cf12c5b-63f0-4c86-8f29-0bc432b82053] [instance: af208a2c-9c1e-41fc-a762-090a138d59f7] Deletion of /opt/stack/data/nova/instances/af208a2c-9c1e-41fc-a762-090a138d59f7_del complete
ERROR nova.compute.manager [req-6cf12c5b-63f0-4c86-8f29-0bc432b82053] [instance: af208a2c-9c1e-41fc-a762-090a138d59f7] Instance failed to spawn: nova.exception.VirtualInterfaceCreateException: Virtual Interface creation failed
INFO nova.compute.manager [req-6cf12c5b-63f0-4c86-8f29-0bc432b82053] [instance: af208a2c-9c1e-41fc-a762-090a138d59f7] Terminating instance
INFO nova.virt.libvirt.driver [-] [instance: af208a2c-9c1e-41fc-a762-090a138d59f7] Instance destroyed successfully.
INFO os_vif [req-6cf12c5b-63f0-4c86-8f29-0bc432b82053] Successfully unplugged vif VIFOpenVSwitch(active=False,address=fa:16:3e:87:7c:d2,bridge_name='br-int',has_traffic_filtering=True,id=8ec4023f-bcc0-48c9-ad2c-1939597ea390,network=Network(e1d05e71-2633-456c-a795-7824d1006934),plugin='ovs',port_profile=VIFPortProfileOpenVSwitch,preserve_on_delete=False,vif_name='tap8ec4023f-bc')
INFO nova.virt.libvirt.driver [req-6cf12c5b-63f0-4c86-8f29-0bc432b82053] [instance: af208a2c-9c1e-41fc-a762-090a138d59f7] Deletion of /opt/stack/data/nova/instances/af208a2c-9c1e-41fc-a762-090a138d59f7_del complete
INFO nova.compute.manager [req-6cf12c5b-63f0-4c86-8f29-0bc432b82053] [instance: af208a2c-9c1e-41fc-a762-090a138d59f7] Took 0.21 seconds to destroy the instance on the hypervisor.
ERROR nova.compute.manager [req-6cf12c5b-63f0-4c86-8f29-0bc432b82053] [instance: af208a2c-9c1e-41fc-a762-090a138d59f7] Failed to allocate network(s): nova.exception.VirtualInterfaceCreateException: Virtual Interface creation failed
ERROR nova.compute.manager [req-6cf12c5b-63f0-4c86-8f29-0bc432b82053] [instance: af208a2c-9c1e-41fc-a762-090a138d59f7] Build of instance af208a2c-9c1e-41fc-a762-090a138d59f7 aborted: Failed to allocate the network(s), not rescheduling.: nova.exception.BuildAbortException: Build of instance af208a2c-9c1e-41fc-a762-090a138d59f7 aborted: Failed to allocate the network(s), not rescheduling.
INFO os_vif [req-6cf12c5b-63f0-4c86-8f29-0bc432b82053] Successfully unplugged vif VIFOpenVSwitch(active=False,address=fa:16:3e:87:7c:d2,bridge_name='br-int',has_traffic_filtering=True,id=8ec4023f-bcc0-48c9-ad2c-1939597ea390,network=Network(e1d05e71-2633-456c-a795-7824d1006934),plugin='ovs',port_profile=VIFPortProfileOpenVSwitch,preserve_on_delete=False,vif_name='tap8ec4023f-bc')
INFO nova.compute.manager [req-6cf12c5b-63f0-4c86-8f29-0bc432b82053] [instance: af208a2c-9c1e-41fc-a762-090a138d59f7] Took 1.23 seconds to deallocate network for instance.
INFO nova.scheduler.client.report [req-6cf12c5b-63f0-4c86-8f29-0bc432b82053] Deleted allocation for instance af208a2c-9c1e-41fc-a762-090a138d59f7
INFO os_vif [req-3ae3191a-b1d7-40fc-b352-f3c25ecca931] Successfully plugged vif VIFOpenVSwitch(active=False,address=fa:16:3e:2a:2b:22,bridge_name='br-int',has_traffic_filtering=True,id=cf60a33a-4cfc-4132-908f-11c19680b49c,network=Network(e1d05e71-2633-456c-a795-7824d1006934),plugin='ovs',port_profile=VIFPortProfileOpenVSwitch,preserve_on_delete=False,vif_name='tapcf60a33a-4c')
INFO nova.compute.manager [req-d96524cb-6283-416d-95af-d47508fa2ec5] [instance: b8cd60a8-45ec-492b-85bd-dac8c60419ac] VM Started (Lifecycle Event)
INFO nova.compute.manager [req-d96524cb-6283-416d-95af-d47508fa2ec5] [instance: b8cd60a8-45ec-492b-85bd-dac8c60419ac] VM Paused (Lifecycle Event)
INFO nova.compute.manager [req-d96524cb-6283-416d-95af-d47508fa2ec5] [instance: b8cd60a8-45ec-492b-85bd-dac8c60419ac] During sync_power_state the instance has a pending task (spawning). Skip.
INFO nova.compute.manager [-] [instance: 01c942ae-7fb8-4c31-9815-eb4d67e618e2] VM Stopped (Lifecycle Event)
INFO nova.compute.claims [req-b0e7170b-b3e9-499d-bf32-c8cafdd4e2df] [instance: d263534d-370d-4ace-b7e3-b6d5300a5329] Claim successful on node parisaserver
INFO nova.virt.libvirt.driver [req-b0e7170b-b3e9-499d-bf32-c8cafdd4e2df] [instance: d263534d-370d-4ace-b7e3-b6d5300a5329] Creating image
INFO os_vif [req-3ae3191a-b1d7-40fc-b352-f3c25ecca931] Successfully unplugged vif VIFOpenVSwitch(active=False,address=fa:16:3e:2a:2b:22,bridge_name='br-int',has_traffic_filtering=True,id=cf60a33a-4cfc-4132-908f-11c19680b49c,network=Network(e1d05e71-2633-456c-a795-7824d1006934),plugin='ovs',port_profile=VIFPortProfileOpenVSwitch,preserve_on_delete=False,vif_name='tapcf60a33a-4c')
INFO nova.virt.libvirt.driver [req-3ae3191a-b1d7-40fc-b352-f3c25ecca931] [instance: b8cd60a8-45ec-492b-85bd-dac8c60419ac] Deleting instance files /opt/stack/data/nova/instances/b8cd60a8-45ec-492b-85bd-dac8c60419ac_del
INFO nova.virt.libvirt.driver [req-3ae3191a-b1d7-40fc-b352-f3c25ecca931] [instance: b8cd60a8-45ec-492b-85bd-dac8c60419ac] Deletion of /opt/stack/data/nova/instances/b8cd60a8-45ec-492b-85bd-dac8c60419ac_del complete
ERROR nova.compute.manager [req-3ae3191a-b1d7-40fc-b352-f3c25ecca931] [instance: b8cd60a8-45ec-492b-85bd-dac8c60419ac] Instance failed to spawn: nova.exception.VirtualInterfaceCreateException: Virtual Interface creation failed
INFO nova.compute.manager [req-3ae3191a-b1d7-40fc-b352-f3c25ecca931] [instance: b8cd60a8-45ec-492b-85bd-dac8c60419ac] Terminating instance
10.223.157.186 - - [15/Jul/2009:14:58:59 -0700] "GET / HTTP/1.1" 403 202
10.223.157.186 - - [15/Jul/2009:14:58:59 -0700] "GET /favicon.ico HTTP/1.1" 404 209
10.223.157.186 - - [15/Jul/2009:15:50:35 -0700] "GET / HTTP/1.1" 200 9157
10.223.157.186 - - [15/Jul/2009:15:50:35 -0700] "GET /assets/js/lowpro.js HTTP/1.1" 200 10469
10.223.157.186 - - [15/Jul/2009:15:50:35 -0700] "GET /assets/css/reset.css HTTP/1.1" 200 1014
10.223.157.186 - - [15/Jul/2009:15:50:35 -0700] "GET /assets/css/960.css HTTP/1.1" 200 6206
10.223.157.186 - - [15/Jul/2009:15:50:35 -0700] "GET /assets/css/the-associates.css HTTP/1.1" 200 15779
10.223.157.186 - - [15/Jul/2009:15:50:35 -0700] "GET /assets/js/the-associates.js HTTP/1.1" 200 4492
10.223.157.186 - - [15/Jul/2009:15:50:35 -0700] "GET /assets/js/lightbox.js HTTP/1.1" 200 25960
10.223.157.186 - - [15/Jul/2009:15:50:36 -0700] "GET /assets/img/search-button.gif HTTP/1.1" 200 168
10.223.157.186 - - [15/Jul/2009:15:50:36 -0700] "GET /assets/img/dummy/secondary-news-3.jpg HTTP/1.1" 200 5604
10.223.157.186 - - [15/Jul/2009:15:50:36 -0700] "GET /assets/img/dummy/primary-news-1.jpg HTTP/1.1" 200 10556
10.223.157.186 - - [15/Jul/2009:15:50:36 -0700] "GET /assets/img/dummy/primary-news-2.jpg HTTP/1.1" 200 9925
10.223.157.186 - - [15/Jul/2009:15:50:36 -0700] "GET /assets/img/closelabel.gif HTTP/1.1" 200 979
10.223.157.186 - - [15/Jul/2009:15:50:36 -0700] "GET /assets/img/home-logo.png HTTP/1.1" 200 3892
10.223.157.186 - - [15/Jul/2009:15:50:36 -0700] "GET /assets/img/dummy/secondary-news-2.jpg HTTP/1.1" 200 5397
10.223.157.186 - - [15/Jul/2009:15:50:36 -0700] "GET /assets/img/loading.gif HTTP/1.1" 200 2767
10.223.157.186 - - [15/Jul/2009:15:50:36 -0700] "GET /assets/img/dummy/secondary-news-4.jpg HTTP/1.1" 200 5766
10.223.157.186 - - [15/Jul/2009:15:50:36 -0700] "GET /assets/img/home-media-block-placeholder.jpg HTTP/1.1" 200 68831
10.223.157.186 - - [15/Jul/2009:15:50:37 -0700] "GET /assets/img/dummy/secondary-news-1.jpg HTTP/1.1" 200 5766
10.223.157.186 - - [15/Jul/2009:15:50:37 -0700] "GET /assets/swf/home-media-block.swf HTTP/1.1" 200 123884
10.223.157.186 - - [15/Jul/2009:15:50:51 -0700] "GET / HTTP/1.1" 200 9157
10.223.157.186 - - [15/Jul/2009:15:50:51 -0700] "GET /assets/css/960.css HTTP/1.1" 304 -
10.223.157.186 - - [15/Jul/2009:15:50:51 -0700] "GET /assets/css/the-associates.css HTTP/1.1" 304 -
10.223.157.186 - - [15/Jul/2009:15:50:51 -0700] "GET /assets/js/lowpro.js HTTP/1.1" 304 -
10.223.157.186 - - [15/Jul/2009:15:50:51 -0700] "GET /assets/js/lightbox.js HTTP/1.1" 304 -
10.223.157.186 - - [15/Jul/2009:15:50:51 -0700] "GET /assets/css/reset.css HTTP/1.1" 304 -
10.223.157.186 - - [15/Jul/2009:15:50:51 -0700] "GET /assets/js/the-associates.js HTTP/1.1" 304 -
10.223.157.186 - - [15/Jul/2009:15:50:51 -0700] "GET /assets/img/dummy/secondary-news-4.jpg HTTP/1.1" 304 -
10.223.157.186 - - [15/Jul/2009:15:50:51 -0700] "GET /assets/img/search-button.gif HTTP/1.1" 304 -
10.223.157.186 - - [15/Jul/2009:15:50:51 -0700] "GET /assets/img/dummy/primary-news-1.jpg HTTP/1.1" 304 -
10.223.157.186 - - [15/Jul/2009:15:50:51 -0700] "GET /assets/img/dummy/secondary-news-3.jpg HTTP/1.1" 304 -
10.223.157.186 - - [15/Jul/2009:15:50:51 -0700] "GET /assets/img/home-media-block-placeholder.jpg HTTP/1.1" 304 -
10.223.157.186 - - [15/Jul/2009:15:50:51 -0700] "GET /assets/img/dummy/primary-news-2.jpg HTTP/1.1" 304 -
10.223.157.186 - - [15/Jul/2009:15:50:51 -0700] "GET /assets/img/dummy/secondary-news-1.jpg HTTP/1.1" 304 -
10.223.157.186 - - [15/Jul/2009:15:50:52 -0700] "GET /assets/img/home-logo.png HTTP/1.1" 304 -
10.223.157.186 - - [15/Jul/2009:15:50:52 -0700] "GET /assets/img/dummy/secondary-news-2.jpg HTTP/1.1" 304 -
10.223.157.186 - - [15/Jul/2009:15:50:52 -0700] "GET /assets/img/loading.gif HTTP/1.1" 304 -
10.223.157.186 - - [15/Jul/2009:15:50:52 -0700] "GET /assets/img/closelabel.gif HTTP/1.1" 304 -
10.223.157.186 - - [15/Jul/2009:15:50:52 -0700] "GET /favicon.ico HTTP/1.1" 404 209
10.223.157.186 - - [15/Jul/2009:20:50:29 -0700] "GET / HTTP/1.1" 200 9157
10.223.157.186 - - [15/Jul/2009:20:50:31 -0700] "GET /assets/css/960.css HTTP/1.1" 304 -
10.223.157.186 - - [15/Jul/2009:20:50:31 -0700] "GET /assets/css/the-associates.css HTTP/1.1" 304 -
10.223.157.186 - - [15/Jul/2009:20:50:31 -0700] "GET /assets/js/lightbox.js HTTP/1.1" 304 -
10.223.157.186 - - [15/Jul/2009:20:50:31 -0700] "GET /assets/js/lowpro.js HTTP/1.1" 304 -
10.223.157.186 - - [15/Jul/2009:20:50:32 -0700] "GET /assets/css/reset.css HTTP/1.1" 304 -
10.223.157.186 - - [15/Jul/2009:20:50:32 -0700] "GET /assets/js/the-associates.js HTTP/1.1" 304 -
10.223.157.186 - - [15/Jul/2009:20:50:33 -0700] "GET /assets/img/home-logo.png HTTP/1.1" 304 -
10.223.157.186 - - [15/Jul/2009:20:50:33 -0700] "GET /assets/img/dummy/primary-news-2.jpg HTTP/1.1" 304 -
10.223.157.186 - - [15/Jul/2009:20:50:33 -0700] "GET /assets/img/dummy/primary-news-1.jpg HTTP/1.1" 304 -
10.223.157.186 - - [15/Jul/2009:20:50:33 -0700] "GET /assets/img/home-media-block-placeholder.jpg HTTP/1.1" 304 -
10.223.157.186 - - [15/Jul/2009:20:50:33 -0700] "GET /assets/img/dummy/secondary-news-4.jpg HTTP/1.1" 304 -
10.223.157.186 - - [15/Jul/2009:20:50:33 -0700] "GET /assets/img/loading.gif HTTP/1.1" 304 -
10.223.157.186 - - [15/Jul/2009:20:50:33 -0700] "GET /assets/img/search-button.gif HTTP/1.1" 304 -
10.223.157.186 - - [15/Jul/2009:20:50:33 -0700] "GET /assets/img/dummy/secondary-news-3.jpg HTTP/1.1" 304 -
10.223.157.186 - - [15/Jul/2009:20:50:33 -0700] "GET /assets/img/dummy/secondary-news-2.jpg HTTP/1.1" 304 -
10.223.157.186 - - [15/Jul/2009:20:50:33 -0700] "GET /assets/img/dummy/secondary-news-1.jpg HTTP/1.1" 304 -
10.223.157.186 - - [15/Jul/2009:20:50:33 -0700] "GET /assets/img/closelabel.gif HTTP/1.1" 304 -
10.223.157.186 - - [15/Jul/2009:20:50:33 -0700] "GET /assets/swf/home-media-block.swf HTTP/1.1" 304 -
10.223.157.186 - - [15/Jul/2009:20:50:38 -0700] "GET / HTTP/1.1" 200 9157
10.223.157.186 - - [15/Jul/2009:20:50:38 -0700] "GET /assets/css/reset.css HTTP/1.1" 304 -
10.223.157.186 - - [15/Jul/2009:20:50:38 -0700] "GET /assets/css/960.css HTTP/1.1" 304 -
10.223.157.186 - - [15/Jul/2009:20:50:38 -0700] "GET /assets/js/the-associates.js HTTP/1.1" 304 -
10.223.157.186 - - [15/Jul/2009:20:50:38 -0700] "GET /assets/js/lowpro.js HTTP/1.1" 304 -
10.223.157.186 - - [15/Jul/2009:20:50:38 -0700] "GET /assets/css/the-associates.css HTTP/1.1" 304 -
10.223.157.186 - - [15/Jul/2009:20:50:38 -0700] "GET /assets/js/lightbox.js HTTP/1.1" 304 -
10.223.157.186 - - [15/Jul/2009:20:50:39 -0700] "GET /assets/img/dummy/secondary-news-1.jpg HTTP/1.1" 304 -
10.223.157.186 - - [15/Jul/2009:20:50:39 -0700] "GET /assets/img/dummy/secondary-news-4.jpg HTTP/1.1" 304 -
10.223.157.186 - - [15/Jul/2009:20:50:39 -0700] "GET /assets/img/search-button.gif HTTP/1.1" 304 -
10.223.157.186 - - [15/Jul/2009:20:50:39 -0700] "GET /assets/img/dummy/primary-news-2.jpg HTTP/1.1" 304 -
10.223.157.186 - - [15/Jul/2009:20:50:39 -0700] "GET /assets/img/home-media-block-placeholder.jpg HTTP/1.1" 304 -
10.223.157.186 - - [15/Jul/2009:20:50:39 -0700] "GET /assets/img/dummy/primary-news-1.jpg HTTP/1.1" 304 -
10.223.157.186 - - [15/Jul/2009:20:50:39 -0700] "GET /assets/img/home-logo.png HTTP/1.1" 304 -
10.223.157.186 - - [15/Jul/2009:20:50:39 -0700] "GET /assets/img/dummy/secondary-news-2.jpg HTTP/1.1" 304 -
10.223.157.186 - - [15/Jul/2009:20:50:39 -0700] "GET /assets/img/dummy/secondary-news-3.jpg HTTP/1.1" 304 -
10.223.157.186 - - [15/Jul/2009:20:50:39 -0700] "GET /assets/img/closelabel.gif HTTP/1.1" 304 -
10.223.157.186 - - [15/Jul/2009:20:50:39 -0700] "GET /assets/img/loading.gif HTTP/1.1" 304 -
10.223.157.186 - - [15/Jul/2009:20:50:39 -0700] "GET /favicon.ico HTTP/1.1" 404 209
10.223.157.186 - - [15/Jul/2009:21:04:42 -0700] "GET / HTTP/1.1" 200 524
10.223.157.186 - - [15/Jul/2009:21:04:43 -0700] "GET /favicon.ico HTTP/1.1" 404 209
10.223.157.186 - - [15/Jul/2009:21:06:22 -0700] "GET / HTTP/1.1" 200 524
10.223.157.186 - - [15/Jul/2009:21:06:23 -0700] "GET /favicon.ico HTTP/1.1" 404 209
10.223.157.186 - - [15/Jul/2009:21:12:41 -0700] "GET / HTTP/1.1" 200 524
10.223.157.186 - - [15/Jul/2009:21:12:41 -0700] "GET /favicon.ico HTTP/1.1" 404 209
10.223.157.186 - - [15/Jul/2009:21:13:28 -0700] "GET / HTTP/1.1" 200 524
10.223.157.186 - - [15/Jul/2009:21:13:29 -0700] "GET /favicon.ico HTTP/1.1" 404 209
10.223.157.186 - - [15/Jul/2009:21:24:10 -0700] "GET / HTTP/1.1" 200 7616
10.223.157.186 - - [15/Jul/2009:21:24:10 -0700] "GET /assets/js/the-associates.js HTTP/1.1" 200 4492
10.223.157.186 - - [15/Jul/2009:21:24:10 -0700] "GET /assets/css/reset.css HTTP/1.1" 200 1014
10.223.157.186 - - [15/Jul/2009:21:24:10 -0700] "GET /assets/css/the-associates.css HTTP/1.1" 200 15779
10.223.157.186 - - [15/Jul/2009:21:24:10 -0700] "GET /assets/js/lightbox.js HTTP/1.1" 200 25960
10.223.157.186 - - [15/Jul/2009:21:24:11 -0700] "GET /assets/js/lowpro.js HTTP/1.1" 200 10469
10.223.157.186 - - [15/Jul/2009:21:24:11 -0700] "GET /assets/css/960.css HTTP/1.1" 200 6206
10.223.157.186 - - [15/Jul/2009:21:24:11 -0700] "GET /assets/img/loading.gif HTTP/1.1" 200 2767
10.223.157.186 - - [15/Jul/2009:21:24:11 -0700] "GET /assets/img/dummy/primary-news-2.jpg HTTP/1.1" 200 9925
10.223.157.186 - - [15/Jul/2009:21:24:11 -0700] "GET /assets/img/search-button.gif HTTP/1.1" 200 168
10.223.157.186 - - [15/Jul/2009:21:24:11 -0700] "GET /assets/img/dummy/secondary-news-4.jpg HTTP/1.1" 200 5766
10.223.157.186 - - [15/Jul/2009:21:24:11 -0700] "GET /assets/img/home-logo.png HTTP/1.1" 200 3892
10.223.157.186 - - [15/Jul/2009:21:24:11 -0700] "GET /assets/img/dummy/primary-news-1.jpg HTTP/1.1" 200 10556
10.223.157.186 - - [15/Jul/2009:21:24:11 -0700] "GET /assets/img/dummy/secondary-news-2.jpg HTTP/1.1" 200 5397
10.223.157.186 - - [15/Jul/2009:21:24:11 -0700] "GET /assets/img/closelabel.gif HTTP/1.1" 200 979
10.223.157.186 - - [15/Jul/2009:21:24:11 -0700] "GET /assets/img/dummy/secondary-news-1.jpg HTTP/1.1" 200 5766
10.223.157.186 - - [15/Jul/2009:21:24:11 -0700] "GET /assets/img/home-media-block-placeholder.jpg HTTP/1.1" 200 68831
10.223.157.186 - - [15/Jul/2009:21:24:12 -0700] "GET /assets/img/dummy/secondary-news-3.jpg HTTP/1.1" 200 5604
10.223.157.186 - - [15/Jul/2009:21:24:12 -0700] "GET /favicon.ico HTTP/1.1" 404 209
10.223.157.186 - - [15/Jul/2009:21:24:12 -0700] "GET /assets/swf/home-media-block.swf HTTP/1.1" 200 123884
10.223.157.186 - - [15/Jul/2009:21:24:14 -0700] "GET /displaytitle.php?id=10 HTTP/1.1" 200 9927
233.223.117.90 - - [27/Dec/2037:12:00:00 +0530] "DELETE /usr/admin HTTP/1.0" 502 4963 "-" "Mozilla/5.0 (Windows NT 10.0; Win64; x64) AppleWebKit/537.36 (KHTML, like Gecko) Chrome/89.0.4380.0 Safari/537.36 Edg/89.0.759.0" 45
162.253.4.179 - - [27/Dec/2037:12:00:00 +0530] "GET /usr/admin/developer HTTP/1.0" 200 5041 "http://www.parker-miller.org/tag/list/list/privacy/" "Mozilla/5.0 (Windows NT 10.0; Win64; x64) AppleWebKit/537.36 (KHTML, like Gecko) Chrome/87.0.4280.141 Safari/537.36" 3885
252.156.232.172 - - [27/Dec/2037:12:00:00 +0530] "POST /usr/register HTTP/1.0" 404 5028 "-" "Mozilla/5.0 (Windows NT 10.0; Win64; x64) AppleWebKit/537.36 (KHTML, like Gecko) Chrome/87.0.4280.88 Safari/537.36 OPR/73.0.3856.329" 3350
182.215.249.159 - - [27/Dec/2037:12:00:00 +0530] "PUT /usr/register HTTP/1.0" 304 4936 "http://www.parker-miller.org/tag/list/list/privacy/" "Mozilla/5.0 (Android 10; Mobile; rv:84.0) Gecko/84.0 Firefox/84.0" 767
160.36.208.51 - - [27/Dec/2037:12:00:00 +0530] "POST /usr HTTP/1.0" 304 4979 "http://www.parker-miller.org/tag/list/list/privacy/" "Mozilla/5.0 (Linux; Android 10; ONEPLUS A6000) AppleWebKit/537.36 (KHTML, like Gecko) Chrome/86.0.4240.198 Mobile Safari/537.36 OPR/61.2.3076.56749" 84
255.231.52.33 - - [27/Dec/2037:12:00:00 +0530] "PUT /usr/admin/developer HTTP/1.0" 403 5054 "http://www.parker-miller.org/tag/list/list/privacy/" "Mozilla/5.0 (Windows NT 10.0; Win64; x64) AppleWebKit/537.36 (KHTML, like Gecko) Chrome/87.0.4280.88 Safari/537.36 OPR/73.0.3856.329" 3629
238.217.83.154 - - [27/Dec/2037:12:00:00 +0530] "DELETE /usr/register HTTP/1.0" 304 5152 "-" "Mozilla/5.0 (Windows NT 10.0; Win64; x64) AppleWebKit/537.36 (KHTML, like Gecko) Chrome/89.0.4380.0 Safari/537.36 Edg/89.0.759.0" 4679
119.170.1.203 - - [27/Dec/2037:12:00:00 +0530] "GET /usr HTTP/1.0" 303 5011 "http://www.parker-miller.org/tag/list/list/privacy/" "Mozilla/5.0 (Linux; Android 10; ONEPLUS A6000) AppleWebKit/537.36 (KHTML, like Gecko) Chrome/87.0.4280.141 Mobile Safari/537.36" 4541
59.107.116.6 - - [27/Dec/2037:12:00:00 +0530] "POST /usr HTTP/1.0" 502 5008 "-" "Mozilla/5.0 (Macintosh; Intel Mac OS X 10_9_3) AppleWebKit/537.75.14 (KHTML, like Gecko) Version/7.0.3 Safari/7046A194A" 1213
137.196.118.126 - - [27/Dec/2037:12:00:00 +0530] "DELETE /usr/admin HTTP/1.0" 500 4960 "-" "Mozilla/5.0 (iPhone; CPU iPhone OS 12_4_9 like Mac OS X) AppleWebKit/605.1.15 (KHTML, like Gecko) Version/12.1.2 Mobile/15E148 Safari/604.1" 4068
26.167.128.186 - - [27/Dec/2037:12:00:00 +0530] "PUT /usr/admin/developer HTTP/1.0" 502 5060 "http://www.parker-miller.org/tag/list/list/privacy/" "Mozilla/5.0 (Windows NT 10.0; Win64; x64) AppleWebKit/537.36 (KHTML, like Gecko) Chrome/87.0.4280.88 Safari/537.36 OPR/73.0.3856.329" 3253
144.140.97.239 - - [27/Dec/2037:12:00:00 +0530] "PUT /usr/register HTTP/1.0" 200 4934 "http://www.parker-miller.org/tag/list/list/privacy/" "Mozilla/5.0 (Windows NT 10.0; Win64; x64) AppleWebKit/537.36 (KHTML, like Gecko) Chrome/87.0.4280.141 Safari/537.36" 1286
86.194.222.239 - - [27/Dec/2037:12:00:00 +0530] "PUT /usr HTTP/1.0" 500 4881 "-" "Mozilla/5.0 (Linux; Android 10; ONEPLUS A6000) AppleWebKit/537.36 (KHTML, like Gecko) Chrome/77.0.3865.116 Mobile Safari/537.36 EdgA/45.12.4.5121" 4049
254.54.186.144 - - [27/Dec/2037:12:00:00 +0530] "GET /usr/register HTTP/1.0" 500 5044 "http://www.parker-miller.org/tag/list/list/privacy/" "Mozilla/5.0 (Windows NT 10.0; Win64; x64) AppleWebKit/537.36 (KHTML, like Gecko) Chrome/87.0.4280.88 Safari/537.36 OPR/73.0.3856.329" 4237
55.25.7.93 - - [27/Dec/2037:12:00:00 +0530] "GET /usr/admin HTTP/1.0" 304 5016 "http://www.parker-miller.org/tag/list/list/privacy/" "Mozilla/5.0 (Windows NT 10.0; Win64; x64) AppleWebKit/537.36 (KHTML, like Gecko) Chrome/87.0.4280.88 Safari/537.36 OPR/73.0.3856.329" 2670
154.131.45.155 - - [27/Dec/2037:12:00:00 +0530] "GET /usr/login HTTP/1.0" 200 5059 "-" "Mozilla/5.0 (Android 10; Mobile; rv:84.0) Gecko/84.0 Firefox/84.0" 607
207.194.20.187 - - [27/Dec/2037:12:00:00 +0530] "PUT /usr HTTP/1.0" 303 4989 "-" "Mozilla/5.0 (Linux; Android 10; ONEPLUS A6000) AppleWebKit/537.36 (KHTML, like Gecko) Chrome/77.0.3865.116 Mobile Safari/537.36 EdgA/45.12.4.5121" 4241
202.8.213.171 - - [27/Dec/2037:12:00:00 +0530] "PUT /usr/login HTTP/1.0" 403 4957 "http://www.parker-miller.org/tag/list/list/privacy/" "Mozilla/5.0 (Linux; Android 10; ONEPLUS A6000) AppleWebKit/537.36 (KHTML, like Gecko) Chrome/86.0.4240.198 Mobile Safari/537.36 OPR/61.2.3076.56749" 3707
26.44.136.193 - - [27/Dec/2037:12:00:00 +0530] "GET /usr/register HTTP/1.0" 404 4925 "http://www.parker-miller.org/tag/list/list/privacy/" "Mozilla/5.0 (Windows NT 10.0; Win64; x64; rv:84.0) Gecko/20100101 Firefox/84.0" 4684
217.20.3.105 - - [27/Dec/2037:12:00:00 +0530] "PUT /usr HTTP/1.0" 304 4951 "-" "Mozilla/5.0 (Macintosh; Intel Mac OS X 10_9_3) AppleWebKit/537.75.14 (KHTML, like Gecko) Version/7.0.3 Safari/7046A194A" 1515
255.27.84.112 - - [27/Dec/2037:12:00:00 +0530] "DELETE /usr/admin HTTP/1.0" 304 5089 "http://www.parker-miller.org/tag/list/list/privacy/" "Mozilla/5.0 (iPhone; CPU iPhone OS 12_4_9 like Mac OS X) AppleWebKit/605.1.15 (KHTML, like Gecko) Version/12.1.2 Mobile/15E148 Safari/604.1" 3179
203.40.76.61 - - [27/Dec/2037:12:00:00 +0530] "PUT /usr/admin HTTP/1.0" 200 4922 "-" "Mozilla/5.0 (Macintosh; Intel Mac OS X 10_9_3) AppleWebKit/537.75.14 (KHTML, like Gecko) Version/7.0.3 Safari/7046A194A" 1837
149.194.199.18 - - [27/Dec/2037:12:00:00 +0530] "GET /usr/register HTTP/1.0" 502 5017 "-" "Mozilla/5.0 (Linux; Android 10; ONEPLUS A6000) AppleWebKit/537.36 (KHTML, like Gecko) Chrome/87.0.4280.141 Mobile Safari/537.36" 1753
41.193.26.139 - - [27/Dec/2037:12:00:00 +0530] "PUT /usr HTTP/1.0" 200 4917 "http://www.parker-miller.org/tag/list/list/privacy/" "Mozilla/5.0 (iPhone; CPU iPhone OS 12_4_9 like Mac OS X) AppleWebKit/605.1.15 (KHTML, like Gecko) Version/12.1.2 Mobile/15E148 Safari/604.1" 4811
78.88.250.115 - - [27/Dec/2037:12:00:00 +0530] "DELETE /usr/admin/developer HTTP/1.0" 502 4986 "-" "Mozilla/5.0 (Macintosh; Intel Mac OS X 10_9_3) AppleWebKit/537.75.14 (KHTML, like Gecko) Version/7.0.3 Safari/7046A194A" 3824
115.101.165.251 - - [27/Dec/2037:12:00:00 +0530] "POST /usr HTTP/1.0" 304 4965 "-" "Mozilla/5.0 (Windows NT 10.0; Win64; x64) AppleWebKit/537.36 (KHTML, like Gecko) Chrome/87.0.4280.88 Safari/537.36 OPR/73.0.3856.329" 4291
71.158.198.139 - - [27/Dec/2037:12:00:00 +0530] "DELETE /usr/login HTTP/1.0" 304 5077 "http://www.parker-miller.org/tag/list/list/privacy/" "Mozilla/5.0 (Android 10; Mobile; rv:84.0) Gecko/84.0 Firefox/84.0" 516
211.69.213.210 - - [27/Dec/2037:12:00:00 +0530] "GET /usr/register HTTP/1.0" 304 4992 "-" "Mozilla/5.0 (Android 10; Mobile; rv:84.0) Gecko/84.0 Firefox/84.0" 379
125.87.60.188 - - [27/Dec/2037:12:00:00 +0530] "GET /usr HTTP/1.0" 404 4961 "http://www.parker-miller.org/tag/list/list/privacy/" "Mozilla/5.0 (Windows NT 10.0; Win64; x64) AppleWebKit/537.36 (KHTML, like Gecko) Chrome/87.0.4280.88 Safari/537.36 OPR/73.0.3856.329" 2529
183.129.168.199 - - [27/Dec/2037:12:00:00 +0530] "PUT /usr/register HTTP/1.0" 404 4990 "http://www.parker-miller.org/tag/list/list/privacy/" "Mozilla/5.0 (Linux; Android 10; ONEPLUS A6000) AppleWebKit/537.36 (KHTML, like Gecko) Chrome/86.0.4240.198 Mobile Safari/537.36 OPR/61.2.3076.56749" 788
73.91.150.125 - - [27/Dec/2037:12:00:00 +0530] "GET /usr HTTP/1.0" 502 5028 "-" "Mozilla/5.0 (Windows NT 10.0; Win64; x64) AppleWebKit/537.36 (KHTML, like Gecko) Chrome/89.0.4380.0 Safari/537.36 Edg/89.0.759.0" 3099
102.247.49.87 - - [27/Dec/2037:12:00:00 +0530] "GET /usr/login HTTP/1.0" 200 4959 "-" "Mozilla/5.0 (Windows NT 10.0; Win64; x64) AppleWebKit/537.36 (KHTML, like Gecko) Chrome/89.0.4380.0 Safari/537.36 Edg/89.0.759.0" 2248
213.90.185.182 - - [27/Dec/2037:12:00:00 +0530] "POST /usr HTTP/1.0" 303 4926 "-" "Mozilla/5.0 (Windows NT 10.0; Win64; x64) AppleWebKit/537.36 (KHTML, like Gecko) Chrome/89.0.4380.0 Safari/537.36 Edg/89.0.759.0" 822
23.162.51.3 - - [27/Dec/2037:12:00:00 +0530] "POST /usr/login HTTP/1.0" 502 4940 "http://www.parker-miller.org/tag/list/list/privacy/" "Mozilla/5.0 (Windows NT 10.0; Win64; x64) AppleWebKit/537.36 (KHTML, like Gecko) Chrome/87.0.4280.141 Safari/537.36" 4686
84.89.201.191 - - [27/Dec/2037:12:00:00 +0530] "DELETE /usr/register HTTP/1.0" 502 4997 "-" "Mozilla/5.0 (Linux; Android 10; ONEPLUS A6000) AppleWebKit/537.36 (KHTML, like Gecko) Chrome/86.0.4240.198 Mobile Safari/537.36 OPR/61.2.3076.56749" 4104
81.23.229.106 - - [27/Dec/2037:12:00:00 +0530] "PUT /usr/login HTTP/1.0" 502 5019 "-" "Mozilla/5.0 (Linux; Android 10; ONEPLUS A6000) AppleWebKit/537.36 (KHTML, like Gecko) Chrome/77.0.3865.116 Mobile Safari/537.36 EdgA/45.12.4.5121" 3805
230.230.213.17 - - [27/Dec/2037:12:00:00 +0530] "PUT /usr/admin HTTP/1.0" 403 5024 "-" "Mozilla/5.0 (Windows NT 10.0; Win64; x64) AppleWebKit/537.36 (KHTML, like Gecko) Chrome/89.0.4380.0 Safari/537.36 Edg/89.0.759.0" 3354
148.5.169.251 - - [27/Dec/2037:12:00:00 +0530] "DELETE /usr/admin HTTP/1.0" 200 5044 "http://www.parker-miller.org/tag/list/list/privacy/" "Mozilla/5.0 (Android 10; Mobile; rv:84.0) Gecko/84.0 Firefox/84.0" 1409
90.64.62.239 - - [27/Dec/2037:12:00:00 +0530] "PUT /usr/admin/developer HTTP/1.0" 500 4947 "http://www.parker-miller.org/tag/list/list/privacy/" "Mozilla/5.0 (Linux; Android 10; ONEPLUS A6000) AppleWebKit/537.36 (KHTML, like Gecko) Chrome/87.0.4280.141 Mobile Safari/537.36" 1127
97.15.37.214 - - [27/Dec/2037:12:00:00 +0530] "PUT /usr/login HTTP/1.0" 404 4980 "-" "Mozilla/5.0 (Windows NT 10.0; Win64; x64; rv:84.0) Gecko/20100101 Firefox/84.0" 2258
159.238.93.133 - - [27/Dec/2037:12:00:00 +0530] "POST /usr/register HTTP/1.0" 200 4959 "http://www.parker-miller.org/tag/list/list/privacy/" "Mozilla/5.0 (Linux; Android 10; ONEPLUS A6000) AppleWebKit/537.36 (KHTML, like Gecko) Chrome/86.0.4240.198 Mobile Safari/537.36 OPR/61.2.3076.56749" 4871
223.254.74.157 - - [27/Dec/2037:12:00:00 +0530] "GET /usr/admin HTTP/1.0" 303 4989 "-" "Mozilla/5.0 (Linux; Android 10; ONEPLUS A6000) AppleWebKit/537.36 (KHTML, like Gecko) Chrome/87.0.4280.141 Mobile Safari/537.36" 1995
238.204.144.175 - - [27/Dec/2037:12:00:00 +0530] "POST /usr/login HTTP/1.0" 500 5056 "http://www.parker-miller.org/tag/list/list/privacy/" "Mozilla/5.0 (Linux; Android 10; ONEPLUS A6000) AppleWebKit/537.36 (KHTML, like Gecko) Chrome/87.0.4280.141 Mobile Safari/537.36" 455
66.181.188.94 - - [27/Dec/2037:12:00:00 +0530] "POST /usr HTTP/1.0" 200 4966 "-" "Mozilla/5.0 (Windows NT 10.0; Win64; x64) AppleWebKit/537.36 (KHTML, like Gecko) Chrome/89.0.4380.0 Safari/537.36 Edg/89.0.759.0" 3609
71.8.223.77 - - [27/Dec/2037:12:00:00 +0530] "GET /usr/login HTTP/1.0" 502 4950 "http://www.parker-miller.org/tag/list/list/privacy/" "Mozilla/5.0 (Windows NT 10.0; Win64; x64) AppleWebKit/537.36 (KHTML, like Gecko) Chrome/89.0.4380.0 Safari/537.36 Edg/89.0.759.0" 480
228.181.201.16 - - [27/Dec/2037:12:00:00 +0530] "PUT /usr/login HTTP/1.0" 403 4936 "http://www.parker-miller.org/tag/list/list/privacy/" "Mozilla/5.0 (Android 10; Mobile; rv:84.0) Gecko/84.0 Firefox/84.0" 808
172.175.150.80 - - [27/Dec/2037:12:00:00 +0530] "PUT /usr/admin/developer HTTP/1.0" 303 4986 "http://www.parker-miller.org/tag/list/list/privacy/" "Mozilla/5.0 (Linux; Android 10; ONEPLUS A6000) AppleWebKit/537.36 (KHTML, like Gecko) Chrome/87.0.4280.141 Mobile Safari/537.36" 1160
127.72.62.237 - - [27/Dec/2037:12:00:00 +0530] "POST /usr/admin/developer HTTP/1.0" 502 4955 "-" "Mozilla/5.0 (Windows NT 10.0; Win64; x64) AppleWebKit/537.36 (KHTML, like Gecko) Chrome/87.0.4280.141 Safari/537.36" 4370
58.30.103.184 - - [27/Dec/2037:12:00:00 +0530] "POST /usr/admin HTTP/1.0" 500 5024 "http://www.parker-miller.org/tag/list/list/privacy/" "Mozilla/5.0 (Macintosh; Intel Mac OS X 10_9_3) AppleWebKit/537.75.14 (KHTML, like Gecko) Version/7.0.3 Safari/7046A194A" 1994
93.47.162.191 - - [27/Dec/2037:12:00:00 +0530] "GET /usr/admin HTTP/1.0" 404 4967 "-" "Mozilla/5.0 (iPhone; CPU iPhone OS 12_4_9 like Mac OS X) AppleWebKit/605.1.15 (KHTML, like Gecko) Version/12.1.2 Mobile/15E148 Safari/604.1" 1988
46.141.41.90 - - [27/Dec/2037:12:00:00 +0530] "DELETE /usr/admin/developer HTTP/1.0" 304 4981 "-" "Mozilla/5.0 (iPhone; CPU iPhone OS 12_4_9 like Mac OS X) AppleWebKit/605.1.15 (KHTML, like Gecko) Version/12.1.2 Mobile/15E148 Safari/604.1" 4899
40.129.224.59 - - [27/Dec/2037:12:00:00 +0530] "DELETE /usr/login HTTP/1.0" 304 5023 "-" "Mozilla/5.0 (Linux; Android 10; ONEPLUS A6000) AppleWebKit/537.36 (KHTML, like Gecko) Chrome/77.0.3865.116 Mobile Safari/537.36 EdgA/45.12.4.5121" 1028
183.51.44.206 - - [27/Dec/2037:12:00:00 +0530] "PUT /usr/login HTTP/1.0" 303 4952 "http://www.parker-miller.org/tag/list/list/privacy/" "Mozilla/5.0 (Macintosh; Intel Mac OS X 10_9_3) AppleWebKit/537.75.14 (KHTML, like Gecko) Version/7.0.3 Safari/7046A194A" 2516
190.247.167.164 - - [27/Dec/2037:12:00:00 +0530] "POST /usr/admin HTTP/1.0" 500 5005 "-" "Mozilla/5.0 (Linux; Android 10; ONEPLUS A6000) AppleWebKit/537.36 (KHTML, like Gecko) Chrome/86.0.4240.198 Mobile Safari/537.36 OPR/61.2.3076.56749" 1346
183.155.98.170 - - [27/Dec/2037:12:00:00 +0530] "DELETE /usr HTTP/1.0" 404 5098 "http://www.parker-miller.org/tag/list/list/privacy/" "Mozilla/5.0 (Linux; Android 10; ONEPLUS A6000) AppleWebKit/537.36 (KHTML, like Gecko) Chrome/77.0.3865.116 Mobile Safari/537.36 EdgA/45.12.4.5121" 374
142.20.69.223 - - [27/Dec/2037:12:00:00 +0530] "DELETE /usr HTTP/1.0" 403 5038 "-" "Mozilla/5.0 (Windows NT 10.0; Win64; x64) AppleWebKit/537.36 (KHTML, like Gecko) Chrome/87.0.4280.141 Safari/537.36" 4252
157.44.23.213 - - [27/Dec/2037:12:00:00 +0530] "PUT /usr/login HTTP/1.0" 500 5022 "-" "Mozilla/5.0 (Linux; Android 10; ONEPLUS A6000) AppleWebKit/537.36 (KHTML, like Gecko) Chrome/86.0.4240.198 Mobile Safari/537.36 OPR/61.2.3076.56749" 4104
136.170.251.93 - - [27/Dec/2037:12:00:00 +0530] "DELETE /usr/login HTTP/1.0" 303 4978 "-" "Mozilla/5.0 (Windows NT 10.0; Win64; x64) AppleWebKit/537.36 (KHTML, like Gecko) Chrome/87.0.4280.88 Safari/537.36 OPR/73.0.3856.329" 989
224.219.85.67 - - [27/Dec/2037:12:00:00 +0530] "GET /usr/admin/developer HTTP/1.0" 500 5006 "-" "Mozilla/5.0 (Windows NT 10.0; Win64; x64; rv:84.0) Gecko/20100101 Firefox/84.0" 3507
85.2.215.227 - - [27/Dec/2037:12:00:00 +0530] "POST /usr/register HTTP/1.0" 500 4980 "-" "Mozilla/5.0 (Windows NT 10.0; Win64; x64) AppleWebKit/537.36 (KHTML, like Gecko) Chrome/87.0.4280.88 Safari/537.36 OPR/73.0.3856.329" 2580
172.172.252.161 - - [27/Dec/2037:12:00:00 +0530] "DELETE /usr/register HTTP/1.0" 303 4969 "http://www.parker-miller.org/tag/list/list/privacy/" "Mozilla/5.0 (Macintosh; Intel Mac OS X 10_9_3) AppleWebKit/537.75.14 (KHTML, like Gecko) Version/7.0.3 Safari/7046A194A" 1618
137.205.180.143 - - [27/Dec/2037:12:00:00 +0530] "POST /usr/admin/developer HTTP/1.0" 304 5053 "-" "Mozilla/5.0 (Macintosh; Intel Mac OS X 10_9_3) AppleWebKit/537.75.14 (KHTML, like Gecko) Version/7.0.3 Safari/7046A194A" 1005
41.204.111.51 - - [27/Dec/2037:12:00:00 +0530] "POST /usr/admin/developer HTTP/1.0" 403 5044 "-" "Mozilla/5.0 (Windows NT 10.0; Win64; x64) AppleWebKit/537.36 (KHTML, like Gecko) Chrome/89.0.4380.0 Safari/537.36 Edg/89.0.759.0" 2347
214.60.60.96 - - [27/Dec/2037:12:00:00 +0530] "POST /usr/admin HTTP/1.0" 304 5001 "http://www.parker-miller.org/tag/list/list/privacy/" "Mozilla/5.0 (Windows NT 10.0; Win64; x64; rv:84.0) Gecko/20100101 Firefox/84.0" 2634
0.89.70.97 - - [27/Dec/2037:12:00:00 +0530] "DELETE /usr/login HTTP/1.0" 303 5017 "-" "Mozilla/5.0 (Windows NT 10.0; Win64; x64) AppleWebKit/537.36 (KHTML, like Gecko) Chrome/87.0.4280.141 Safari/537.36" 3328
93.234.0.101 - - [27/Dec/2037:12:00:00 +0530] "POST /usr/login HTTP/1.0" 200 5088 "http://www.parker-miller.org/tag/list/list/privacy/" "Mozilla/5.0 (Macintosh; Intel Mac OS X 10_9_3) AppleWebKit/537.75.14 (KHTML, like Gecko) Version/7.0.3 Safari/7046A194A" 296
132.176.187.103 - - [27/Dec/2037:12:00:00 +0530] "DELETE /usr/admin/developer HTTP/1.0" 500 4973 "http://www.parker-miller.org/tag/list/list/privacy/" "Mozilla/5.0 (Windows NT 10.0; Win64; x64) AppleWebKit/537.36 (KHTML, like Gecko) Chrome/89.0.4380.0 Safari/537.36 Edg/89.0.759.0" 4576
49.144.29.85 - - [27/Dec/2037:12:00:00 +0530] "GET /usr/admin/developer HTTP/1.0" 500 5029 "-" "Mozilla/5.0 (Windows NT 10.0; Win64; x64) AppleWebKit/537.36 (KHTML, like Gecko) Chrome/87.0.4280.88 Safari/537.36 OPR/73.0.3856.329" 4190
106.15.105.115 - - [27/Dec/2037:12:00:00 +0530] "PUT /usr/register HTTP/1.0" 200 5046 "http://www.parker-miller.org/tag/list/list/privacy/" "Mozilla/5.0 (Android 10; Mobile; rv:84.0) Gecko/84.0 Firefox/84.0" 3713
187.13.150.49 - - [27/Dec/2037:12:00:00 +0530] "PUT /usr HTTP/1.0" 502 5029 "http://www.parker-miller.org/tag/list/list/privacy/" "Mozilla/5.0 (Windows NT 10.0; Win64; x64) AppleWebKit/537.36 (KHTML, like Gecko) Chrome/89.0.4380.0 Safari/537.36 Edg/89.0.759.0" 4235
213.127.117.32 - - [27/Dec/2037:12:00:00 +0530] "PUT /usr/register HTTP/1.0" 303 5036 "http://www.parker-miller.org/tag/list/list/privacy/" "Mozilla/5.0 (Windows NT 10.0; Win64; x64; rv:84.0) Gecko/20100101 Firefox/84.0" 2636
220.194.253.161 - - [27/Dec/2037:12:00:00 +0530] "GET /usr HTTP/1.0" 303 4966 "http://www.parker-miller.org/tag/list/list/privacy/" "Mozilla/5.0 (Windows NT 10.0; Win64; x64) AppleWebKit/537.36 (KHTML, like Gecko) Chrome/89.0.4380.0 Safari/537.36 Edg/89.0.759.0" 1244
247.61.75.27 - - [27/Dec/2037:12:00:00 +0530] "POST /usr/admin HTTP/1.0" 502 4931 "-" "Mozilla/5.0 (Linux; Android 10; ONEPLUS A6000) AppleWebKit/537.36 (KHTML, like Gecko) Chrome/87.0.4280.141 Mobile Safari/537.36" 4915
233.228.7.148 - - [27/Dec/2037:12:00:00 +0530] "PUT /usr/login HTTP/1.0" 404 5066 "http://www.parker-miller.org/tag/list/list/privacy/" "Mozilla/5.0 (Android 10; Mobile; rv:84.0) Gecko/84.0 Firefox/84.0" 4674
142.19.81.223 - - [27/Dec/2037:12:00:00 +0530] "POST /usr/register HTTP/1.0" 200 4924 "-" "Mozilla/5.0 (Windows NT 10.0; Win64; x64) AppleWebKit/537.36 (KHTML, like Gecko) Chrome/87.0.4280.141 Safari/537.36" 1795
103.176.203.18 - - [27/Dec/2037:12:00:00 +0530] "DELETE /usr/admin HTTP/1.0" 404 5033 "http://www.parker-miller.org/tag/list/list/privacy/" "Mozilla/5.0 (Macintosh; Intel Mac OS X 10_9_3) AppleWebKit/537.75.14 (KHTML, like Gecko) Version/7.0.3 Safari/7046A194A" 371
76.54.177.164 - - [27/Dec/2037:12:00:00 +0530] "DELETE /usr/login HTTP/1.0" 500 4969 "-" "Mozilla/5.0 (Linux; Android 10; ONEPLUS A6000) AppleWebKit/537.36 (KHTML, like Gecko) Chrome/77.0.3865.116 Mobile Safari/537.36 EdgA/45.12.4.5121" 1406
68.226.160.154 - - [27/Dec/2037:12:00:00 +0530] "PUT /usr HTTP/1.0" 303 5035 "http://www.parker-miller.org/tag/list/list/privacy/" "Mozilla/5.0 (Linux; Android 10; ONEPLUS A6000) AppleWebKit/537.36 (KHTML, like Gecko) Chrome/77.0.3865.116 Mobile Safari/537.36 EdgA/45.12.4.5121" 2123
112.164.86.231 - - [27/Dec/2037:12:00:00 +0530] "POST /usr/admin/developer HTTP/1.0" 403 5024 "-" "Mozilla/5.0 (Windows NT 10.0; Win64; x64) AppleWebKit/537.36 (KHTML, like Gecko) Chrome/87.0.4280.88 Safari/537.36 OPR/73.0.3856.329" 2738
68.186.225.176 - - [27/Dec/2037:12:00:00 +0530] "DELETE /usr HTTP/1.0" 500 5101 "http://www.parker-miller.org/tag/list/list/privacy/" "Mozilla/5.0 (Linux; Android 10; ONEPLUS A6000) AppleWebKit/537.36 (KHTML, like Gecko) Chrome/77.0.3865.116 Mobile Safari/537.36 EdgA/45.12.4.5121" 1323
12.131.19.214 - - [27/Dec/2037:12:00:00 +0530] "GET /usr/admin/developer HTTP/1.0" 404 4981 "http://www.parker-miller.org/tag/list/list/privacy/" "Mozilla/5.0 (iPhone; CPU iPhone OS 12_4_9 like Mac OS X) AppleWebKit/605.1.15 (KHTML, like Gecko) Version/12.1.2 Mobile/15E148 Safari/604.1" 3119
141.46.157.247 - - [27/Dec/2037:12:00:00 +0530] "DELETE /usr/register HTTP/1.0" 304 4965 "-" "Mozilla/5.0 (Windows NT 10.0; Win64; x64) AppleWebKit/537.36 (KHTML, like Gecko) Chrome/87.0.4280.88 Safari/537.36 OPR/73.0.3856.329" 4761
195.47.94.9 - - [27/Dec/2037:12:00:00 +0530] "PUT /usr/admin/developer HTTP/1.0" 304 5024 "http://www.parker-miller.org/tag/list/list/privacy/" "Mozilla/5.0 (Android 10; Mobile; rv:84.0) Gecko/84.0 Firefox/84.0" 2652
65.104.60.28 - - [27/Dec/2037:12:00:00 +0530] "GET /usr/admin HTTP/1.0" 304 5084 "http://www.parker-miller.org/tag/list/list/privacy/" "Mozilla/5.0 (Windows NT 10.0; Win64; x64) AppleWebKit/537.36 (KHTML, like Gecko) Chrome/89.0.4380.0 Safari/537.36 Edg/89.0.759.0" 2287
6.110.39.101 - - [27/Dec/2037:12:00:00 +0530] "DELETE /usr/admin HTTP/1.0" 303 4947 "-" "Mozilla/5.0 (Windows NT 10.0; Win64; x64) AppleWebKit/537.36 (KHTML, like Gecko) Chrome/89.0.4380.0 Safari/537.36 Edg/89.0.759.0" 92
236.192.181.134 - - [27/Dec/2037:12:00:00 +0530] "POST /usr HTTP/1.0" 200 4995 "http://www.parker-miller.org/tag/list/list/privacy/" "Mozilla/5.0 (Linux; Android 10; ONEPLUS A6000) AppleWebKit/537.36 (KHTML, like Gecko) Chrome/77.0.3865.116 Mobile Safari/537.36 EdgA/45.12.4.5121" 4088
92.213.35.47 - - [27/Dec/2037:12:00:00 +0530] "GET /usr HTTP/1.0" 404 4997 "http://www.parker-miller.org/tag/list/list/privacy/" "Mozilla/5.0 (Windows NT 10.0; Win64; x64) AppleWebKit/537.36 (KHTML, like Gecko) Chrome/87.0.4280.141 Safari/537.36" 1750
25.254.82.147 - - [27/Dec/2037:12:00:00 +0530] "DELETE /usr/register HTTP/1.0" 304 5067 "http://www.parker-miller.org/tag/list/list/privacy/" "Mozilla/5.0 (Macintosh; Intel Mac OS X 10_9_3) AppleWebKit/537.75.14 (KHTML, like Gecko) Version/7.0.3 Safari/7046A194A" 915
226.208.16.190 - - [27/Dec/2037:12:00:00 +0530] "PUT /usr/register HTTP/1.0" 500 5043 "-" "Mozilla/5.0 (Linux; Android 10; ONEPLUS A6000) AppleWebKit/537.36 (KHTML, like Gecko) Chrome/87.0.4280.141 Mobile Safari/537.36" 688
204.34.245.97 - - [27/Dec/2037:12:00:00 +0530] "PUT /usr/register HTTP/1.0" 502 4917 "http://www.parker-miller.org/tag/list/list/privacy/" "Mozilla/5.0 (Android 10; Mobile; rv:84.0) Gecko/84.0 Firefox/84.0" 4023
66.221.171.61 - - [27/Dec/2037:12:00:00 +0530] "GET /usr/login HTTP/1.0" 502 5034 "http://www.parker-miller.org/tag/list/list/privacy/" "Mozilla/5.0 (Windows NT 10.0; Win64; x64) AppleWebKit/537.36 (KHTML, like Gecko) Chrome/87.0.4280.88 Safari/537.36 OPR/73.0.3856.329" 4331
144.85.122.244 - - [27/Dec/2037:12:00:00 +0530] "GET /usr/admin HTTP/1.0" 200 4976 "http://www.parker-miller.org/tag/list/list/privacy/" "Mozilla/5.0 (Windows NT 10.0; Win64; x64) AppleWebKit/537.36 (KHTML, like Gecko) Chrome/89.0.4380.0 Safari/537.36 Edg/89.0.759.0" 1582
233.200.137.100 - - [27/Dec/2037:12:00:00 +0530] "POST /usr/login HTTP/1.0" 403 4965 "-" "Mozilla/5.0 (Linux; Android 10; ONEPLUS A6000) AppleWebKit/537.36 (KHTML, like Gecko) Chrome/77.0.3865.116 Mobile Safari/537.36 EdgA/45.12.4.5121" 2631
127.178.20.10 - - [27/Dec/2037:12:00:00 +0530] "POST /usr HTTP/1.0" 404 5031 "http://www.parker-miller.org/tag/list/list/privacy/" "Mozilla/5.0 (Macintosh; Intel Mac OS X 10_9_3) AppleWebKit/537.75.14 (KHTML, like Gecko) Version/7.0.3 Safari/7046A194A" 1664
52.135.10.160 - - [27/Dec/2037:12:00:00 +0530] "PUT /usr HTTP/1.0" 200 4995 "-" "Mozilla/5.0 (Linux; Android 10; ONEPLUS A6000) AppleWebKit/537.36 (KHTML, like Gecko) Chrome/86.0.4240.198 Mobile Safari/537.36 OPR/61.2.3076.56749" 1670
51.111.178.196 - - [27/Dec/2037:12:00:00 +0530] "GET /usr/admin/developer HTTP/1.0" 502 4973 "http://www.parker-miller.org/tag/list/list/privacy/" "Mozilla/5.0 (Linux; Android 10; ONEPLUS A6000) AppleWebKit/537.36 (KHTML, like Gecko) Chrome/77.0.3865.116 Mobile Safari/537.36 EdgA/45.12.4.5121" 3929
102.107.36.69 - - [27/Dec/2037:12:00:00 +0530] "POST /usr/login HTTP/1.0" 502 4932 "-" "Mozilla/5.0 (Macintosh; Intel Mac OS X 10_9_3) AppleWebKit/537.75.14 (KHTML, like Gecko) Version/7.0.3 Safari/7046A194A" 3259
211.216.195.195 - - [27/Dec/2037:12:00:00 +0530] "GET /usr/admin/developer HTTP/1.0" 303 5068 "http://www.parker-miller.org/tag/list/list/privacy/" "Mozilla/5.0 (Windows NT 10.0; Win64; x64) AppleWebKit/537.36 (KHTML, like Gecko) Chrome/87.0.4280.141 Safari/537.36" 113
242.114.247.252 - - [27/Dec/2037:12:00:00 +0530] "DELETE /usr/register HTTP/1.0" 303 5077 "-" "Mozilla/5.0 (Android 10; Mobile; rv:84.0) Gecko/84.0 Firefox/84.0" 459
250.68.88.150 - - [27/Dec/2037:12:00:00 +0530] "GET /usr HTTP/1.0" 502 4972 "-" "Mozilla/5.0 (Macintosh; Intel Mac OS X 10_9_3) AppleWebKit/537.75.14 (KHTML, like Gecko) Version/7.0.3 Safari/7046A194A" 2756
7.4.87.49 - - [27/Dec/2037:12:00:00 +0530] "POST /usr/admin HTTP/1.0" 404 4912 "-" "Mozilla/5.0 (iPhone; CPU iPhone OS 12_4_9 like Mac OS X) AppleWebKit/605.1.15 (KHTML, like Gecko) Version/12.1.2 Mobile/15E148 Safari/604.1" 2620
89.151.226.31 - - [27/Dec/2037:12:00:00 +0530] "DELETE /usr/admin/developer HTTP/1.0" 404 5039 "-" "Mozilla/5.0 (Windows NT 10.0; Win64; x64; rv:84.0) Gecko/20100101 Firefox/84.0" 4865
121.196.121.184 - - [27/Dec/2037:12:00:00 +0530] "GET /usr HTTP/1.0" 404 4933 "-" "Mozilla/5.0 (Android 10; Mobile; rv:84.0) Gecko/84.0 Firefox/84.0" 2657
193.242.187.191 - - [27/Dec/2037:12:00:00 +0530] "PUT /usr/login HTTP/1.0" 404 5028 "-" "Mozilla/5.0 (Macintosh; Intel Mac OS X 10_9_3) AppleWebKit/537.75.14 (KHTML, like Gecko) Version/7.0.3 Safari/7046A194A" 2151
253.202.65.51 - - [27/Dec/2037:12:00:00 +0530] "PUT /usr/admin HTTP/1.0" 200 4961 "http://www.parker-miller.org/tag/list/list/privacy/" "Mozilla/5.0 (Macintosh; Intel Mac OS X 10_9_3) AppleWebKit/537.75.14 (KHTML, like Gecko) Version/7.0.3 Safari/7046A194A" 733
30.12.2.123 - - [27/Dec/2037:12:00:00 +0530] "PUT /usr/admin/developer HTTP/1.0" 500 5034 "-" "Mozilla/5.0 (Windows NT 10.0; Win64; x64) AppleWebKit/537.36 (KHTML, like Gecko) Chrome/87.0.4280.88 Safari/537.36 OPR/73.0.3856.329" 305
129.34.105.50 - - [27/Dec/2037:12:00:00 +0530] "GET /usr HTTP/1.0" 403 4998 "-" "Mozilla/5.0 (Windows NT 10.0; Win64; x64) AppleWebKit/537.36 (KHTML, like Gecko) Chrome/89.0.4380.0 Safari/537.36 Edg/89.0.759.0" 4506
73.68.34.161 - - [27/Dec/2037:12:00:00 +0530] "POST /usr/register HTTP/1.0" 200 5006 "-" "Mozilla/5.0 (Windows NT 10.0; Win64; x64) AppleWebKit/537.36 (KHTML, like Gecko) Chrome/89.0.4380.0 Safari/537.36 Edg/89.0.759.0" 2657
220.77.112.34 - - [27/Dec/2037:12:00:00 +0530] "GET /usr HTTP/1.0" 304 4981 "-" "Mozilla/5.0 (Linux; Android 10; ONEPLUS A6000) AppleWebKit/537.36 (KHTML, like Gecko) Chrome/87.0.4280.141 Mobile Safari/537.36" 290
186.13.222.219 - - [27/Dec/2037:12:00:00 +0530] "PUT /usr HTTP/1.0" 304 4978 "http://www.parker-miller.org/tag/list/list/privacy/" "Mozilla/5.0 (Linux; Android 10; ONEPLUS A6000) AppleWebKit/537.36 (KHTML, like Gecko) Chrome/87.0.4280.141 Mobile Safari/537.36" 3928
182.144.248.33 - - [27/Dec/2037:12:00:00 +0530] "DELETE /usr/admin/developer HTTP/1.0" 403 4986 "http://www.parker-miller.org/tag/list/list/privacy/" "Mozilla/5.0 (Linux; Android 10; ONEPLUS A6000) AppleWebKit/537.36 (KHTML, like Gecko) Chrome/77.0.3865.116 Mobile Safari/537.36 EdgA/45.12.4.5121" 4341
153.230.243.112 - - [27/Dec/2037:12:00:00 +0530] "GET /usr/login HTTP/1.0" 502 4940 "-" "Mozilla/5.0 (iPhone; CPU iPhone OS 12_4_9 like Mac OS X) AppleWebKit/605.1.15 (KHTML, like Gecko) Version/12.1.2 Mobile/15E148 Safari/604.1" 2558
219.11.112.111 - - [27/Dec/2037:12:00:00 +0530] "GET /usr/register HTTP/1.0" 304 4994 "http://www.parker-miller.org/tag/list/list/privacy/" "Mozilla/5.0 (Windows NT 10.0; Win64; x64) AppleWebKit/537.36 (KHTML, like Gecko) Chrome/87.0.4280.141 Safari/537.36" 818
41.5.201.145 - - [27/Dec/2037:12:00:00 +0530] "DELETE /usr HTTP/1.0" 200 5036 "-" "Mozilla/5.0 (Windows NT 10.0; Win64; x64) AppleWebKit/537.36 (KHTML, like Gecko) Chrome/87.0.4280.141 Safari/537.36" 1675
108.184.182.133 - - [27/Dec/2037:12:00:00 +0530] "PUT /usr HTTP/1.0" 303 5037 "http://www.parker-miller.org/tag/list/list/privacy/" "Mozilla/5.0 (Linux; Android 10; ONEPLUS A6000) AppleWebKit/537.36 (KHTML, like Gecko) Chrome/86.0.4240.198 Mobile Safari/537.36 OPR/61.2.3076.56749" 2959
227.104.249.180 - - [27/Dec/2037:12:00:00 +0530] "GET /usr/login HTTP/1.0" 200 4977 "http://www.parker-miller.org/tag/list/list/privacy/" "Mozilla/5.0 (Linux; Android 10; ONEPLUS A6000) AppleWebKit/537.36 (KHTML, like Gecko) Chrome/86.0.4240.198 Mobile Safari/537.36 OPR/61.2.3076.56749" 1795
17.113.83.201 - - [27/Dec/2037:12:00:00 +0530] "POST /usr/admin HTTP/1.0" 403 4951 "-" "Mozilla/5.0 (Linux; Android 10; ONEPLUS A6000) AppleWebKit/537.36 (KHTML, like Gecko) Chrome/86.0.4240.198 Mobile Safari/537.36 OPR/61.2.3076.56749" 3536
3.89.10.100 - - [27/Dec/2037:12:00:00 +0530] "PUT /usr/admin HTTP/1.0" 404 5020 "http://www.parker-miller.org/tag/list/list/privacy/" "Mozilla/5.0 (Linux; Android 10; ONEPLUS A6000) AppleWebKit/537.36 (KHTML, like Gecko) Chrome/86.0.4240.198 Mobile Safari/537.36 OPR/61.2.3076.56749" 3865
181.18.132.59 - - [27/Dec/2037:12:00:00 +0530] "DELETE /usr/admin HTTP/1.0" 403 5058 "http://www.parker-miller.org/tag/list/list/privacy/" "Mozilla/5.0 (Linux; Android 10; ONEPLUS A6000) AppleWebKit/537.36 (KHTML, like Gecko) Chrome/86.0.4240.198 Mobile Safari/537.36 OPR/61.2.3076.56749" 233
247.144.10.212 - - [27/Dec/2037:12:00:00 +0530] "PUT /usr/login HTTP/1.0" 500 5017 "-" "Mozilla/5.0 (Linux; Android 10; ONEPLUS A6000) AppleWebKit/537.36 (KHTML, like Gecko) Chrome/77.0.3865.116 Mobile Safari/537.36 EdgA/45.12.4.5121" 4191
137.211.141.188 - - [27/Dec/2037:12:00:00 +0530] "PUT /usr/register HTTP/1.0" 403 5004 "-" "Mozilla/5.0 (Windows NT 10.0; Win64; x64) AppleWebKit/537.36 (KHTML, like Gecko) Chrome/89.0.4380.0 Safari/537.36 Edg/89.0.759.0" 4541
166.215.47.167 - - [27/Dec/2037:12:00:00 +0530] "DELETE /usr/login HTTP/1.0" 500 4921 "http://www.parker-miller.org/tag/list/list/privacy/" "Mozilla/5.0 (iPhone; CPU iPhone OS 12_4_9 like Mac OS X) AppleWebKit/605.1.15 (KHTML, like Gecko) Version/12.1.2 Mobile/15E148 Safari/604.1" 4674
158.246.102.67 - - [27/Dec/2037:12:00:00 +0530] "GET /usr/admin HTTP/1.0" 404 4900 "-" "Mozilla/5.0 (Windows NT 10.0; Win64; x64; rv:84.0) Gecko/20100101 Firefox/84.0" 4579
71.70.96.203 - - [27/Dec/2037:12:00:00 +0530] "GET /usr/login HTTP/1.0" 200 5017 "http://www.parker-miller.org/tag/list/list/privacy/" "Mozilla/5.0 (Linux; Android 10; ONEPLUS A6000) AppleWebKit/537.36 (KHTML, like Gecko) Chrome/87.0.4280.141 Mobile Safari/537.36" 2596
109.141.243.30 - - [27/Dec/2037:12:00:00 +0530] "PUT /usr/admin/developer HTTP/1.0" 502 5038 "http://www.parker-miller.org/tag/list/list/privacy/" "Mozilla/5.0 (Linux; Android 10; ONEPLUS A6000) AppleWebKit/537.36 (KHTML, like Gecko) Chrome/87.0.4280.141 Mobile Safari/537.36" 966
83.167.247.80 - - [27/Dec/2037:12:00:00 +0530] "PUT /usr/admin/developer HTTP/1.0" 502 4943 "http://www.parker-miller.org/tag/list/list/privacy/" "Mozilla/5.0 (Linux; Android 10; ONEPLUS A6000) AppleWebKit/537.36 (KHTML, like Gecko) Chrome/87.0.4280.141 Mobile Safari/537.36" 3949
252.237.131.45 - - [27/Dec/2037:12:00:00 +0530] "DELETE /usr/register HTTP/1.0" 304 5034 "http://www.parker-miller.org/tag/list/list/privacy/" "Mozilla/5.0 (Linux; Android 10; ONEPLUS A6000) AppleWebKit/537.36 (KHTML, like Gecko) Chrome/87.0.4280.141 Mobile Safari/537.36" 4703
76.142.216.214 - - [27/Dec/2037:12:00:00 +0530] "DELETE /usr HTTP/1.0" 200 4946 "-" "Mozilla/5.0 (Windows NT 10.0; Win64; x64) AppleWebKit/537.36 (KHTML, like Gecko) Chrome/87.0.4280.141 Safari/537.36" 3973
148.147.189.146 - - [27/Dec/2037:12:00:00 +0530] "POST /usr/admin HTTP/1.0" 304 4970 "http://www.parker-miller.org/tag/list/list/privacy/" "Mozilla/5.0 (Android 10; Mobile; rv:84.0) Gecko/84.0 Firefox/84.0" 1933
208.65.130.195 - - [27/Dec/2037:12:00:00 +0530] "DELETE /usr/register HTTP/1.0" 304 4998 "-" "Mozilla/5.0 (Windows NT 10.0; Win64; x64) AppleWebKit/537.36 (KHTML, like Gecko) Chrome/87.0.4280.88 Safari/537.36 OPR/73.0.3856.329" 2543
90.202.217.18 - - [27/Dec/2037:12:00:00 +0530] "PUT /usr HTTP/1.0" 200 5055 "http://www.parker-miller.org/tag/list/list/privacy/" "Mozilla/5.0 (Windows NT 10.0; Win64; x64) AppleWebKit/537.36 (KHTML, like Gecko) Chrome/87.0.4280.88 Safari/537.36 OPR/73.0.3856.329" 3998
157.8.138.44 - - [27/Dec/2037:12:00:00 +0530] "PUT /usr/login HTTP/1.0" 404 5020 "-" "Mozilla/5.0 (iPhone; CPU iPhone OS 12_4_9 like Mac OS X) AppleWebKit/605.1.15 (KHTML, like Gecko) Version/12.1.2 Mobile/15E148 Safari/604.1" 4282
76.18.180.130 - - [27/Dec/2037:12:00:00 +0530] "POST /usr/admin/developer HTTP/1.0" 304 5005 "http://www.parker-miller.org/tag/list/list/privacy/" "Mozilla/5.0 (Windows NT 10.0; Win64; x64) AppleWebKit/537.36 (KHTML, like Gecko) Chrome/87.0.4280.88 Safari/537.36 OPR/73.0.3856.329" 3524
228.79.33.154 - - [27/Dec/2037:12:00:00 +0530] "DELETE /usr/login HTTP/1.0" 404 5073 "-" "Mozilla/5.0 (Windows NT 10.0; Win64; x64; rv:84.0) Gecko/20100101 Firefox/84.0" 3124
125.171.46.224 - - [27/Dec/2037:12:00:00 +0530] "PUT /usr/admin HTTP/1.0" 303 4942 "http://www.parker-miller.org/tag/list/list/privacy/" "Mozilla/5.0 (Windows NT 10.0; Win64; x64) AppleWebKit/537.36 (KHTML, like Gecko) Chrome/87.0.4280.141 Safari/537.36" 3793
228.244.110.154 - - [27/Dec/2037:12:00:00 +0530] "DELETE /usr/login HTTP/1.0" 304 5005 "http://www.parker-miller.org/tag/list/list/privacy/" "Mozilla/5.0 (Windows NT 10.0; Win64; x64) AppleWebKit/537.36 (KHTML, like Gecko) Chrome/87.0.4280.141 Safari/537.36" 1197
180.63.128.101 - - [27/Dec/2037:12:00:00 +0530] "PUT /usr/login HTTP/1.0" 403 4977 "-" "Mozilla/5.0 (Windows NT 10.0; Win64; x64) AppleWebKit/537.36 (KHTML, like Gecko) Chrome/89.0.4380.0 Safari/537.36 Edg/89.0.759.0" 3230
130.38.88.32 - - [27/Dec/2037:12:00:00 +0530] "POST /usr/admin/developer HTTP/1.0" 303 5015 "-" "Mozilla/5.0 (Windows NT 10.0; Win64; x64) AppleWebKit/537.36 (KHTML, like Gecko) Chrome/87.0.4280.88 Safari/537.36 OPR/73.0.3856.329" 1368
102.31.81.255 - - [27/Dec/2037:12:00:00 +0530] "GET /usr/admin HTTP/1.0" 200 5020 "-" "Mozilla/5.0 (Android 10; Mobile; rv:84.0) Gecko/84.0 Firefox/84.0" 997
172.237.61.70 - - [27/Dec/2037:12:00:00 +0530] "DELETE /usr/login HTTP/1.0" 502 4954 "-" "Mozilla/5.0 (Linux; Android 10; ONEPLUS A6000) AppleWebKit/537.36 (KHTML, like Gecko) Chrome/87.0.4280.141 Mobile Safari/537.36" 413
109.208.1.147 - - [27/Dec/2037:12:00:00 +0530] "POST /usr/admin/developer HTTP/1.0" 303 4941 "-" "Mozilla/5.0 (Android 10; Mobile; rv:84.0) Gecko/84.0 Firefox/84.0" 4771
15.81.213.151 - - [27/Dec/2037:12:00:00 +0530] "PUT /usr HTTP/1.0" 303 4997 "-" "Mozilla/5.0 (iPhone; CPU iPhone OS 12_4_9 like Mac OS X) AppleWebKit/605.1.15 (KHTML, like Gecko) Version/12.1.2 Mobile/15E148 Safari/604.1" 2337
92.8.104.199 - - [27/Dec/2037:12:00:00 +0530] "GET /usr/register HTTP/1.0" 303 4977 "-" "Mozilla/5.0 (Windows NT 10.0; Win64; x64) AppleWebKit/537.36 (KHTML, like Gecko) Chrome/87.0.4280.141 Safari/537.36" 1629
61.11.9.187 - - [27/Dec/2037:12:00:00 +0530] "GET /usr/admin/developer HTTP/1.0" 500 4958 "http://www.parker-miller.org/tag/list/list/privacy/" "Mozilla/5.0 (Linux; Android 10; ONEPLUS A6000) AppleWebKit/537.36 (KHTML, like Gecko) Chrome/77.0.3865.116 Mobile Safari/537.36 EdgA/45.12.4.5121" 2222
5.80.243.143 - - [27/Dec/2037:12:00:00 +0530] "POST /usr/login HTTP/1.0" 304 5144 "http://www.parker-miller.org/tag/list/list/privacy/" "Mozilla/5.0 (Windows NT 10.0; Win64; x64; rv:84.0) Gecko/20100101 Firefox/84.0" 3475
5.123.77.152 - - [27/Dec/2037:12:00:00 +0530] "GET /usr/login HTTP/1.0" 500 4995 "http://www.parker-miller.org/tag/list/list/privacy/" "Mozilla/5.0 (Linux; Android 10; ONEPLUS A6000) AppleWebKit/537.36 (KHTML, like Gecko) Chrome/87.0.4280.141 Mobile Safari/537.36" 45
14.104.75.5 - - [27/Dec/2037:12:00:00 +0530] "DELETE /usr/admin HTTP/1.0" 404 5018 "http://www.parker-miller.org/tag/list/list/privacy/" "Mozilla/5.0 (Macintosh; Intel Mac OS X 10_9_3) AppleWebKit/537.75.14 (KHTML, like Gecko) Version/7.0.3 Safari/7046A194A" 1890
243.128.73.193 - - [27/Dec/2037:12:00:00 +0530] "DELETE /usr/admin HTTP/1.0" 403 5055 "http://www.parker-miller.org/tag/list/list/privacy/" "Mozilla/5.0 (Windows NT 10.0; Win64; x64; rv:84.0) Gecko/20100101 Firefox/84.0" 4726
80.105.200.68 - - [27/Dec/2037:12:00:00 +0530] "DELETE /usr/admin/developer HTTP/1.0" 403 4992 "http://www.parker-miller.org/tag/list/list/privacy/" "Mozilla/5.0 (Linux; Android 10; ONEPLUS A6000) AppleWebKit/537.36 (KHTML, like Gecko) Chrome/86.0.4240.198 Mobile Safari/537.36 OPR/61.2.3076.56749" 4957
51.109.11.227 - - [27/Dec/2037:12:00:00 +0530] "PUT /usr HTTP/1.0" 500 5018 "http://www.parker-miller.org/tag/list/list/privacy/" "Mozilla/5.0 (iPhone; CPU iPhone OS 12_4_9 like Mac OS X) AppleWebKit/605.1.15 (KHTML, like Gecko) Version/12.1.2 Mobile/15E148 Safari/604.1" 3572
196.157.142.169 - - [27/Dec/2037:12:00:00 +0530] "PUT /usr/admin HTTP/1.0" 404 4984 "-" "Mozilla/5.0 (Android 10; Mobile; rv:84.0) Gecko/84.0 Firefox/84.0" 3381
48.38.237.106 - - [27/Dec/2037:12:00:00 +0530] "POST /usr/admin/developer HTTP/1.0" 303 5050 "http://www.parker-miller.org/tag/list/list/privacy/" "Mozilla/5.0 (Macintosh; Intel Mac OS X 10_9_3) AppleWebKit/537.75.14 (KHTML, like Gecko) Version/7.0.3 Safari/7046A194A" 4906
167.148.38.190 - - [27/Dec/2037:12:00:00 +0530] "GET /usr HTTP/1.0" 502 4979 "http://www.parker-miller.org/tag/list/list/privacy/" "Mozilla/5.0 (iPhone; CPU iPhone OS 12_4_9 like Mac OS X) AppleWebKit/605.1.15 (KHTML, like Gecko) Version/12.1.2 Mobile/15E148 Safari/604.1" 4426
171.152.109.27 - - [27/Dec/2037:12:00:00 +0530] "DELETE /usr/admin HTTP/1.0" 303 5039 "-" "Mozilla/5.0 (iPhone; CPU iPhone OS 12_4_9 like Mac OS X) AppleWebKit/605.1.15 (KHTML, like Gecko) Version/12.1.2 Mobile/15E148 Safari/604.1" 2968
163.74.226.199 - - [27/Dec/2037:12:00:00 +0530] "PUT /usr/admin HTTP/1.0" 500 4939 "-" "Mozilla/5.0 (Windows NT 10.0; Win64; x64; rv:84.0) Gecko/20100101 Firefox/84.0" 4415
28.193.145.94 - - [27/Dec/2037:12:00:00 +0530] "GET /usr/register HTTP/1.0" 303 4989 "http://www.parker-miller.org/tag/list/list/privacy/" "Mozilla/5.0 (Linux; Android 10; ONEPLUS A6000) AppleWebKit/537.36 (KHTML, like Gecko) Chrome/86.0.4240.198 Mobile Safari/537.36 OPR/61.2.3076.56749" 2923
22.37.80.14 - - [27/Dec/2037:12:00:00 +0530] "DELETE /usr/admin HTTP/1.0" 500 5043 "http://www.parker-miller.org/tag/list/list/privacy/" "Mozilla/5.0 (Windows NT 10.0; Win64; x64) AppleWebKit/537.36 (KHTML, like Gecko) Chrome/87.0.4280.141 Safari/537.36" 2752
99.71.79.62 - - [27/Dec/2037:12:00:00 +0530] "GET /usr/admin/developer HTTP/1.0" 403 5054 "-" "Mozilla/5.0 (Windows NT 10.0; Win64; x64) AppleWebKit/537.36 (KHTML, like Gecko) Chrome/89.0.4380.0 Safari/537.36 Edg/89.0.759.0" 509
131.1.151.255 - - [27/Dec/2037:12:00:00 +0530] "GET /usr/login HTTP/1.0" 200 5080 "http://www.parker-miller.org/tag/list/list/privacy/" "Mozilla/5.0 (Windows NT 10.0; Win64; x64) AppleWebKit/537.36 (KHTML, like Gecko) Chrome/87.0.4280.88 Safari/537.36 OPR/73.0.3856.329" 3957
233.221.75.171 - - [27/Dec/2037:12:00:00 +0530] "POST /usr/admin HTTP/1.0" 404 4958 "http://www.parker-miller.org/tag/list/list/privacy/" "Mozilla/5.0 (iPhone; CPU iPhone OS 12_4_9 like Mac OS X) AppleWebKit/605.1.15 (KHTML, like Gecko) Version/12.1.2 Mobile/15E148 Safari/604.1" 1012
57.137.234.207 - - [27/Dec/2037:12:00:00 +0530] "DELETE /usr HTTP/1.0" 304 5092 "http://www.parker-miller.org/tag/list/list/privacy/" "Mozilla/5.0 (Macintosh; Intel Mac OS X 10_9_3) AppleWebKit/537.75.14 (KHTML, like Gecko) Version/7.0.3 Safari/7046A194A" 4384
153.56.100.21 - - [27/Dec/2037:12:00:00 +0530] "DELETE /usr/login HTTP/1.0" 200 5059 "-" "Mozilla/5.0 (Linux; Android 10; ONEPLUS A6000) AppleWebKit/537.36 (KHTML, like Gecko) Chrome/77.0.3865.116 Mobile Safari/537.36 EdgA/45.12.4.5121" 330
131.226.196.134 - - [27/Dec/2037:12:00:00 +0530] "POST /usr/admin HTTP/1.0" 303 5027 "-" "Mozilla/5.0 (Linux; Android 10; ONEPLUS A6000) AppleWebKit/537.36 (KHTML, like Gecko) Chrome/86.0.4240.198 Mobile Safari/537.36 OPR/61.2.3076.56749" 3450
121.101.6.31 - - [27/Dec/2037:12:00:00 +0530] "PUT /usr/login HTTP/1.0" 500 5096 "-" "Mozilla/5.0 (Android 10; Mobile; rv:84.0) Gecko/84.0 Firefox/84.0" 3557
65.15.73.124 - - [27/Dec/2037:12:00:00 +0530] "POST /usr HTTP/1.0" 500 5039 "http://www.parker-miller.org/tag/list/list/privacy/" "Mozilla/5.0 (Android 10; Mobile; rv:84.0) Gecko/84.0 Firefox/84.0" 2013
244.116.240.223 - - [27/Dec/2037:12:00:00 +0530] "GET /usr/register HTTP/1.0" 304 4998 "-" "Mozilla/5.0 (Android 10; Mobile; rv:84.0) Gecko/84.0 Firefox/84.0" 3361
174.33.59.196 - - [27/Dec/2037:12:00:00 +0530] "DELETE /usr HTTP/1.0" 502 5037 "http://www.parker-miller.org/tag/list/list/privacy/" "Mozilla/5.0 (Linux; Android 10; ONEPLUS A6000) AppleWebKit/537.36 (KHTML, like Gecko) Chrome/86.0.4240.198 Mobile Safari/537.36 OPR/61.2.3076.56749" 3654
255.215.57.107 - - [27/Dec/2037:12:00:00 +0530] "GET /usr/admin/developer HTTP/1.0" 500 4924 "http://www.parker-miller.org/tag/list/list/privacy/" "Mozilla/5.0 (Linux; Android 10; ONEPLUS A6000) AppleWebKit/537.36 (KHTML, like Gecko) Chrome/77.0.3865.116 Mobile Safari/537.36 EdgA/45.12.4.5121" 926
68.162.87.226 - - [27/Dec/2037:12:00:00 +0530] "POST /usr/admin/developer HTTP/1.0" 303 4939 "http://www.parker-miller.org/tag/list/list/privacy/" "Mozilla/5.0 (Macintosh; Intel Mac OS X 10_9_3) AppleWebKit/537.75.14 (KHTML, like Gecko) Version/7.0.3 Safari/7046A194A" 3317
45.241.41.125 - - [27/Dec/2037:12:00:00 +0530] "PUT /usr/admin HTTP/1.0" 403 5011 "http://www.parker-miller.org/tag/list/list/privacy/" "Mozilla/5.0 (iPhone; CPU iPhone OS 12_4_9 like Mac OS X) AppleWebKit/605.1.15 (KHTML, like Gecko) Version/12.1.2 Mobile/15E148 Safari/604.1" 622
78.158.203.245 - - [27/Dec/2037:12:00:00 +0530] "DELETE /usr HTTP/1.0" 200 5048 "http://www.parker-miller.org/tag/list/list/privacy/" "Mozilla/5.0 (iPhone; CPU iPhone OS 12_4_9 like Mac OS X) AppleWebKit/605.1.15 (KHTML, like Gecko) Version/12.1.2 Mobile/15E148 Safari/604.1" 3518
223.246.189.25 - - [27/Dec/2037:12:00:00 +0530] "GET /usr/register HTTP/1.0" 304 5016 "http://www.parker-miller.org/tag/list/list/privacy/" "Mozilla/5.0 (Linux; Android 10; ONEPLUS A6000) AppleWebKit/537.36 (KHTML, like Gecko) Chrome/87.0.4280.141 Mobile Safari/537.36" 4653
146.56.66.183 - - [27/Dec/2037:12:00:00 +0530] "POST /usr/admin HTTP/1.0" 303 4961 "-" "Mozilla/5.0 (Windows NT 10.0; Win64; x64) AppleWebKit/537.36 (KHTML, like Gecko) Chrome/87.0.4280.141 Safari/537.36" 1780
107.177.59.155 - - [27/Dec/2037:12:00:00 +0530] "POST /usr/admin HTTP/1.0" 200 4930 "http://www.parker-miller.org/tag/list/list/privacy/" "Mozilla/5.0 (Windows NT 10.0; Win64; x64) AppleWebKit/537.36 (KHTML, like Gecko) Chrome/87.0.4280.88 Safari/537.36 OPR/73.0.3856.329" 3493
98.238.126.171 - - [27/Dec/2037:12:00:00 +0530] "GET /usr/admin/developer HTTP/1.0" 502 5010 "http://www.parker-miller.org/tag/list/list/privacy/" "Mozilla/5.0 (iPhone; CPU iPhone OS 12_4_9 like Mac OS X) AppleWebKit/605.1.15 (KHTML, like Gecko) Version/12.1.2 Mobile/15E148 Safari/604.1" 4749
90.212.189.26 - - [27/Dec/2037:12:00:00 +0530] "POST /usr/admin/developer HTTP/1.0" 502 5072 "http://www.parker-miller.org/tag/list/list/privacy/" "Mozilla/5.0 (Macintosh; Intel Mac OS X 10_9_3) AppleWebKit/537.75.14 (KHTML, like Gecko) Version/7.0.3 Safari/7046A194A" 2216
29.50.54.151 - - [27/Dec/2037:12:00:00 +0530] "POST /usr/login HTTP/1.0" 304 4972 "-" "Mozilla/5.0 (Windows NT 10.0; Win64; x64) AppleWebKit/537.36 (KHTML, like Gecko) Chrome/89.0.4380.0 Safari/537.36 Edg/89.0.759.0" 3015
109.111.63.59 - - [27/Dec/2037:12:00:00 +0530] "POST /usr HTTP/1.0" 500 4963 "http://www.parker-miller.org/tag/list/list/privacy/" "Mozilla/5.0 (Android 10; Mobile; rv:84.0) Gecko/84.0 Firefox/84.0" 4415
246.253.50.168 - - [27/Dec/2037:12:00:00 +0530] "GET /usr/register HTTP/1.0" 502 4958 "-" "Mozilla/5.0 (Windows NT 10.0; Win64; x64) AppleWebKit/537.36 (KHTML, like Gecko) Chrome/89.0.4380.0 Safari/537.36 Edg/89.0.759.0" 1894
21.176.104.215 - - [27/Dec/2037:12:00:00 +0530] "POST /usr HTTP/1.0" 500 5156 "http://www.parker-miller.org/tag/list/list/privacy/" "Mozilla/5.0 (Android 10; Mobile; rv:84.0) Gecko/84.0 Firefox/84.0" 989
197.76.251.179 - - [27/Dec/2037:12:00:00 +0530] "GET /usr/register HTTP/1.0" 403 4980 "-" "Mozilla/5.0 (Linux; Android 10; ONEPLUS A6000) AppleWebKit/537.36 (KHTML, like Gecko) Chrome/86.0.4240.198 Mobile Safari/537.36 OPR/61.2.3076.56749" 3218
179.48.125.37 - - [27/Dec/2037:12:00:00 +0530] "POST /usr HTTP/1.0" 403 5000 "-" "Mozilla/5.0 (Windows NT 10.0; Win64; x64) AppleWebKit/537.36 (KHTML, like Gecko) Chrome/87.0.4280.88 Safari/537.36 OPR/73.0.3856.329" 1164
225.228.159.225 - - [27/Dec/2037:12:00:00 +0530] "PUT /usr/register HTTP/1.0" 500 5016 "-" "Mozilla/5.0 (Android 10; Mobile; rv:84.0) Gecko/84.0 Firefox/84.0" 3982
132.118.55.47 - - [27/Dec/2037:12:00:00 +0530] "POST /usr HTTP/1.0" 403 5004 "-" "Mozilla/5.0 (Linux; Android 10; ONEPLUS A6000) AppleWebKit/537.36 (KHTML, like Gecko) Chrome/77.0.3865.116 Mobile Safari/537.36 EdgA/45.12.4.5121" 3812
11.158.53.120 - - [27/Dec/2037:12:00:00 +0530] "POST /usr HTTP/1.0" 500 4950 "http://www.parker-miller.org/tag/list/list/privacy/" "Mozilla/5.0 (Macintosh; Intel Mac OS X 10_9_3) AppleWebKit/537.75.14 (KHTML, like Gecko) Version/7.0.3 Safari/7046A194A" 4601
69.174.2.69 - - [27/Dec/2037:12:00:00 +0530] "PUT /usr/admin HTTP/1.0" 502 5047 "http://www.parker-miller.org/tag/list/list/privacy/" "Mozilla/5.0 (Windows NT 10.0; Win64; x64) AppleWebKit/537.36 (KHTML, like Gecko) Chrome/87.0.4280.88 Safari/537.36 OPR/73.0.3856.329" 3612
39.9.54.21 - - [27/Dec/2037:12:00:00 +0530] "POST /usr/admin/developer HTTP/1.0" 500 5011 "-" "Mozilla/5.0 (Linux; Android 10; ONEPLUS A6000) AppleWebKit/537.36 (KHTML, like Gecko) Chrome/77.0.3865.116 Mobile Safari/537.36 EdgA/45.12.4.5121" 100
123.4.29.96 - - [27/Dec/2037:12:00:00 +0530] "DELETE /usr/login HTTP/1.0" 304 5030 "http://www.parker-miller.org/tag/list/list/privacy/" "Mozilla/5.0 (Linux; Android 10; ONEPLUS A6000) AppleWebKit/537.36 (KHTML, like Gecko) Chrome/86.0.4240.198 Mobile Safari/537.36 OPR/61.2.3076.56749" 2393
125.26.254.119 - - [27/Dec/2037:12:00:00 +0530] "POST /usr HTTP/1.0" 403 4959 "-" "Mozilla/5.0 (Android 10; Mobile; rv:84.0) Gecko/84.0 Firefox/84.0" 741
29.171.152.208 - - [27/Dec/2037:12:00:00 +0530] "POST /usr/login HTTP/1.0" 200 4888 "http://www.parker-miller.org/tag/list/list/privacy/" "Mozilla/5.0 (Linux; Android 10; ONEPLUS A6000) AppleWebKit/537.36 (KHTML, like Gecko) Chrome/77.0.3865.116 Mobile Safari/537.36 EdgA/45.12.4.5121" 3961
96.98.143.226 - - [27/Dec/2037:12:00:00 +0530] "POST /usr/register HTTP/1.0" 403 5005 "-" "Mozilla/5.0 (Linux; Android 10; ONEPLUS A6000) AppleWebKit/537.36 (KHTML, like Gecko) Chrome/86.0.4240.198 Mobile Safari/537.36 OPR/61.2.3076.56749" 4057
163.215.37.226 - - [27/Dec/2037:12:00:00 +0530] "POST /usr/admin/developer HTTP/1.0" 303 4998 "http://www.parker-miller.org/tag/list/list/privacy/" "Mozilla/5.0 (Android 10; Mobile; rv:84.0) Gecko/84.0 Firefox/84.0" 2931
124.50.135.209 - - [27/Dec/2037:12:00:00 +0530] "PUT /usr HTTP/1.0" 404 5028 "-" "Mozilla/5.0 (iPhone; CPU iPhone OS 12_4_9 like Mac OS X) AppleWebKit/605.1.15 (KHTML, like Gecko) Version/12.1.2 Mobile/15E148 Safari/604.1" 2153
78.174.150.66 - - [27/Dec/2037:12:00:00 +0530] "PUT /usr/register HTTP/1.0" 502 5059 "-" "Mozilla/5.0 (Linux; Android 10; ONEPLUS A6000) AppleWebKit/537.36 (KHTML, like Gecko) Chrome/87.0.4280.141 Mobile Safari/537.36" 4357
248.142.102.178 - - [27/Dec/2037:12:00:00 +0530] "PUT /usr HTTP/1.0" 404 5065 "http://www.parker-miller.org/tag/list/list/privacy/" "Mozilla/5.0 (Macintosh; Intel Mac OS X 10_9_3) AppleWebKit/537.75.14 (KHTML, like Gecko) Version/7.0.3 Safari/7046A194A" 4630
197.131.38.43 - - [27/Dec/2037:12:00:00 +0530] "DELETE /usr/login HTTP/1.0" 303 4974 "http://www.parker-miller.org/tag/list/list/privacy/" "Mozilla/5.0 (Linux; Android 10; ONEPLUS A6000) AppleWebKit/537.36 (KHTML, like Gecko) Chrome/87.0.4280.141 Mobile Safari/537.36" 4227
133.244.26.108 - - [27/Dec/2037:12:00:00 +0530] "DELETE /usr/admin HTTP/1.0" 303 4964 "-" "Mozilla/5.0 (Linux; Android 10; ONEPLUS A6000) AppleWebKit/537.36 (KHTML, like Gecko) Chrome/87.0.4280.141 Mobile Safari/537.36" 4244
216.11.36.255 - - [27/Dec/2037:12:00:00 +0530] "PUT /usr/admin HTTP/1.0" 403 5089 "-" "Mozilla/5.0 (Linux; Android 10; ONEPLUS A6000) AppleWebKit/537.36 (KHTML, like Gecko) Chrome/86.0.4240.198 Mobile Safari/537.36 OPR/61.2.3076.56749" 2338
122.129.182.248 - - [27/Dec/2037:12:00:00 +0530] "DELETE /usr/register HTTP/1.0" 304 4951 "-" "Mozilla/5.0 (Windows NT 10.0; Win64; x64) AppleWebKit/537.36 (KHTML, like Gecko) Chrome/89.0.4380.0 Safari/537.36 Edg/89.0.759.0" 2162
232.230.137.47 - - [27/Dec/2037:12:00:00 +0530] "GET /usr/login HTTP/1.0" 304 4964 "http://www.parker-miller.org/tag/list/list/privacy/" "Mozilla/5.0 (Android 10; Mobile; rv:84.0) Gecko/84.0 Firefox/84.0" 2113
148.221.245.11 - - [27/Dec/2037:12:00:00 +0530] "DELETE /usr/login HTTP/1.0" 403 5080 "-" "Mozilla/5.0 (iPhone; CPU iPhone OS 12_4_9 like Mac OS X) AppleWebKit/605.1.15 (KHTML, like Gecko) Version/12.1.2 Mobile/15E148 Safari/604.1" 3133
0.103.225.230 - - [27/Dec/2037:12:00:00 +0530] "POST /usr/admin HTTP/1.0" 303 5058 "-" "Mozilla/5.0 (Windows NT 10.0; Win64; x64; rv:84.0) Gecko/20100101 Firefox/84.0" 762
249.201.37.179 - - [27/Dec/2037:12:00:00 +0530] "POST /usr/admin HTTP/1.0" 403 5007 "-" "Mozilla/5.0 (Windows NT 10.0; Win64; x64) AppleWebKit/537.36 (KHTML, like Gecko) Chrome/87.0.4280.88 Safari/537.36 OPR/73.0.3856.329" 1234
249.183.95.170 - - [27/Dec/2037:12:00:00 +0530] "PUT /usr/register HTTP/1.0" 500 4973 "-" "Mozilla/5.0 (iPhone; CPU iPhone OS 12_4_9 like Mac OS X) AppleWebKit/605.1.15 (KHTML, like Gecko) Version/12.1.2 Mobile/15E148 Safari/604.1" 4080
42.39.222.219 - - [27/Dec/2037:12:00:00 +0530] "GET /usr/login HTTP/1.0" 500 4982 "-" "Mozilla/5.0 (Windows NT 10.0; Win64; x64) AppleWebKit/537.36 (KHTML, like Gecko) Chrome/89.0.4380.0 Safari/537.36 Edg/89.0.759.0" 1626
25.131.63.144 - - [27/Dec/2037:12:00:00 +0530] "DELETE /usr/login HTTP/1.0" 304 4958 "http://www.parker-miller.org/tag/list/list/privacy/" "Mozilla/5.0 (Android 10; Mobile; rv:84.0) Gecko/84.0 Firefox/84.0" 4777
175.136.142.89 - - [27/Dec/2037:12:00:00 +0530] "PUT /usr HTTP/1.0" 502 4934 "http://www.parker-miller.org/tag/list/list/privacy/" "Mozilla/5.0 (Linux; Android 10; ONEPLUS A6000) AppleWebKit/537.36 (KHTML, like Gecko) Chrome/77.0.3865.116 Mobile Safari/537.36 EdgA/45.12.4.5121" 109
4.76.207.120 - - [27/Dec/2037:12:00:00 +0530] "GET /usr HTTP/1.0" 304 4984 "http://www.parker-miller.org/tag/list/list/privacy/" "Mozilla/5.0 (Windows NT 10.0; Win64; x64; rv:84.0) Gecko/20100101 Firefox/84.0" 1837
103.94.154.109 - - [27/Dec/2037:12:00:00 +0530] "PUT /usr HTTP/1.0" 200 4968 "-" "Mozilla/5.0 (Linux; Android 10; ONEPLUS A6000) AppleWebKit/537.36 (KHTML, like Gecko) Chrome/77.0.3865.116 Mobile Safari/537.36 EdgA/45.12.4.5121" 393
77.233.114.220 - - [27/Dec/2037:12:00:00 +0530] "PUT /usr HTTP/1.0" 200 5016 "http://www.parker-miller.org/tag/list/list/privacy/" "Mozilla/5.0 (Windows NT 10.0; Win64; x64) AppleWebKit/537.36 (KHTML, like Gecko) Chrome/89.0.4380.0 Safari/537.36 Edg/89.0.759.0" 122
126.52.182.135 - - [27/Dec/2037:12:00:00 +0530] "PUT /usr/admin HTTP/1.0" 500 4979 "-" "Mozilla/5.0 (Windows NT 10.0; Win64; x64) AppleWebKit/537.36 (KHTML, like Gecko) Chrome/87.0.4280.141 Safari/537.36" 3098
117.37.177.20 - - [27/Dec/2037:12:00:00 +0530] "DELETE /usr HTTP/1.0" 200 5041 "http://www.parker-miller.org/tag/list/list/privacy/" "Mozilla/5.0 (Linux; Android 10; ONEPLUS A6000) AppleWebKit/537.36 (KHTML, like Gecko) Chrome/87.0.4280.141 Mobile Safari/537.36" 2744
46.2.234.179 - - [27/Dec/2037:12:00:00 +0530] "GET /usr HTTP/1.0" 304 4956 "-" "Mozilla/5.0 (iPhone; CPU iPhone OS 12_4_9 like Mac OS X) AppleWebKit/605.1.15 (KHTML, like Gecko) Version/12.1.2 Mobile/15E148 Safari/604.1" 4753
177.111.50.252 - - [27/Dec/2037:12:00:00 +0530] "POST /usr HTTP/1.0" 303 4998 "-" "Mozilla/5.0 (Linux; Android 10; ONEPLUS A6000) AppleWebKit/537.36 (KHTML, like Gecko) Chrome/87.0.4280.141 Mobile Safari/537.36" 2979
73.132.29.108 - - [27/Dec/2037:12:00:00 +0530] "GET /usr HTTP/1.0" 502 4982 "http://www.parker-miller.org/tag/list/list/privacy/" "Mozilla/5.0 (Windows NT 10.0; Win64; x64) AppleWebKit/537.36 (KHTML, like Gecko) Chrome/89.0.4380.0 Safari/537.36 Edg/89.0.759.0" 4781
62.116.240.192 - - [27/Dec/2037:12:00:00 +0530] "PUT /usr HTTP/1.0" 403 5014 "-" "Mozilla/5.0 (Windows NT 10.0; Win64; x64; rv:84.0) Gecko/20100101 Firefox/84.0" 486
8.207.161.109 - - [27/Dec/2037:12:00:00 +0530] "PUT /usr/login HTTP/1.0" 200 5008 "-" "Mozilla/5.0 (Linux; Android 10; ONEPLUS A6000) AppleWebKit/537.36 (KHTML, like Gecko) Chrome/77.0.3865.116 Mobile Safari/537.36 EdgA/45.12.4.5121" 2805
48.194.83.108 - - [27/Dec/2037:12:00:00 +0530] "GET /usr/admin/developer HTTP/1.0" 404 5013 "-" "Mozilla/5.0 (Linux; Android 10; ONEPLUS A6000) AppleWebKit/537.36 (KHTML, like Gecko) Chrome/87.0.4280.141 Mobile Safari/537.36" 1878
79.138.104.133 - - [27/Dec/2037:12:00:00 +0530] "PUT /usr/register HTTP/1.0" 403 5001 "http://www.parker-miller.org/tag/list/list/privacy/" "Mozilla/5.0 (Linux; Android 10; ONEPLUS A6000) AppleWebKit/537.36 (KHTML, like Gecko) Chrome/77.0.3865.116 Mobile Safari/537.36 EdgA/45.12.4.5121" 4063
52.122.238.42 - - [27/Dec/2037:12:00:00 +0530] "GET /usr/admin/developer HTTP/1.0" 304 4946 "-" "Mozilla/5.0 (Linux; Android 10; ONEPLUS A6000) AppleWebKit/537.36 (KHTML, like Gecko) Chrome/77.0.3865.116 Mobile Safari/537.36 EdgA/45.12.4.5121" 1625
29.99.94.142 - - [27/Dec/2037:12:00:00 +0530] "POST /usr/login HTTP/1.0" 304 5012 "http://www.parker-miller.org/tag/list/list/privacy/" "Mozilla/5.0 (Linux; Android 10; ONEPLUS A6000) AppleWebKit/537.36 (KHTML, like Gecko) Chrome/86.0.4240.198 Mobile Safari/537.36 OPR/61.2.3076.56749" 2946
186.152.123.0 - - [27/Dec/2037:12:00:00 +0530] "PUT /usr HTTP/1.0" 404 5028 "http://www.parker-miller.org/tag/list/list/privacy/" "Mozilla/5.0 (Linux; Android 10; ONEPLUS A6000) AppleWebKit/537.36 (KHTML, like Gecko) Chrome/87.0.4280.141 Mobile Safari/537.36" 2940
182.83.210.13 - - [27/Dec/2037:12:00:00 +0530] "DELETE /usr/admin HTTP/1.0" 502 5042 "http://www.parker-miller.org/tag/list/list/privacy/" "Mozilla/5.0 (iPhone; CPU iPhone OS 12_4_9 like Mac OS X) AppleWebKit/605.1.15 (KHTML, like Gecko) Version/12.1.2 Mobile/15E148 Safari/604.1" 4985
245.192.238.142 - - [27/Dec/2037:12:00:00 +0530] "DELETE /usr/admin HTTP/1.0" 304 5035 "-" "Mozilla/5.0 (Linux; Android 10; ONEPLUS A6000) AppleWebKit/537.36 (KHTML, like Gecko) Chrome/77.0.3865.116 Mobile Safari/537.36 EdgA/45.12.4.5121" 4658
142.48.240.110 - - [27/Dec/2037:12:00:00 +0530] "DELETE /usr/login HTTP/1.0" 502 4911 "http://www.parker-miller.org/tag/list/list/privacy/" "Mozilla/5.0 (Linux; Android 10; ONEPLUS A6000) AppleWebKit/537.36 (KHTML, like Gecko) Chrome/86.0.4240.198 Mobile Safari/537.36 OPR/61.2.3076.56749" 4039
193.31.2.214 - - [27/Dec/2037:12:00:00 +0530] "GET /usr HTTP/1.0" 404 4962 "-" "Mozilla/5.0 (Linux; Android 10; ONEPLUS A6000) AppleWebKit/537.36 (KHTML, like Gecko) Chrome/86.0.4240.198 Mobile Safari/537.36 OPR/61.2.3076.56749" 3990
237.42.71.106 - - [27/Dec/2037:12:00:00 +0530] "PUT /usr/login HTTP/1.0" 404 5042 "-" "Mozilla/5.0 (Android 10; Mobile; rv:84.0) Gecko/84.0 Firefox/84.0" 3134
245.166.65.16 - - [27/Dec/2037:12:00:00 +0530] "DELETE /usr/admin/developer HTTP/1.0" 304 5012 "http://www.parker-miller.org/tag/list/list/privacy/" "Mozilla/5.0 (Macintosh; Intel Mac OS X 10_9_3) AppleWebKit/537.75.14 (KHTML, like Gecko) Version/7.0.3 Safari/7046A194A" 3246
105.146.171.113 - - [27/Dec/2037:12:00:00 +0530] "DELETE /usr HTTP/1.0" 303 4994 "http://www.parker-miller.org/tag/list/list/privacy/" "Mozilla/5.0 (Android 10; Mobile; rv:84.0) Gecko/84.0 Firefox/84.0" 3761
6.200.216.225 - - [27/Dec/2037:12:00:00 +0530] "PUT /usr HTTP/1.0" 404 4904 "http://www.parker-miller.org/tag/list/list/privacy/" "Mozilla/5.0 (iPhone; CPU iPhone OS 12_4_9 like Mac OS X) AppleWebKit/605.1.15 (KHTML, like Gecko) Version/12.1.2 Mobile/15E148 Safari/604.1" 1336
140.163.159.130 - - [27/Dec/2037:12:00:00 +0530] "POST /usr HTTP/1.0" 303 5063 "http://www.parker-miller.org/tag/list/list/privacy/" "Mozilla/5.0 (Windows NT 10.0; Win64; x64; rv:84.0) Gecko/20100101 Firefox/84.0" 2050
158.122.40.33 - - [27/Dec/2037:12:00:00 +0530] "POST /usr/register HTTP/1.0" 304 4923 "-" "Mozilla/5.0 (Linux; Android 10; ONEPLUS A6000) AppleWebKit/537.36 (KHTML, like Gecko) Chrome/86.0.4240.198 Mobile Safari/537.36 OPR/61.2.3076.56749" 789
136.151.31.137 - - [27/Dec/2037:12:00:00 +0530] "POST /usr/admin HTTP/1.0" 404 5081 "-" "Mozilla/5.0 (Windows NT 10.0; Win64; x64; rv:84.0) Gecko/20100101 Firefox/84.0" 610
244.160.36.179 - - [27/Dec/2037:12:00:00 +0530] "POST /usr/admin HTTP/1.0" 304 4972 "-" "Mozilla/5.0 (iPhone; CPU iPhone OS 12_4_9 like Mac OS X) AppleWebKit/605.1.15 (KHTML, like Gecko) Version/12.1.2 Mobile/15E148 Safari/604.1" 2704
237.155.219.64 - - [27/Dec/2037:12:00:00 +0530] "POST /usr/admin/developer HTTP/1.0" 404 4980 "-" "Mozilla/5.0 (iPhone; CPU iPhone OS 12_4_9 like Mac OS X) AppleWebKit/605.1.15 (KHTML, like Gecko) Version/12.1.2 Mobile/15E148 Safari/604.1" 3842
184.236.96.49 - - [27/Dec/2037:12:00:00 +0530] "GET /usr/register HTTP/1.0" 303 4986 "http://www.parker-miller.org/tag/list/list/privacy/" "Mozilla/5.0 (Linux; Android 10; ONEPLUS A6000) AppleWebKit/537.36 (KHTML, like Gecko) Chrome/77.0.3865.116 Mobile Safari/537.36 EdgA/45.12.4.5121" 1181
113.225.38.25 - - [27/Dec/2037:12:00:00 +0530] "DELETE /usr/register HTTP/1.0" 200 5058 "http://www.parker-miller.org/tag/list/list/privacy/" "Mozilla/5.0 (Linux; Android 10; ONEPLUS A6000) AppleWebKit/537.36 (KHTML, like Gecko) Chrome/87.0.4280.141 Mobile Safari/537.36" 584
9.31.143.127 - - [27/Dec/2037:12:00:00 +0530] "PUT /usr/login HTTP/1.0" 500 4958 "-" "Mozilla/5.0 (Windows NT 10.0; Win64; x64) AppleWebKit/537.36 (KHTML, like Gecko) Chrome/87.0.4280.141 Safari/537.36" 820
159.70.145.184 - - [27/Dec/2037:12:00:00 +0530] "DELETE /usr/register HTTP/1.0" 200 4907 "-" "Mozilla/5.0 (Linux; Android 10; ONEPLUS A6000) AppleWebKit/537.36 (KHTML, like Gecko) Chrome/77.0.3865.116 Mobile Safari/537.36 EdgA/45.12.4.5121" 993
22.222.196.145 - - [27/Dec/2037:12:00:00 +0530] "DELETE /usr/admin/developer HTTP/1.0" 303 5002 "-" "Mozilla/5.0 (Android 10; Mobile; rv:84.0) Gecko/84.0 Firefox/84.0" 1531
42.201.211.79 - - [27/Dec/2037:12:00:00 +0530] "GET /usr/register HTTP/1.0" 403 4888 "http://www.parker-miller.org/tag/list/list/privacy/" "Mozilla/5.0 (Windows NT 10.0; Win64; x64) AppleWebKit/537.36 (KHTML, like Gecko) Chrome/89.0.4380.0 Safari/537.36 Edg/89.0.759.0" 2459
71.110.6.49 - - [27/Dec/2037:12:00:00 +0530] "POST /usr/register HTTP/1.0" 502 5023 "-" "Mozilla/5.0 (Linux; Android 10; ONEPLUS A6000) AppleWebKit/537.36 (KHTML, like Gecko) Chrome/86.0.4240.198 Mobile Safari/537.36 OPR/61.2.3076.56749" 138
59.144.0.59 - - [27/Dec/2037:12:00:00 +0530] "PUT /usr/register HTTP/1.0" 500 5002 "-" "Mozilla/5.0 (Linux; Android 10; ONEPLUS A6000) AppleWebKit/537.36 (KHTML, like Gecko) Chrome/77.0.3865.116 Mobile Safari/537.36 EdgA/45.12.4.5121" 184
246.8.76.38 - - [27/Dec/2037:12:00:00 +0530] "POST /usr HTTP/1.0" 502 5001 "-" "Mozilla/5.0 (Windows NT 10.0; Win64; x64; rv:84.0) Gecko/20100101 Firefox/84.0" 1644
206.64.243.141 - - [27/Dec/2037:12:00:00 +0530] "PUT /usr/admin HTTP/1.0" 303 4987 "-" "Mozilla/5.0 (Linux; Android 10; ONEPLUS A6000) AppleWebKit/537.36 (KHTML, like Gecko) Chrome/86.0.4240.198 Mobile Safari/537.36 OPR/61.2.3076.56749" 4327
160.230.43.123 - - [27/Dec/2037:12:00:00 +0530] "GET /usr HTTP/1.0" 502 5016 "-" "Mozilla/5.0 (Linux; Android 10; ONEPLUS A6000) AppleWebKit/537.36 (KHTML, like Gecko) Chrome/86.0.4240.198 Mobile Safari/537.36 OPR/61.2.3076.56749" 1141
200.210.228.177 - - [27/Dec/2037:12:00:00 +0530] "PUT /usr/admin HTTP/1.0" 502 5026 "http://www.parker-miller.org/tag/list/list/privacy/" "Mozilla/5.0 (Windows NT 10.0; Win64; x64) AppleWebKit/537.36 (KHTML, like Gecko) Chrome/87.0.4280.88 Safari/537.36 OPR/73.0.3856.329" 2148
175.36.183.51 - - [27/Dec/2037:12:00:00 +0530] "DELETE /usr/admin HTTP/1.0" 304 4986 "http://www.parker-miller.org/tag/list/list/privacy/" "Mozilla/5.0 (Linux; Android 10; ONEPLUS A6000) AppleWebKit/537.36 (KHTML, like Gecko) Chrome/87.0.4280.141 Mobile Safari/537.36" 1569
193.236.1.131 - - [27/Dec/2037:12:00:00 +0530] "GET /usr HTTP/1.0" 303 4959 "-" "Mozilla/5.0 (Linux; Android 10; ONEPLUS A6000) AppleWebKit/537.36 (KHTML, like Gecko) Chrome/87.0.4280.141 Mobile Safari/537.36" 2985
57.178.191.99 - - [27/Dec/2037:12:00:00 +0530] "GET /usr/login HTTP/1.0" 200 5000 "-" "Mozilla/5.0 (iPhone; CPU iPhone OS 12_4_9 like Mac OS X) AppleWebKit/605.1.15 (KHTML, like Gecko) Version/12.1.2 Mobile/15E148 Safari/604.1" 425
219.113.54.108 - - [27/Dec/2037:12:00:00 +0530] "GET /usr/admin/developer HTTP/1.0" 502 4885 "http://www.parker-miller.org/tag/list/list/privacy/" "Mozilla/5.0 (Windows NT 10.0; Win64; x64) AppleWebKit/537.36 (KHTML, like Gecko) Chrome/87.0.4280.88 Safari/537.36 OPR/73.0.3856.329" 1988
178.195.110.114 - - [27/Dec/2037:12:00:00 +0530] "PUT /usr HTTP/1.0" 200 5019 "http://www.parker-miller.org/tag/list/list/privacy/" "Mozilla/5.0 (Android 10; Mobile; rv:84.0) Gecko/84.0 Firefox/84.0" 4421
133.134.55.30 - - [27/Dec/2037:12:00:00 +0530] "DELETE /usr/register HTTP/1.0" 500 4945 "-" "Mozilla/5.0 (Windows NT 10.0; Win64; x64) AppleWebKit/537.36 (KHTML, like Gecko) Chrome/87.0.4280.141 Safari/537.36" 2681
27.111.18.186 - - [27/Dec/2037:12:00:00 +0530] "PUT /usr/register HTTP/1.0" 404 4935 "-" "Mozilla/5.0 (Android 10; Mobile; rv:84.0) Gecko/84.0 Firefox/84.0" 2396
87.49.184.52 - - [27/Dec/2037:12:00:00 +0530] "GET /usr/admin HTTP/1.0" 502 4945 "http://www.parker-miller.org/tag/list/list/privacy/" "Mozilla/5.0 (Windows NT 10.0; Win64; x64) AppleWebKit/537.36 (KHTML, like Gecko) Chrome/87.0.4280.141 Safari/537.36" 2622
112.55.71.71 - - [27/Dec/2037:12:00:00 +0530] "DELETE /usr HTTP/1.0" 404 5032 "-" "Mozilla/5.0 (Linux; Android 10; ONEPLUS A6000) AppleWebKit/537.36 (KHTML, like Gecko) Chrome/86.0.4240.198 Mobile Safari/537.36 OPR/61.2.3076.56749" 11
160.239.91.89 - - [27/Dec/2037:12:00:00 +0530] "GET /usr/admin HTTP/1.0" 500 5073 "-" "Mozilla/5.0 (Linux; Android 10; ONEPLUS A6000) AppleWebKit/537.36 (KHTML, like Gecko) Chrome/86.0.4240.198 Mobile Safari/537.36 OPR/61.2.3076.56749" 2858
91.116.245.218 - - [27/Dec/2037:12:00:00 +0530] "DELETE /usr HTTP/1.0" 404 4997 "-" "Mozilla/5.0 (Windows NT 10.0; Win64; x64) AppleWebKit/537.36 (KHTML, like Gecko) Chrome/87.0.4280.88 Safari/537.36 OPR/73.0.3856.329" 2766
160.219.198.156 - - [27/Dec/2037:12:00:00 +0530] "DELETE /usr/login HTTP/1.0" 502 5035 "http://www.parker-miller.org/tag/list/list/privacy/" "Mozilla/5.0 (Windows NT 10.0; Win64; x64) AppleWebKit/537.36 (KHTML, like Gecko) Chrome/87.0.4280.141 Safari/537.36" 3467
204.45.65.31 - - [27/Dec/2037:12:00:00 +0530] "GET /usr HTTP/1.0" 403 4983 "-" "Mozilla/5.0 (Linux; Android 10; ONEPLUS A6000) AppleWebKit/537.36 (KHTML, like Gecko) Chrome/77.0.3865.116 Mobile Safari/537.36 EdgA/45.12.4.5121" 3439
238.237.91.38 - - [27/Dec/2037:12:00:00 +0530] "DELETE /usr/admin/developer HTTP/1.0" 200 5064 "-" "Mozilla/5.0 (Windows NT 10.0; Win64; x64) AppleWebKit/537.36 (KHTML, like Gecko) Chrome/87.0.4280.141 Safari/537.36" 1979
216.69.161.222 - - [27/Dec/2037:12:00:00 +0530] "DELETE /usr HTTP/1.0" 303 4836 "-" "Mozilla/5.0 (Windows NT 10.0; Win64; x64) AppleWebKit/537.36 (KHTML, like Gecko) Chrome/87.0.4280.141 Safari/537.36" 3951
53.179.51.38 - - [27/Dec/2037:12:00:00 +0530] "POST /usr/login HTTP/1.0" 502 5110 "-" "Mozilla/5.0 (Linux; Android 10; ONEPLUS A6000) AppleWebKit/537.36 (KHTML, like Gecko) Chrome/87.0.4280.141 Mobile Safari/537.36" 1932
74.63.80.189 - - [27/Dec/2037:12:00:00 +0530] "DELETE /usr HTTP/1.0" 303 5039 "http://www.parker-miller.org/tag/list/list/privacy/" "Mozilla/5.0 (Linux; Android 10; ONEPLUS A6000) AppleWebKit/537.36 (KHTML, like Gecko) Chrome/86.0.4240.198 Mobile Safari/537.36 OPR/61.2.3076.56749" 1471
233.208.32.57 - - [27/Dec/2037:12:00:00 +0530] "DELETE /usr/register HTTP/1.0" 403 5042 "http://www.parker-miller.org/tag/list/list/privacy/" "Mozilla/5.0 (Windows NT 10.0; Win64; x64) AppleWebKit/537.36 (KHTML, like Gecko) Chrome/87.0.4280.88 Safari/537.36 OPR/73.0.3856.329" 1912
215.112.101.153 - - [27/Dec/2037:12:00:00 +0530] "POST /usr HTTP/1.0" 303 5026 "-" "Mozilla/5.0 (Linux; Android 10; ONEPLUS A6000) AppleWebKit/537.36 (KHTML, like Gecko) Chrome/77.0.3865.116 Mobile Safari/537.36 EdgA/45.12.4.5121" 2785
20.182.223.151 - - [27/Dec/2037:12:00:00 +0530] "GET /usr HTTP/1.0" 303 4945 "-" "Mozilla/5.0 (Linux; Android 10; ONEPLUS A6000) AppleWebKit/537.36 (KHTML, like Gecko) Chrome/86.0.4240.198 Mobile Safari/537.36 OPR/61.2.3076.56749" 1609
0.153.138.113 - - [27/Dec/2037:12:00:00 +0530] "POST /usr/login HTTP/1.0" 500 5089 "http://www.parker-miller.org/tag/list/list/privacy/" "Mozilla/5.0 (Android 10; Mobile; rv:84.0) Gecko/84.0 Firefox/84.0" 3477
216.48.213.180 - - [27/Dec/2037:12:00:00 +0530] "DELETE /usr HTTP/1.0" 200 4968 "http://www.parker-miller.org/tag/list/list/privacy/" "Mozilla/5.0 (Windows NT 10.0; Win64; x64) AppleWebKit/537.36 (KHTML, like Gecko) Chrome/87.0.4280.141 Safari/537.36" 2717
208.3.85.7 - - [27/Dec/2037:12:00:00 +0530] "POST /usr/admin/developer HTTP/1.0" 500 4904 "-" "Mozilla/5.0 (iPhone; CPU iPhone OS 12_4_9 like Mac OS X) AppleWebKit/605.1.15 (KHTML, like Gecko) Version/12.1.2 Mobile/15E148 Safari/604.1" 748
161.61.136.230 - - [27/Dec/2037:12:00:00 +0530] "GET /usr/admin HTTP/1.0" 403 5069 "http://www.parker-miller.org/tag/list/list/privacy/" "Mozilla/5.0 (Linux; Android 10; ONEPLUS A6000) AppleWebKit/537.36 (KHTML, like Gecko) Chrome/87.0.4280.141 Mobile Safari/537.36" 2668
