family,timestamp,level,host,process,module,pid,source_ip,method,url,version,status,size,referer,user_agent,logger,message
syslog,"Jun 14 15:16:01","","combo","sshd","pam_unix",19939,"","","","",-1,-1,"","","","authentication failure; logname= uid=0 euid=0 tty=NODEVssh ruser= rhost=218.188.2.4"
syslog,"Jun 14 15:16:02","","combo","sshd","pam_unix",19937,"","","","",-1,-1,"","","","check pass; user unknown"
syslog,"Jun 14 15:16:02","","combo","sshd","pam_unix",19937,"","","","",-1,-1,"","","","authentication failure; logname= uid=0 euid=0 tty=NODEVssh ruser= rhost=218.188.2.4"
syslog,"Jun 15 02:04:59","","combo","sshd","pam_unix",20882,"","","","",-1,-1,"","","","authentication failure; logname= uid=0 euid=0 tty=NODEVssh ruser= rhost=220-135-151-1.hinet-ip.hinet.net  user=root"
syslog,"Jun 15 02:04:59","","combo","sshd","pam_unix",20884,"","","","",-1,-1,"","","","authentication failure; logname= uid=0 euid=0 tty=NODEVssh ruser= rhost=220-135-151-1.hinet-ip.hinet.net  user=root"
syslog,"Jun 15 02:04:59","","combo","sshd","pam_unix",20883,"","","","",-1,-1,"","","","authentication failure; logname= uid=0 euid=0 tty=NODEVssh ruser= rhost=220-135-151-1.hinet-ip.hinet.net  user=root"
syslog,"Jun 15 02:04:59","","combo","sshd","pam_unix",20885,"","","","",-1,-1,"","","","authentication failure; logname= uid=0 euid=0 tty=NODEVssh ruser= rhost=220-135-151-1.hinet-ip.hinet.net  user=root"
syslog,"Jun 15 02:04:59","","combo","sshd","pam_unix",20886,"","","","",-1,-1,"","","","authentication failure; logname= uid=0 euid=0 tty=NODEVssh ruser= rhost=220-135-151-1.hinet-ip.hinet.net  user=root"
syslog,"Jun 15 02:04:59","","combo","sshd","pam_unix",20892,"","","","",-1,-1,"","","","authentication failure; logname= uid=0 euid=0 tty=NODEVssh ruser= rhost=220-135-151-1.hinet-ip.hinet.net  user=root"
syslog,"Jun 15 02:04:59","","combo","sshd","pam_unix",20893,"","","","",-1,-1,"","","","authentication failure; logname= uid=0 euid=0 tty=NODEVssh ruser= rhost=220-135-151-1.hinet-ip.hinet.net  user=root"
syslog,"Jun 15 02:04:59","","combo","sshd","pam_unix",20896,"","","","",-1,-1,"","","","authentication failure; logname= uid=0 euid=0 tty=NODEVssh ruser= rhost=220-135-151-1.hinet-ip.hinet.net  user=root"
syslog,"Jun 15 02:04:59","","combo","sshd","pam_unix",20897,"","","","",-1,-1,"","","","authentication failure; logname= uid=0 euid=0 tty=NODEVssh ruser= rhost=220-135-151-1.hinet-ip.hinet.net  user=root"
syslog,"Jun 15 02:04:59","","combo","sshd","pam_unix",20898,"","","","",-1,-1,"","","","authentication failure; logname= uid=0 euid=0 tty=NODEVssh ruser= rhost=220-135-151-1.hinet-ip.hinet.net  user=root"
syslog,"Jun 15 04:06:18","","combo","su","pam_unix",21416,"","","","",-1,-1,"","","","session opened for user cyrus by (uid=0)"
syslog,"Jun 15 04:06:19","","combo","su","pam_unix",21416,"","","","",-1,-1,"","","","session closed for user cyrus"
syslog,"Jun 15 04:06:20","","combo","logrotate","",-1,"","","","",-1,-1,"","","","ALERT exited abnormally with [1]"
syslog,"Jun 15 04:12:42","","combo","su","pam_unix",22644,"","","","",-1,-1,"","","","session opened for user news by (uid=0)"
syslog,"Jun 15 04:12:43","","combo","su","pam_unix",22644,"","","","",-1,-1,"","","","session closed for user news"
syslog,"Jun 15 12:12:34","","combo","sshd","pam_unix",23397,"","","","",-1,-1,"","","","check pass; user unknown"
syslog,"Jun 15 12:12:34","","combo","sshd","pam_unix",23397,"","","","",-1,-1,"","","","authentication failure; logname= uid=0 euid=0 tty=NODEVssh ruser= rhost=218.188.2.4"
syslog,"Jun 15 12:12:34","","combo","sshd","pam_unix",23395,"","","","",-1,-1,"","","","check pass; user unknown"
syslog,"Jun 15 12:12:34","","combo","sshd","pam_unix",23395,"","","","",-1,-1,"","","","authentication failure; logname= uid=0 euid=0 tty=NODEVssh ruser= rhost=218.188.2.4"
syslog,"Jun 15 12:12:34","","combo","sshd","pam_unix",23404,"","","","",-1,-1,"","","","check pass; user unknown"
syslog,"Jun 15 12:12:34","","combo","sshd","pam_unix",23404,"","","","",-1,-1,"","","","authentication failure; logname= uid=0 euid=0 tty=NODEVssh ruser= rhost=218.188.2.4"
syslog,"Jun 15 12:12:34","","combo","sshd","pam_unix",23399,"","","","",-1,-1,"","","","check pass; user unknown"
syslog,"Jun 15 12:12:34","","combo","sshd","pam_unix",23399,"","","","",-1,-1,"","","","authentication failure; logname= uid=0 euid=0 tty=NODEVssh ruser= rhost=218.188.2.4"
syslog,"Jun 15 12:12:34","","combo","sshd","pam_unix",23406,"","","","",-1,-1,"","","","check pass; user unknown"
syslog,"Jun 15 12:12:34","","combo","sshd","pam_unix",23406,"","","","",-1,-1,"","","","authentication failure; logname= uid=0 euid=0 tty=NODEVssh ruser= rhost=218.188.2.4"
syslog,"Jun 15 12:12:34","","combo","sshd","pam_unix",23396,"","","","",-1,-1,"","","","check pass; user unknown"
syslog,"Jun 15 12:12:34","","combo","sshd","pam_unix",23394,"","","","",-1,-1,"","","","check pass; user unknown"
syslog,"Jun 15 12:12:34","","combo","sshd","pam_unix",23407,"","","","",-1,-1,"","","","check pass; user unknown"
syslog,"Jun 15 12:12:34","","combo","sshd","pam_unix",23394,"","","","",-1,-1,"","","","authentication failure; logname= uid=0 euid=0 tty=NODEVssh ruser= rhost=218.188.2.4"
syslog,"Jun 15 12:12:34","","combo","sshd","pam_unix",23403,"","","","",-1,-1,"","","","check pass; user unknown"
syslog,"Jun 15 12:12:34","","combo","sshd","pam_unix",23396,"","","","",-1,-1,"","","","authentication failure; logname= uid=0 euid=0 tty=NODEVssh ruser= rhost=218.188.2.4"
syslog,"Jun 15 12:12:34","","combo","sshd","pam_unix",23407,"","","","",-1,-1,"","","","authentication failure; logname= uid=0 euid=0 tty=NODEVssh ruser= rhost=218.188.2.4"
syslog,"Jun 15 12:12:34","","combo","sshd","pam_unix",23403,"","","","",-1,-1,"","","","authentication failure; logname= uid=0 euid=0 tty=NODEVssh ruser= rhost=218.188.2.4"
syslog,"Jun 15 12:12:34","","combo","sshd","pam_unix",23412,"","","","",-1,-1,"","","","check pass; user unknown"
syslog,"Jun 15 12:12:34","","combo","sshd","pam_unix",23412,"","","","",-1,-1,"","","","authentication failure; logname= uid=0 euid=0 tty=NODEVssh ruser= rhost=218.188.2.4"
syslog,"Jun 15 12:13:19","","combo","sshd","pam_unix",23414,"","","","",-1,-1,"","","","check pass; user unknown"
syslog,"Jun 15 12:13:19","","combo","sshd","pam_unix",23414,"","","","",-1,-1,"","","","authentication failure; logname= uid=0 euid=0 tty=NODEVssh ruser= rhost=218.188.2.4"
syslog,"Jun 15 12:13:20","","combo","sshd","pam_unix",23416,"","","","",-1,-1,"","","","check pass; user unknown"
syslog,"Jun 15 12:13:20","","combo","sshd","pam_unix",23416,"","","","",-1,-1,"","","","authentication failure; logname= uid=0 euid=0 tty=NODEVssh ruser= rhost=218.188.2.4"
syslog,"Jun 15 14:53:32","","combo","sshd","pam_unix",23661,"","","","",-1,-1,"","","","check pass; user unknown"
syslog,"Jun 15 14:53:32","","combo","sshd","pam_unix",23661,"","","","",-1,-1,"","","","authentication failure; logname= uid=0 euid=0 tty=NODEVssh ruser= rhost=061092085098.ctinets.com"
syslog,"Jun 15 14:53:32","","combo","sshd","pam_unix",23663,"","","","",-1,-1,"","","","check pass; user unknown"
syslog,"Jun 15 14:53:32","","combo","sshd","pam_unix",23663,"","","","",-1,-1,"","","","authentication failure; logname= uid=0 euid=0 tty=NODEVssh ruser= rhost=061092085098.ctinets.com"
syslog,"Jun 15 14:53:32","","combo","sshd","pam_unix",23664,"","","","",-1,-1,"","","","check pass; user unknown"
syslog,"Jun 15 14:53:32","","combo","sshd","pam_unix",23664,"","","","",-1,-1,"","","","authentication failure; logname= uid=0 euid=0 tty=NODEVssh ruser= rhost=061092085098.ctinets.com"
syslog,"Jun 15 14:53:33","","combo","sshd","pam_unix",23665,"","","","",-1,-1,"","","","check pass; user unknown"
syslog,"Jun 15 14:53:33","","combo","sshd","pam_unix",23665,"","","","",-1,-1,"","","","authentication failure; logname= uid=0 euid=0 tty=NODEVssh ruser= rhost=061092085098.ctinets.com"
syslog,"Jun 15 14:53:34","","combo","sshd","pam_unix",23669,"","","","",-1,-1,"","","","check pass; user unknown"
syslog,"Jun 15 14:53:34","","combo","sshd","pam_unix",23669,"","","","",-1,-1,"","","","authentication failure; logname= uid=0 euid=0 tty=NODEVssh ruser= rhost=061092085098.ctinets.com"
syslog,"Jun 15 14:53:35","","combo","sshd","pam_unix",23671,"","","","",-1,-1,"","","","check pass; user unknown"
syslog,"Jun 15 14:53:35","","combo","sshd","pam_unix",23671,"","","","",-1,-1,"","","","authentication failure; logname= uid=0 euid=0 tty=NODEVssh ruser= rhost=061092085098.ctinets.com"
syslog,"Jun 15 14:53:35","","combo","sshd","pam_unix",23673,"","","","",-1,-1,"","","","check pass; user unknown"
syslog,"Jun 15 14:53:35","","combo","sshd","pam_unix",23673,"","","","",-1,-1,"","","","authentication failure; logname= uid=0 euid=0 tty=NODEVssh ruser= rhost=061092085098.ctinets.com"
syslog,"Jun 15 14:53:35","","combo","sshd","pam_unix",23674,"","","","",-1,-1,"","","","check pass; user unknown"
syslog,"Jun 15 14:53:35","","combo","sshd","pam_unix",23674,"","","","",-1,-1,"","","","authentication failure; logname= uid=0 euid=0 tty=NODEVssh ruser= rhost=061092085098.ctinets.com"
syslog,"Jun 15 14:53:36","","combo","sshd","pam_unix",23678,"","","","",-1,-1,"","","","check pass; user unknown"
syslog,"Jun 15 14:53:36","","combo","sshd","pam_unix",23678,"","","","",-1,-1,"","","","authentication failure; logname= uid=0 euid=0 tty=NODEVssh ruser= rhost=061092085098.ctinets.com"
syslog,"Jun 15 14:53:36","","combo","sshd","pam_unix",23677,"","","","",-1,-1,"","","","check pass; user unknown"
syslog,"Jun 15 14:53:36","","combo","sshd","pam_unix",23677,"","","","",-1,-1,"","","","authentication failure; logname= uid=0 euid=0 tty=NODEVssh ruser= rhost=061092085098.ctinets.com"
syslog,"Jun 15 20:05:31","","combo","sshd","pam_unix",24138,"","","","",-1,-1,"","","","check pass; user unknown"
syslog,"Jun 15 20:05:31","","combo","sshd","pam_unix",24138,"","","","",-1,-1,"","","","authentication failure; logname= uid=0 euid=0 tty=NODEVssh ruser= rhost=d211-116-254-214.rev.krline.net"
syslog,"Jun 15 20:05:31","","combo","sshd","pam_unix",24137,"","","","",-1,-1,"","","","check pass; user unknown"
syslog,"Jun 15 20:05:31","","combo","sshd","pam_unix",24137,"","","","",-1,-1,"","","","authentication failure; logname= uid=0 euid=0 tty=NODEVssh ruser= rhost=d211-116-254-214.rev.krline.net"
syslog,"Jun 15 20:05:31","","combo","sshd","pam_unix",24141,"","","","",-1,-1,"","","","check pass; user unknown"
syslog,"Jun 15 20:05:31","","combo","sshd","pam_unix",24141,"","","","",-1,-1,"","","","authentication failure; logname= uid=0 euid=0 tty=NODEVssh ruser= rhost=d211-116-254-214.rev.krline.net"
syslog,"Jun 15 20:05:31","","combo","sshd","pam_unix",24140,"","","","",-1,-1,"","","","check pass; user unknown"
syslog,"Jun 15 20:05:31","","combo","sshd","pam_unix",24140,"","","","",-1,-1,"","","","authentication failure; logname= uid=0 euid=0 tty=NODEVssh ruser= rhost=d211-116-254-214.rev.krline.net"
syslog,"Jun 15 20:05:31","","combo","sshd","pam_unix",24139,"","","","",-1,-1,"","","","check pass; user unknown"
syslog,"Jun 15 20:05:31","","combo","sshd","pam_unix",24139,"","","","",-1,-1,"","","","authentication failure; logname= uid=0 euid=0 tty=NODEVssh ruser= rhost=d211-116-254-214.rev.krline.net"
syslog,"Jun 16 04:10:22","","combo","su","pam_unix",25178,"","","","",-1,-1,"","","","session opened for user cyrus by (uid=0)"
syslog,"Jun 16 04:10:23","","combo","su","pam_unix",25178,"","","","",-1,-1,"","","","session closed for user cyrus"
syslog,"Jun 16 04:10:24","","combo","logrotate","",-1,"","","","",-1,-1,"","","","ALERT exited abnormally with [1]"
syslog,"Jun 16 04:16:17","","combo","su","pam_unix",25548,"","","","",-1,-1,"","","","session opened for user news by (uid=0)"
syslog,"Jun 16 04:16:18","","combo","su","pam_unix",25548,"","","","",-1,-1,"","","","session closed for user news"
syslog,"Jun 17 04:03:33","","combo","su","pam_unix",27953,"","","","",-1,-1,"","","","session opened for user cyrus by (uid=0)"
syslog,"Jun 17 04:03:34","","combo","su","pam_unix",27953,"","","","",-1,-1,"","","","session closed for user cyrus"
syslog,"Jun 17 04:03:36","","combo","logrotate","",-1,"","","","",-1,-1,"","","","ALERT exited abnormally with [1]"
syslog,"Jun 17 04:09:43","","combo","su","pam_unix",29190,"","","","",-1,-1,"","","","session opened for user news by (uid=0)"
syslog,"Jun 17 04:09:45","","combo","su","pam_unix",29190,"","","","",-1,-1,"","","","session closed for user news"
syslog,"Jun 17 07:07:00","","combo","ftpd[29504]","",29504,"","","","",-1,-1,"","","","connection from 24.54.76.216 (24-54-76-216.bflony.adelphia.net) at Fri Jun 17 07:07:00 2005"
syslog,"Jun 17 07:07:00","","combo","ftpd[29508]","",29508,"","","","",-1,-1,"","","","connection from 24.54.76.216 (24-54-76-216.bflony.adelphia.net) at Fri Jun 17 07:07:00 2005"
syslog,"Jun 17 07:07:00","","combo","ftpd[29507]","",29507,"","","","",-1,-1,"","","","connection from 24.54.76.216 (24-54-76-216.bflony.adelphia.net) at Fri Jun 17 07:07:00 2005"
syslog,"Jun 17 07:07:00","","combo","ftpd[29505]","",29505,"","","","",-1,-1,"","","","connection from 24.54.76.216 (24-54-76-216.bflony.adelphia.net) at Fri Jun 17 07:07:00 2005"
syslog,"Jun 17 07:07:00","","combo","ftpd[29506]","",29506,"","","","",-1,-1,"","","","connection from 24.54.76.216 (24-54-76-216.bflony.adelphia.net) at Fri Jun 17 07:07:00 2005"
syslog,"Jun 17 07:07:00","","combo","ftpd[29509]","",29509,"","","","",-1,-1,"","","","connection from 24.54.76.216 (24-54-76-216.bflony.adelphia.net) at Fri Jun 17 07:07:00 2005"
syslog,"Jun 17 07:07:02","","combo","ftpd[29510]","",29510,"","","","",-1,-1,"","","","connection from 24.54.76.216 (24-54-76-216.bflony.adelphia.net) at Fri Jun 17 07:07:02 2005"
syslog,"Jun 17 07:07:04","","combo","ftpd[29511]","",29511,"","","","",-1,-1,"","","","connection from 24.54.76.216 (24-54-76-216.bflony.adelphia.net) at Fri Jun 17 07:07:04 2005"
syslog,"Jun 17 19:43:13","","combo","sshd","pam_unix",30565,"","","","",-1,-1,"","","","authentication failure; logname= uid=0 euid=0 tty=NODEVssh ruser= rhost=211.46.224.253  user=guest"
syslog,"Jun 17 20:29:26","","combo","sshd","pam_unix",30631,"","","","",-1,-1,"","","","session opened for user test by (uid=509)"
syslog,"Jun 17 20:34:57","","combo","sshd","pam_unix",30631,"","","","",-1,-1,"","","","session closed for user test"
syslog,"Jun 17 20:55:06","","combo","ftpd[30755]","",30755,"","","","",-1,-1,"","","","connection from 82.252.162.81 (lns-vlq-45-tou-82-252-162-81.adsl.proxad.net) at Fri Jun 17 20:55:06 2005"
syslog,"Jun 17 20:55:06","","combo","ftpd[30754]","",30754,"","","","",-1,-1,"","","","connection from 82.252.162.81 (lns-vlq-45-tou-82-252-162-81.adsl.proxad.net) at Fri Jun 17 20:55:06 2005"
syslog,"Jun 17 20:55:06","","combo","ftpd[30753]","",30753,"","","","",-1,-1,"","","","connection from 82.252.162.81 (lns-vlq-45-tou-82-252-162-81.adsl.proxad.net) at Fri Jun 17 20:55:06 2005"
syslog,"Jun 17 20:55:06","","combo","ftpd[30756]","",30756,"","","","",-1,-1,"","","","connection from 82.252.162.81 (lns-vlq-45-tou-82-252-162-81.adsl.proxad.net) at Fri Jun 17 20:55:06 2005"
syslog,"Jun 17 20:55:06","","combo","ftpd[30757]","",30757,"","","","",-1,-1,"","","","connection from 82.252.162.81 (lns-vlq-45-tou-82-252-162-81.adsl.proxad.net) at Fri Jun 17 20:55:06 2005"
syslog,"Jun 17 20:55:07","","combo","ftpd[30758]","",30758,"","","","",-1,-1,"","","","connection from 82.252.162.81 (lns-vlq-45-tou-82-252-162-81.adsl.proxad.net) at Fri Jun 17 20:55:07 2005"
syslog,"Jun 17 20:55:07","","combo","ftpd[30759]","",30759,"","","","",-1,-1,"","","","connection from 82.252.162.81 (lns-vlq-45-tou-82-252-162-81.adsl.proxad.net) at Fri Jun 17 20:55:07 2005"
syslog,"Jun 18 01:30:59","","combo","sshd","pam_unix",31201,"","","","",-1,-1,"","","","check pass; user unknown"
syslog,"Jun 18 01:30:59","","combo","sshd","pam_unix",31201,"","","","",-1,-1,"","","","authentication failure; logname= uid=0 euid=0 tty=NODEVssh ruser= rhost=adsl-70-242-75-179.dsl.ksc2mo.swbell.net"
syslog,"Jun 18 01:30:59","","combo","sshd","pam_unix",31199,"","","","",-1,-1,"","","","check pass; user unknown"
syslog,"Jun 18 01:30:59","","combo","sshd","pam_unix",31199,"","","","",-1,-1,"","","","authentication failure; logname= uid=0 euid=0 tty=NODEVssh ruser= rhost=adsl-70-242-75-179.dsl.ksc2mo.swbell.net"
syslog,"Jun 18 01:30:59","","combo","sshd","pam_unix",31198,"","","","",-1,-1,"","","","check pass; user unknown"
syslog,"Jun 18 01:30:59","","combo","sshd","pam_unix",31198,"","","","",-1,-1,"","","","authentication failure; logname= uid=0 euid=0 tty=NODEVssh ruser= rhost=adsl-70-242-75-179.dsl.ksc2mo.swbell.net"
syslog,"Jun 18 01:30:59","","combo","sshd","pam_unix",31202,"","","","",-1,-1,"","","","check pass; user unknown"
syslog,"Jun 18 01:30:59","","combo","sshd","pam_unix",31202,"","","","",-1,-1,"","","","authentication failure; logname= uid=0 euid=0 tty=NODEVssh ruser= rhost=adsl-70-242-75-179.dsl.ksc2mo.swbell.net"
syslog,"Jun 18 01:30:59","","combo","sshd","pam_unix",31205,"","","","",-1,-1,"","","","check pass; user unknown"
syslog,"Jun 18 01:30:59","","combo","sshd","pam_unix",31205,"","","","",-1,-1,"","","","authentication failure; logname= uid=0 euid=0 tty=NODEVssh ruser= rhost=adsl-70-242-75-179.dsl.ksc2mo.swbell.net"
syslog,"Jun 18 01:30:59","","combo","sshd","pam_unix",31200,"","","","",-1,-1,"","","","check pass; user unknown"
syslog,"Jun 18 01:30:59","","combo","sshd","pam_unix",31200,"","","","",-1,-1,"","","","authentication failure; logname= uid=0 euid=0 tty=NODEVssh ruser= rhost=adsl-70-242-75-179.dsl.ksc2mo.swbell.net"
syslog,"Jun 18 01:30:59","","combo","sshd","pam_unix",31206,"","","","",-1,-1,"","","","check pass; user unknown"
syslog,"Jun 18 01:30:59","","combo","sshd","pam_unix",31206,"","","","",-1,-1,"","","","authentication failure; logname= uid=0 euid=0 tty=NODEVssh ruser= rhost=adsl-70-242-75-179.dsl.ksc2mo.swbell.net"
syslog,"Jun 18 01:30:59","","combo","sshd","pam_unix",31204,"","","","",-1,-1,"","","","check pass; user unknown"
application,"","INFO","","","",-1,"","","","",-1,-1,"","","nova.compute.manager","During sync_power_state the instance has a pending task (spawning). Skip."
application,"","INFO","","","",-1,"","","","",-1,-1,"","","nova.virt.libvirt.driver","Creating image"
application,"","INFO","","","",-1,"","","","",-1,-1,"","","os_vif","Successfully plugged vif VIFOpenVSwitch(active=False,address=fa:16:3e:10:02:d5,bridge_name='br-int',has_traffic_filtering=True,id=0909e467-abc5-46da-aa5e-5ad638e12e7a,network=Network(e1d05e71-2633-456c-a795-7824d1006934),plugin='ovs',port_profile=VIFPortProfileOpenVSwitch,preserve_on_delete=False,vif_name='tap0909e467-ab')"
application,"","INFO","","","",-1,"","","","",-1,-1,"","","oslo.privsep.daemon","Running privsep helper: "
application,"","INFO","","","",-1,"","","","",-1,-1,"","","nova.compute.manager","VM Started (Lifecycle Event)"
application,"","INFO","","","",-1,"","","","",-1,-1,"","","nova.compute.manager","VM Paused (Lifecycle Event)"
application,"","INFO","","","",-1,"","","","",-1,-1,"","","nova.compute.manager","During sync_power_state the instance has a pending task (spawning). Skip."
application,"","INFO","","","",-1,"","","","",-1,-1,"","","oslo.privsep.daemon","Spawned new privsep daemon via rootwrap"
application,"","INFO","","","",-1,"","","","",-1,-1,"","","oslo.privsep.daemon","privsep daemon starting"
application,"","INFO","","","",-1,"","","","",-1,-1,"","","oslo.privsep.daemon","privsep process running with uid/gid: 0/0"
application,"","INFO","","","",-1,"","","","",-1,-1,"","","oslo.privsep.daemon","privsep process running with capabilities (eff/prm/inh): CAP_NET_ADMIN/CAP_NET_ADMIN/none"
application,"","INFO","","","",-1,"","","","",-1,-1,"","","oslo.privsep.daemon","privsep daemon running as pid 3795"
application,"","INFO","","","",-1,"","","","",-1,-1,"","","nova.compute.claims","Claim successful on node parisaserver"
application,"","INFO","","","",-1,"","","","",-1,-1,"","","os_vif","Successfully plugged vif VIFOpenVSwitch(active=False,address=fa:16:3e:ee:f7:d3,bridge_name='br-int',has_traffic_filtering=True,id=92fa5515-1035-43a8-9a4b-918c8337e4a0,network=Network(e1d05e71-2633-456c-a795-7824d1006934),plugin='ovs',port_profile=VIFPortProfileOpenVSwitch,preserve_on_delete=False,vif_name='tap92fa5515-10')"
application,"","INFO","","","",-1,"","","","",-1,-1,"","","os_vif","Successfully unplugged vif VIFOpenVSwitch(active=False,address=fa:16:3e:72:a7:4e,bridge_name='br-int',has_traffic_filtering=True,id=6def45c7-598d-4775-9034-4deca6812f7a,network=Network(e1d05e71-2633-456c-a795-7824d1006934),plugin='ovs',port_profile=VIFPortProfileOpenVSwitch,preserve_on_delete=False,vif_name='tap6def45c7-59')"
application,"","INFO","","","",-1,"","","","",-1,-1,"","","nova.virt.libvirt.driver","Deleting instance files /opt/stack/data/nova/instances/fa91d7de-0896-41e1-a733-0260d1e20e89_del"
application,"","INFO","","","",-1,"","","","",-1,-1,"","","nova.virt.libvirt.driver","Deletion of /opt/stack/data/nova/instances/fa91d7de-0896-41e1-a733-0260d1e20e89_del complete"
application,"","INFO","","","",-1,"","","","",-1,-1,"","","nova.virt.libvirt.driver","Creating image"
application,"","INFO","","","",-1,"","","","",-1,-1,"","","os_vif","Successfully unplugged vif VIFOpenVSwitch(active=False,address=fa:16:3e:10:02:d5,bridge_name='br-int',has_traffic_filtering=True,id=0909e467-abc5-46da-aa5e-5ad638e12e7a,network=Network(e1d05e71-2633-456c-a795-7824d1006934),plugin='ovs',port_profile=VIFPortProfileOpenVSwitch,preserve_on_delete=False,vif_name='tap0909e467-ab')"
application,"","INFO","","","",-1,"","","","",-1,-1,"","","nova.virt.libvirt.driver","Deleting instance files /opt/stack/data/nova/instances/30fccdc4-a449-47f4-b769-0aa8e7a52079_del"
application,"","INFO","","","",-1,"","","","",-1,-1,"","","nova.virt.libvirt.driver","Deletion of /opt/stack/data/nova/instances/30fccdc4-a449-47f4-b769-0aa8e7a52079_del complete"
application,"","ERROR","","","",-1,"","","","",-1,-1,"","","nova.compute.manager","Instance failed to spawn: nova.exception.VirtualInterfaceCreateException: Virtual Interface creation failed"
application,"","INFO","","","",-1,"","","","",-1,-1,"","","nova.compute.manager","Terminating instance"
application,"","INFO","","","",-1,"","","","",-1,-1,"","","nova.virt.libvirt.driver","Instance destroyed successfully."
application,"","INFO","","","",-1,"","","","",-1,-1,"","","os_vif","Successfully unplugged vif VIFOpenVSwitch(active=False,address=fa:16:3e:72:a7:4e,bridge_name='br-int',has_traffic_filtering=True,id=6def45c7-598d-4775-9034-4deca6812f7a,network=Network(e1d05e71-2633-456c-a795-7824d1006934),plugin='ovs',port_profile=VIFPortProfileOpenVSwitch,preserve_on_delete=False,vif_name='tap6def45c7-59')"
application,"","INFO","","","",-1,"","","","",-1,-1,"","","nova.virt.libvirt.driver","Deletion of /opt/stack/data/nova/instances/fa91d7de-0896-41e1-a733-0260d1e20e89_del complete"
application,"","ERROR","","","",-1,"","","","",-1,-1,"","","nova.compute.manager","Instance failed to spawn: nova.exception.VirtualInterfaceCreateException: Virtual Interface creation failed"
application,"","INFO","","","",-1,"","","","",-1,-1,"","","nova.compute.manager","Terminating instance"
application,"","INFO","","","",-1,"","","","",-1,-1,"","","nova.virt.libvirt.driver","Instance destroyed successfully."
application,"","INFO","","","",-1,"","","","",-1,-1,"","","os_vif","Successfully unplugged vif VIFOpenVSwitch(active=False,address=fa:16:3e:10:02:d5,bridge_name='br-int',has_traffic_filtering=True,id=0909e467-abc5-46da-aa5e-5ad638e12e7a,network=Network(e1d05e71-2633-456c-a795-7824d1006934),plugin='ovs',port_profile=VIFPortProfileOpenVSwitch,preserve_on_delete=False,vif_name='tap0909e467-ab')"
application,"","INFO","","","",-1,"","","","",-1,-1,"","","nova.virt.libvirt.driver","Deletion of /opt/stack/data/nova/instances/30fccdc4-a449-47f4-b769-0aa8e7a52079_del complete"
application,"","INFO","","","",-1,"","","","",-1,-1,"","","nova.compute.manager","Took 0.57 seconds to destroy the instance on the hypervisor."
application,"","INFO","","","",-1,"","","","",-1,-1,"","","nova.compute.manager","Took 0.70 seconds to destroy the instance on the hypervisor."
application,"","ERROR","","","",-1,"","","","",-1,-1,"","","nova.compute.manager","Failed to allocate network(s): nova.exception.VirtualInterfaceCreateException: Virtual Interface creation failed"
application,"","ERROR","","","",-1,"","","","",-1,-1,"","","nova.compute.manager","Build of instance fa91d7de-0896-41e1-a733-0260d1e20e89 aborted: Failed to allocate the network(s), not rescheduling.: nova.exception.BuildAbortException: Build of instance fa91d7de-0896-41e1-a733-0260d1e20e89 aborted: Failed to allocate the network(s), not rescheduling."
application,"","INFO","","","",-1,"","","","",-1,-1,"","","os_vif","Successfully unplugged vif VIFOpenVSwitch(active=False,address=fa:16:3e:72:a7:4e,bridge_name='br-int',has_traffic_filtering=True,id=6def45c7-598d-4775-9034-4deca6812f7a,network=Network(e1d05e71-2633-456c-a795-7824d1006934),plugin='ovs',port_profile=VIFPortProfileOpenVSwitch,preserve_on_delete=False,vif_name='tap6def45c7-59')"
application,"","INFO","","","",-1,"","","","",-1,-1,"","","nova.compute.manager","VM Started (Lifecycle Event)"
application,"","ERROR","","","",-1,"","","","",-1,-1,"","","nova.compute.manager","Failed to allocate network(s): nova.exception.VirtualInterfaceCreateException: Virtual Interface creation failed"
application,"","ERROR","","","",-1,"","","","",-1,-1,"","","nova.compute.manager","Build of instance 30fccdc4-a449-47f4-b769-0aa8e7a52079 aborted: Failed to allocate the network(s), not rescheduling.: nova.exception.BuildAbortException: Build of instance 30fccdc4-a449-47f4-b769-0aa8e7a52079 aborted: Failed to allocate the network(s), not rescheduling."
application,"","INFO","","","",-1,"","","","",-1,-1,"","","os_vif","Successfully unplugged vif VIFOpenVSwitch(active=False,address=fa:16:3e:10:02:d5,bridge_name='br-int',has_traffic_filtering=True,id=0909e467-abc5-46da-aa5e-5ad638e12e7a,network=Network(e1d05e71-2633-456c-a795-7824d1006934),plugin='ovs',port_profile=VIFPortProfileOpenVSwitch,preserve_on_delete=False,vif_name='tap0909e467-ab')"
application,"","INFO","","","",-1,"","","","",-1,-1,"","","nova.compute.manager","VM Paused (Lifecycle Event)"
application,"","INFO","","","",-1,"","","","",-1,-1,"","","nova.compute.manager","During sync_power_state the instance has a pending task (spawning). Skip."
application,"","INFO","","","",-1,"","","","",-1,-1,"","","nova.compute.manager","Took 2.75 seconds to deallocate network for instance."
application,"","INFO","","","",-1,"","","","",-1,-1,"","","nova.compute.manager","Took 2.22 seconds to deallocate network for instance."
application,"","INFO","","","",-1,"","","","",-1,-1,"","","nova.scheduler.client.report","Deleted allocation for instance fa91d7de-0896-41e1-a733-0260d1e20e89"
application,"","INFO","","","",-1,"","","","",-1,-1,"","","nova.scheduler.client.report","Deleted allocation for instance 30fccdc4-a449-47f4-b769-0aa8e7a52079"
application,"","INFO","","","",-1,"","","","",-1,-1,"","","os_vif","Successfully unplugged vif VIFOpenVSwitch(active=False,address=fa:16:3e:ee:f7:d3,bridge_name='br-int',has_traffic_filtering=True,id=92fa5515-1035-43a8-9a4b-918c8337e4a0,network=Network(e1d05e71-2633-456c-a795-7824d1006934),plugin='ovs',port_profile=VIFPortProfileOpenVSwitch,preserve_on_delete=False,vif_name='tap92fa5515-10')"
application,"","INFO","","","",-1,"","","","",-1,-1,"","","nova.virt.libvirt.driver","Deleting instance files /opt/stack/data/nova/instances/e3704f12-9c67-4dbc-9c8a-ff413742f3d4_del"
application,"","INFO","","","",-1,"","","","",-1,-1,"","","nova.virt.libvirt.driver","Deletion of /opt/stack/data/nova/instances/e3704f12-9c67-4dbc-9c8a-ff413742f3d4_del complete"
application,"","INFO","","","",-1,"","","","",-1,-1,"","","os_vif","Successfully plugged vif VIFOpenVSwitch(active=False,address=fa:16:3e:f5:11:fe,bridge_name='br-int',has_traffic_filtering=True,id=35ca360f-2270-43ad-8a21-823c5d074473,network=Network(e1d05e71-2633-456c-a795-7824d1006934),plugin='ovs',port_profile=VIFPortProfileOpenVSwitch,preserve_on_delete=False,vif_name='tap35ca360f-22')"
application,"","ERROR","","","",-1,"","","","",-1,-1,"","","nova.compute.manager","Instance failed to spawn: nova.exception.VirtualInterfaceCreateException: Virtual Interface creation failed"
application,"","INFO","","","",-1,"","","","",-1,-1,"","","nova.compute.manager","Terminating instance"
application,"","INFO","","","",-1,"","","","",-1,-1,"","","nova.virt.libvirt.driver","Instance destroyed successfully."
application,"","INFO","","","",-1,"","","","",-1,-1,"","","os_vif","Successfully unplugged vif VIFOpenVSwitch(active=False,address=fa:16:3e:ee:f7:d3,bridge_name='br-int',has_traffic_filtering=True,id=92fa5515-1035-43a8-9a4b-918c8337e4a0,network=Network(e1d05e71-2633-456c-a795-7824d1006934),plugin='ovs',port_profile=VIFPortProfileOpenVSwitch,preserve_on_delete=False,vif_name='tap92fa5515-10')"
application,"","INFO","","","",-1,"","","","",-1,-1,"","","nova.virt.libvirt.driver","Deletion of /opt/stack/data/nova/instances/e3704f12-9c67-4dbc-9c8a-ff413742f3d4_del complete"
application,"","INFO","","","",-1,"","","","",-1,-1,"","","nova.compute.manager","Took 0.28 seconds to destroy the instance on the hypervisor."
application,"","ERROR","","","",-1,"","","","",-1,-1,"","","nova.compute.manager","Failed to allocate network(s): nova.exception.VirtualInterfaceCreateException: Virtual Interface creation failed"
application,"","ERROR","","","",-1,"","","","",-1,-1,"","","nova.compute.manager","Build of instance e3704f12-9c67-4dbc-9c8a-ff413742f3d4 aborted: Failed to allocate the network(s), not rescheduling.: nova.exception.BuildAbortException: Build of instance e3704f12-9c67-4dbc-9c8a-ff413742f3d4 aborted: Failed to allocate the network(s), not rescheduling."
application,"","INFO","","","",-1,"","","","",-1,-1,"","","os_vif","Successfully unplugged vif VIFOpenVSwitch(active=False,address=fa:16:3e:ee:f7:d3,bridge_name='br-int',has_traffic_filtering=True,id=92fa5515-1035-43a8-9a4b-918c8337e4a0,network=Network(e1d05e71-2633-456c-a795-7824d1006934),plugin='ovs',port_profile=VIFPortProfileOpenVSwitch,preserve_on_delete=False,vif_name='tap92fa5515-10')"
application,"","INFO","","","",-1,"","","","",-1,-1,"","","nova.compute.manager","VM Stopped (Lifecycle Event)"
application,"","INFO","","","",-1,"","","","",-1,-1,"","","nova.compute.manager","Took 2.19 seconds to deallocate network for instance."
application,"","INFO","","","",-1,"","","","",-1,-1,"","","nova.compute.manager","VM Started (Lifecycle Event)"
application,"","INFO","","","",-1,"","","","",-1,-1,"","","nova.compute.claims","Claim successful on node parisaserver"
application,"","INFO","","","",-1,"","","","",-1,-1,"","","nova.compute.manager","VM Paused (Lifecycle Event)"
application,"","INFO","","","",-1,"","","","",-1,-1,"","","nova.scheduler.client.report","Deleted allocation for instance e3704f12-9c67-4dbc-9c8a-ff413742f3d4"
application,"","INFO","","","",-1,"","","","",-1,-1,"","","nova.compute.manager","During sync_power_state the instance has a pending task (spawning). Skip."
application,"","INFO","","","",-1,"","","","",-1,-1,"","","nova.virt.libvirt.driver","Creating image"
application,"","INFO","","","",-1,"","","","",-1,-1,"","","os_vif","Successfully unplugged vif VIFOpenVSwitch(active=False,address=fa:16:3e:f5:11:fe,bridge_name='br-int',has_traffic_filtering=True,id=35ca360f-2270-43ad-8a21-823c5d074473,network=Network(e1d05e71-2633-456c-a795-7824d1006934),plugin='ovs',port_profile=VIFPortProfileOpenVSwitch,preserve_on_delete=False,vif_name='tap35ca360f-22')"
application,"","INFO","","","",-1,"","","","",-1,-1,"","","nova.virt.libvirt.driver","Deleting instance files /opt/stack/data/nova/instances/08a6ad88-7537-4a6d-9da2-ddf8d6cc6ff3_del"
application,"","INFO","","","",-1,"","","","",-1,-1,"","","nova.virt.libvirt.driver","Deletion of /opt/stack/data/nova/instances/08a6ad88-7537-4a6d-9da2-ddf8d6cc6ff3_del complete"
application,"","ERROR","","","",-1,"","","","",-1,-1,"","","nova.compute.manager","Instance failed to spawn: nova.exception.VirtualInterfaceCreateException: Virtual Interface creation failed"
application,"","INFO","","","",-1,"","","","",-1,-1,"","","nova.compute.manager","Terminating instance"
application,"","INFO","","","",-1,"","","","",-1,-1,"","","nova.virt.libvirt.driver","Instance destroyed successfully."
application,"","INFO","","","",-1,"","","","",-1,-1,"","","os_vif","Successfully unplugged vif VIFOpenVSwitch(active=False,address=fa:16:3e:f5:11:fe,bridge_name='br-int',has_traffic_filtering=True,id=35ca360f-2270-43ad-8a21-823c5d074473,network=Network(e1d05e71-2633-456c-a795-7824d1006934),plugin='ovs',port_profile=VIFPortProfileOpenVSwitch,preserve_on_delete=False,vif_name='tap35ca360f-22')"
application,"","INFO","","","",-1,"","","","",-1,-1,"","","nova.virt.libvirt.driver","Deletion of /opt/stack/data/nova/instances/08a6ad88-7537-4a6d-9da2-ddf8d6cc6ff3_del complete"
application,"","INFO","","","",-1,"","","","",-1,-1,"","","nova.compute.manager","Took 0.19 seconds to destroy the instance on the hypervisor."
application,"","ERROR","","","",-1,"","","","",-1,-1,"","","nova.compute.manager","Failed to allocate network(s): nova.exception.VirtualInterfaceCreateException: Virtual Interface creation failed"
application,"","ERROR","","","",-1,"","","","",-1,-1,"","","nova.compute.manager","Build of instance 08a6ad88-7537-4a6d-9da2-ddf8d6cc6ff3 aborted: Failed to allocate the network(s), not rescheduling.: nova.exception.BuildAbortException: Build of instance 08a6ad88-7537-4a6d-9da2-ddf8d6cc6ff3 aborted: Failed to allocate the network(s), not rescheduling."
application,"","INFO","","","",-1,"","","","",-1,-1,"","","os_vif","Successfully unplugged vif VIFOpenVSwitch(active=False,address=fa:16:3e:f5:11:fe,bridge_name='br-int',has_traffic_filtering=True,id=35ca360f-2270-43ad-8a21-823c5d074473,network=Network(e1d05e71-2633-456c-a795-7824d1006934),plugin='ovs',port_profile=VIFPortProfileOpenVSwitch,preserve_on_delete=False,vif_name='tap35ca360f-22')"
application,"","INFO","","","",-1,"","","","",-1,-1,"","","nova.compute.claims","Claim successful on node parisaserver"
application,"","INFO","","","",-1,"","","","",-1,-1,"","","nova.compute.manager","VM Stopped (Lifecycle Event)"
application,"","INFO","","","",-1,"","","","",-1,-1,"","","nova.virt.libvirt.driver","Creating image"
application,"","INFO","","","",-1,"","","","",-1,-1,"","","nova.compute.manager","Took 3.12 seconds to deallocate network for instance."
application,"","INFO","","","",-1,"","","","",-1,-1,"","","os_vif","Successfully plugged vif VIFOpenVSwitch(active=False,address=fa:16:3e:72:b0:91,bridge_name='br-int',has_traffic_filtering=True,id=4da9075b-2005-4ee4-810b-d9c6cacdfbe8,network=Network(e1d05e71-2633-456c-a795-7824d1006934),plugin='ovs',port_profile=VIFPortProfileOpenVSwitch,preserve_on_delete=False,vif_name='tap4da9075b-20')"
application,"","INFO","","","",-1,"","","","",-1,-1,"","","nova.scheduler.client.report","Deleted allocation for instance 08a6ad88-7537-4a6d-9da2-ddf8d6cc6ff3"
application,"","INFO","","","",-1,"","","","",-1,-1,"","","nova.compute.manager","VM Started (Lifecycle Event)"
application,"","INFO","","","",-1,"","","","",-1,-1,"","","nova.compute.manager","VM Paused (Lifecycle Event)"
application,"","INFO","","","",-1,"","","","",-1,-1,"","","nova.compute.manager","During sync_power_state the instance has a pending task (spawning). Skip."
application,"","INFO","","","",-1,"","","","",-1,-1,"","","os_vif","Successfully plugged vif VIFOpenVSwitch(active=False,address=fa:16:3e:d9:8f:33,bridge_name='br-int',has_traffic_filtering=True,id=74dc57a4-508c-456c-903d-9b3d3eac6539,network=Network(e1d05e71-2633-456c-a795-7824d1006934),plugin='ovs',port_profile=VIFPortProfileOpenVSwitch,preserve_on_delete=False,vif_name='tap74dc57a4-50')"
application,"","INFO","","","",-1,"","","","",-1,-1,"","","nova.compute.manager","VM Stopped (Lifecycle Event)"
application,"","INFO","","","",-1,"","","","",-1,-1,"","","nova.compute.claims","Claim successful on node parisaserver"
application,"","INFO","","","",-1,"","","","",-1,-1,"","","nova.virt.libvirt.driver","Creating image"
application,"","INFO","","","",-1,"","","","",-1,-1,"","","os_vif","Successfully unplugged vif VIFOpenVSwitch(active=False,address=fa:16:3e:72:b0:91,bridge_name='br-int',has_traffic_filtering=True,id=4da9075b-2005-4ee4-810b-d9c6cacdfbe8,network=Network(e1d05e71-2633-456c-a795-7824d1006934),plugin='ovs',port_profile=VIFPortProfileOpenVSwitch,preserve_on_delete=False,vif_name='tap4da9075b-20')"
application,"","INFO","","","",-1,"","","","",-1,-1,"","","nova.virt.libvirt.driver","Deleting instance files /opt/stack/data/nova/instances/244db2cc-c435-494f-bd4d-6140c8405f80_del"
application,"","INFO","","","",-1,"","","","",-1,-1,"","","nova.virt.libvirt.driver","Deletion of /opt/stack/data/nova/instances/244db2cc-c435-494f-bd4d-6140c8405f80_del complete"
application,"","ERROR","","","",-1,"","","","",-1,-1,"","","nova.compute.manager","Instance failed to spawn: nova.exception.VirtualInterfaceCreateException: Virtual Interface creation failed"
application,"","INFO","","","",-1,"","","","",-1,-1,"","","nova.compute.manager","Terminating instance"
application,"","INFO","","","",-1,"","","","",-1,-1,"","","nova.virt.libvirt.driver","Instance destroyed successfully."
application,"","INFO","","","",-1,"","","","",-1,-1,"","","os_vif","Successfully unplugged vif VIFOpenVSwitch(active=False,address=fa:16:3e:72:b0:91,bridge_name='br-int',has_traffic_filtering=True,id=4da9075b-2005-4ee4-810b-d9c6cacdfbe8,network=Network(e1d05e71-2633-456c-a795-7824d1006934),plugin='ovs',port_profile=VIFPortProfileOpenVSwitch,preserve_on_delete=False,vif_name='tap4da9075b-20')"
application,"","INFO","","","",-1,"","","","",-1,-1,"","","nova.virt.libvirt.driver","Deletion of /opt/stack/data/nova/instances/244db2cc-c435-494f-bd4d-6140c8405f80_del complete"
application,"","INFO","","","",-1,"","","","",-1,-1,"","","nova.compute.manager","Took 0.46 seconds to destroy the instance on the hypervisor."
application,"","INFO","","","",-1,"","","","",-1,-1,"","","nova.compute.manager","VM Started (Lifecycle Event)"
application,"","ERROR","","","",-1,"","","","",-1,-1,"","","nova.compute.manager","Failed to allocate network(s): nova.exception.VirtualInterfaceCreateException: Virtual Interface creation failed"
application,"","INFO","","","",-1,"","","","",-1,-1,"","","nova.compute.manager","VM Paused (Lifecycle Event)"
application,"","ERROR","","","",-1,"","","","",-1,-1,"","","nova.compute.manager","Build of instance 244db2cc-c435-494f-bd4d-6140c8405f80 aborted: Failed to allocate the network(s), not rescheduling.: nova.exception.BuildAbortException: Build of instance 244db2cc-c435-494f-bd4d-6140c8405f80 aborted: Failed to allocate the network(s), not rescheduling."
application,"","INFO","","","",-1,"","","","",-1,-1,"","","os_vif","Successfully unplugged vif VIFOpenVSwitch(active=False,address=fa:16:3e:72:b0:91,bridge_name='br-int',has_traffic_filtering=True,id=4da9075b-2005-4ee4-810b-d9c6cacdfbe8,network=Network(e1d05e71-2633-456c-a795-7824d1006934),plugin='ovs',port_profile=VIFPortProfileOpenVSwitch,preserve_on_delete=False,vif_name='tap4da9075b-20')"
application,"","INFO","","","",-1,"","","","",-1,-1,"","","nova.compute.manager","During sync_power_state the instance has a pending task (spawning). Skip."
application,"","INFO","","","",-1,"","","","",-1,-1,"","","nova.compute.manager","Took 1.57 seconds to deallocate network for instance."
application,"","INFO","","","",-1,"","","","",-1,-1,"","","nova.scheduler.client.report","Deleted allocation for instance 244db2cc-c435-494f-bd4d-6140c8405f80"
application,"","INFO","","","",-1,"","","","",-1,-1,"","","os_vif","Successfully unplugged vif VIFOpenVSwitch(active=False,address=fa:16:3e:d9:8f:33,bridge_name='br-int',has_traffic_filtering=True,id=74dc57a4-508c-456c-903d-9b3d3eac6539,network=Network(e1d05e71-2633-456c-a795-7824d1006934),plugin='ovs',port_profile=VIFPortProfileOpenVSwitch,preserve_on_delete=False,vif_name='tap74dc57a4-50')"
application,"","INFO","","","",-1,"","","","",-1,-1,"","","nova.virt.libvirt.driver","Deleting instance files /opt/stack/data/nova/instances/27fdf96f-82d3-4ec7-a84e-401d147b8c94_del"
application,"","INFO","","","",-1,"","","","",-1,-1,"","","nova.virt.libvirt.driver","Deletion of /opt/stack/data/nova/instances/27fdf96f-82d3-4ec7-a84e-401d147b8c94_del complete"
application,"","INFO","","","",-1,"","","","",-1,-1,"","","os_vif","Successfully plugged vif VIFOpenVSwitch(active=False,address=fa:16:3e:ce:1d:be,bridge_name='br-int',has_traffic_filtering=True,id=739f54aa-84a8-47e7-a5ea-dddda82849fa,network=Network(e1d05e71-2633-456c-a795-7824d1006934),plugin='ovs',port_profile=VIFPortProfileOpenVSwitch,preserve_on_delete=False,vif_name='tap739f54aa-84')"
application,"","ERROR","","","",-1,"","","","",-1,-1,"","","nova.compute.manager","Instance failed to spawn: nova.exception.VirtualInterfaceCreateException: Virtual Interface creation failed"
application,"","INFO","","","",-1,"","","","",-1,-1,"","","nova.compute.manager","Terminating instance"
application,"","INFO","","","",-1,"","","","",-1,-1,"","","nova.virt.libvirt.driver","Instance destroyed successfully."
application,"","INFO","","","",-1,"","","","",-1,-1,"","","os_vif","Successfully unplugged vif VIFOpenVSwitch(active=False,address=fa:16:3e:d9:8f:33,bridge_name='br-int',has_traffic_filtering=True,id=74dc57a4-508c-456c-903d-9b3d3eac6539,network=Network(e1d05e71-2633-456c-a795-7824d1006934),plugin='ovs',port_profile=VIFPortProfileOpenVSwitch,preserve_on_delete=False,vif_name='tap74dc57a4-50')"
application,"","INFO","","","",-1,"","","","",-1,-1,"","","nova.virt.libvirt.driver","Deletion of /opt/stack/data/nova/instances/27fdf96f-82d3-4ec7-a84e-401d147b8c94_del complete"
application,"","INFO","","","",-1,"","","","",-1,-1,"","","nova.compute.manager","Took 0.16 seconds to destroy the instance on the hypervisor."
application,"","INFO","","","",-1,"","","","",-1,-1,"","","nova.compute.manager","VM Stopped (Lifecycle Event)"
application,"","ERROR","","","",-1,"","","","",-1,-1,"","","nova.compute.manager","Failed to allocate network(s): nova.exception.VirtualInterfaceCreateException: Virtual Interface creation failed"
application,"","ERROR","","","",-1,"","","","",-1,-1,"","","nova.compute.manager","Build of instance 27fdf96f-82d3-4ec7-a84e-401d147b8c94 aborted: Failed to allocate the network(s), not rescheduling.: nova.exception.BuildAbortException: Build of instance 27fdf96f-82d3-4ec7-a84e-401d147b8c94 aborted: Failed to allocate the network(s), not rescheduling."
application,"","INFO","","","",-1,"","","","",-1,-1,"","","os_vif","Successfully unplugged vif VIFOpenVSwitch(active=False,address=fa:16:3e:d9:8f:33,bridge_name='br-int',has_traffic_filtering=True,id=74dc57a4-508c-456c-903d-9b3d3eac6539,network=Network(e1d05e71-2633-456c-a795-7824d1006934),plugin='ovs',port_profile=VIFPortProfileOpenVSwitch,preserve_on_delete=False,vif_name='tap74dc57a4-50')"
application,"","INFO","","","",-1,"","","","",-1,-1,"","","nova.compute.manager","Took 1.68 seconds to deallocate network for instance."
application,"","INFO","","","",-1,"","","","",-1,-1,"","","nova.compute.claims","Claim successful on node parisaserver"
application,"","INFO","","","",-1,"","","","",-1,-1,"","","nova.scheduler.client.report","Deleted allocation for instance 27fdf96f-82d3-4ec7-a84e-401d147b8c94"
application,"","INFO","","","",-1,"","","","",-1,-1,"","","nova.compute.manager","VM Started (Lifecycle Event)"
application,"","INFO","","","",-1,"","","","",-1,-1,"","","nova.compute.manager","VM Paused (Lifecycle Event)"
application,"","INFO","","","",-1,"","","","",-1,-1,"","","nova.compute.manager","During sync_power_state the instance has a pending task (spawning). Skip."
application,"","INFO","","","",-1,"","","","",-1,-1,"","","nova.virt.libvirt.driver","Creating image"
application,"","INFO","","","",-1,"","","","",-1,-1,"","","os_vif","Successfully unplugged vif VIFOpenVSwitch(active=False,address=fa:16:3e:ce:1d:be,bridge_name='br-int',has_traffic_filtering=True,id=739f54aa-84a8-47e7-a5ea-dddda82849fa,network=Network(e1d05e71-2633-456c-a795-7824d1006934),plugin='ovs',port_profile=VIFPortProfileOpenVSwitch,preserve_on_delete=False,vif_name='tap739f54aa-84')"
application,"","INFO","","","",-1,"","","","",-1,-1,"","","nova.virt.libvirt.driver","Deleting instance files /opt/stack/data/nova/instances/24528839-511e-4067-8ab6-0cde340c9efc_del"
application,"","INFO","","","",-1,"","","","",-1,-1,"","","nova.virt.libvirt.driver","Deletion of /opt/stack/data/nova/instances/24528839-511e-4067-8ab6-0cde340c9efc_del complete"
application,"","ERROR","","","",-1,"","","","",-1,-1,"","","nova.compute.manager","Instance failed to spawn: nova.exception.VirtualInterfaceCreateException: Virtual Interface creation failed"
application,"","INFO","","","",-1,"","","","",-1,-1,"","","nova.compute.manager","Terminating instance"
application,"","INFO","","","",-1,"","","","",-1,-1,"","","nova.virt.libvirt.driver","Instance destroyed successfully."
application,"","INFO","","","",-1,"","","","",-1,-1,"","","os_vif","Successfully unplugged vif VIFOpenVSwitch(active=False,address=fa:16:3e:ce:1d:be,bridge_name='br-int',has_traffic_filtering=True,id=739f54aa-84a8-47e7-a5ea-dddda82849fa,network=Network(e1d05e71-2633-456c-a795-7824d1006934),plugin='ovs',port_profile=VIFPortProfileOpenVSwitch,preserve_on_delete=False,vif_name='tap739f54aa-84')"
application,"","INFO","","","",-1,"","","","",-1,-1,"","","nova.virt.libvirt.driver","Deletion of /opt/stack/data/nova/instances/24528839-511e-4067-8ab6-0cde340c9efc_del complete"
application,"","INFO","","","",-1,"","","","",-1,-1,"","","nova.compute.manager","Took 0.17 seconds to destroy the instance on the hypervisor."
application,"","ERROR","","","",-1,"","","","",-1,-1,"","","nova.compute.manager","Failed to allocate network(s): nova.exception.VirtualInterfaceCreateException: Virtual Interface creation failed"
application,"","ERROR","","","",-1,"","","","",-1,-1,"","","nova.compute.manager","Build of instance 24528839-511e-4067-8ab6-0cde340c9efc aborted: Failed to allocate the network(s), not rescheduling.: nova.exception.BuildAbortException: Build of instance 24528839-511e-4067-8ab6-0cde340c9efc aborted: Failed to allocate the network(s), not rescheduling."
application,"","INFO","","","",-1,"","","","",-1,-1,"","","os_vif","Successfully unplugged vif VIFOpenVSwitch(active=False,address=fa:16:3e:ce:1d:be,bridge_name='br-int',has_traffic_filtering=True,id=739f54aa-84a8-47e7-a5ea-dddda82849fa,network=Network(e1d05e71-2633-456c-a795-7824d1006934),plugin='ovs',port_profile=VIFPortProfileOpenVSwitch,preserve_on_delete=False,vif_name='tap739f54aa-84')"
application,"","INFO","","","",-1,"","","","",-1,-1,"","","os_vif","Successfully plugged vif VIFOpenVSwitch(active=False,address=fa:16:3e:9f:94:0f,bridge_name='br-int',has_traffic_filtering=True,id=01168c31-59e9-434c-bb99-1eed3404086a,network=Network(e1d05e71-2633-456c-a795-7824d1006934),plugin='ovs',port_profile=VIFPortProfileOpenVSwitch,preserve_on_delete=False,vif_name='tap01168c31-59')"
application,"","INFO","","","",-1,"","","","",-1,-1,"","","nova.compute.manager","Took 1.51 seconds to deallocate network for instance."
application,"","INFO","","","",-1,"","","","",-1,-1,"","","nova.scheduler.client.report","Deleted allocation for instance 24528839-511e-4067-8ab6-0cde340c9efc"
application,"","INFO","","","",-1,"","","","",-1,-1,"","","nova.compute.manager","VM Stopped (Lifecycle Event)"
application,"","INFO","","","",-1,"","","","",-1,-1,"","","nova.compute.manager","VM Started (Lifecycle Event)"
application,"","INFO","","","",-1,"","","","",-1,-1,"","","nova.compute.manager","VM Paused (Lifecycle Event)"
application,"","INFO","","","",-1,"","","","",-1,-1,"","","nova.compute.manager","During sync_power_state the instance has a pending task (spawning). Skip."
application,"","INFO","","","",-1,"","","","",-1,-1,"","","nova.compute.claims","Claim successful on node parisaserver"
application,"","INFO","","","",-1,"","","","",-1,-1,"","","nova.virt.libvirt.driver","Creating image"
application,"","INFO","","","",-1,"","","","",-1,-1,"","","os_vif","Successfully unplugged vif VIFOpenVSwitch(active=False,address=fa:16:3e:9f:94:0f,bridge_name='br-int',has_traffic_filtering=True,id=01168c31-59e9-434c-bb99-1eed3404086a,network=Network(e1d05e71-2633-456c-a795-7824d1006934),plugin='ovs',port_profile=VIFPortProfileOpenVSwitch,preserve_on_delete=False,vif_name='tap01168c31-59')"
application,"","INFO","","","",-1,"","","","",-1,-1,"","","nova.virt.libvirt.driver","Deleting instance files /opt/stack/data/nova/instances/3f5bc6b3-47c0-4e5d-ab91-fb46e3c7bcea_del"
application,"","INFO","","","",-1,"","","","",-1,-1,"","","nova.virt.libvirt.driver","Deletion of /opt/stack/data/nova/instances/3f5bc6b3-47c0-4e5d-ab91-fb46e3c7bcea_del complete"
application,"","ERROR","","","",-1,"","","","",-1,-1,"","","nova.compute.manager","Instance failed to spawn: nova.exception.VirtualInterfaceCreateException: Virtual Interface creation failed"
application,"","INFO","","","",-1,"","","","",-1,-1,"","","nova.compute.manager","Terminating instance"
application,"","INFO","","","",-1,"","","","",-1,-1,"","","nova.virt.libvirt.driver","Instance destroyed successfully."
application,"","INFO","","","",-1,"","","","",-1,-1,"","","os_vif","Successfully unplugged vif VIFOpenVSwitch(active=False,address=fa:16:3e:9f:94:0f,bridge_name='br-int',has_traffic_filtering=True,id=01168c31-59e9-434c-bb99-1eed3404086a,network=Network(e1d05e71-2633-456c-a795-7824d1006934),plugin='ovs',port_profile=VIFPortProfileOpenVSwitch,preserve_on_delete=False,vif_name='tap01168c31-59')"
application,"","INFO","","","",-1,"","","","",-1,-1,"","","nova.virt.libvirt.driver","Deletion of /opt/stack/data/nova/instances/3f5bc6b3-47c0-4e5d-ab91-fb46e3c7bcea_del complete"
application,"","INFO","","","",-1,"","","","",-1,-1,"","","nova.compute.manager","Took 0.17 seconds to destroy the instance on the hypervisor."
application,"","ERROR","","","",-1,"","","","",-1,-1,"","","nova.compute.manager","Failed to allocate network(s): nova.exception.VirtualInterfaceCreateException: Virtual Interface creation failed"
application,"","ERROR","","","",-1,"","","","",-1,-1,"","","nova.compute.manager","Build of instance 3f5bc6b3-47c0-4e5d-ab91-fb46e3c7bcea aborted: Failed to allocate the network(s), not rescheduling.: nova.exception.BuildAbortException: Build of instance 3f5bc6b3-47c0-4e5d-ab91-fb46e3c7bcea aborted: Failed to allocate the network(s), not rescheduling."
application,"","INFO","","","",-1,"","","","",-1,-1,"","","os_vif","Successfully unplugged vif VIFOpenVSwitch(active=False,address=fa:16:3e:9f:94:0f,bridge_name='br-int',has_traffic_filtering=True,id=01168c31-59e9-434c-bb99-1eed3404086a,network=Network(e1d05e71-2633-456c-a795-7824d1006934),plugin='ovs',port_profile=VIFPortProfileOpenVSwitch,preserve_on_delete=False,vif_name='tap01168c31-59')"
application,"","INFO","","","",-1,"","","","",-1,-1,"","","nova.compute.manager","VM Stopped (Lifecycle Event)"
application,"","INFO","","","",-1,"","","","",-1,-1,"","","nova.compute.manager","Took 1.36 seconds to deallocate network for instance."
application,"","INFO","","","",-1,"","","","",-1,-1,"","","os_vif","Successfully plugged vif VIFOpenVSwitch(active=False,address=fa:16:3e:c8:f4:55,bridge_name='br-int',has_traffic_filtering=True,id=0a0244ad-9f0e-484c-83d6-5b936ce09b50,network=Network(e1d05e71-2633-456c-a795-7824d1006934),plugin='ovs',port_profile=VIFPortProfileOpenVSwitch,preserve_on_delete=False,vif_name='tap0a0244ad-9f')"
application,"","INFO","","","",-1,"","","","",-1,-1,"","","nova.scheduler.client.report","Deleted allocation for instance 3f5bc6b3-47c0-4e5d-ab91-fb46e3c7bcea"
application,"","INFO","","","",-1,"","","","",-1,-1,"","","nova.compute.manager","VM Started (Lifecycle Event)"
application,"","INFO","","","",-1,"","","","",-1,-1,"","","nova.compute.manager","VM Paused (Lifecycle Event)"
application,"","INFO","","","",-1,"","","","",-1,-1,"","","nova.compute.manager","During sync_power_state the instance has a pending task (spawning). Skip."
application,"","INFO","","","",-1,"","","","",-1,-1,"","","nova.compute.claims","Claim successful on node parisaserver"
application,"","INFO","","","",-1,"","","","",-1,-1,"","","nova.virt.libvirt.driver","Creating image"
application,"","INFO","","","",-1,"","","","",-1,-1,"","","nova.compute.manager","VM Stopped (Lifecycle Event)"
application,"","INFO","","","",-1,"","","","",-1,-1,"","","os_vif","Successfully unplugged vif VIFOpenVSwitch(active=False,address=fa:16:3e:c8:f4:55,bridge_name='br-int',has_traffic_filtering=True,id=0a0244ad-9f0e-484c-83d6-5b936ce09b50,network=Network(e1d05e71-2633-456c-a795-7824d1006934),plugin='ovs',port_profile=VIFPortProfileOpenVSwitch,preserve_on_delete=False,vif_name='tap0a0244ad-9f')"
application,"","INFO","","","",-1,"","","","",-1,-1,"","","nova.virt.libvirt.driver","Deleting instance files /opt/stack/data/nova/instances/773b6615-e475-4ad6-88fc-73ade87f1a79_del"
application,"","INFO","","","",-1,"","","","",-1,-1,"","","nova.virt.libvirt.driver","Deletion of /opt/stack/data/nova/instances/773b6615-e475-4ad6-88fc-73ade87f1a79_del complete"
application,"","ERROR","","","",-1,"","","","",-1,-1,"","","nova.compute.manager","Instance failed to spawn: nova.exception.VirtualInterfaceCreateException: Virtual Interface creation failed"
application,"","INFO","","","",-1,"","","","",-1,-1,"","","nova.compute.manager","Terminating instance"
application,"","INFO","","","",-1,"","","","",-1,-1,"","","nova.virt.libvirt.driver","Instance destroyed successfully."
application,"","INFO","","","",-1,"","","","",-1,-1,"","","os_vif","Successfully unplugged vif VIFOpenVSwitch(active=False,address=fa:16:3e:c8:f4:55,bridge_name='br-int',has_traffic_filtering=True,id=0a0244ad-9f0e-484c-83d6-5b936ce09b50,network=Network(e1d05e71-2633-456c-a795-7824d1006934),plugin='ovs',port_profile=VIFPortProfileOpenVSwitch,preserve_on_delete=False,vif_name='tap0a0244ad-9f')"
application,"","INFO","","","",-1,"","","","",-1,-1,"","","nova.virt.libvirt.driver","Deletion of /opt/stack/data/nova/instances/773b6615-e475-4ad6-88fc-73ade87f1a79_del complete"
application,"","INFO","","","",-1,"","","","",-1,-1,"","","nova.compute.manager","Took 0.16 seconds to destroy the instance on the hypervisor."
application,"","ERROR","","","",-1,"","","","",-1,-1,"","","nova.compute.manager","Failed to allocate network(s): nova.exception.VirtualInterfaceCreateException: Virtual Interface creation failed"
application,"","ERROR","","","",-1,"","","","",-1,-1,"","","nova.compute.manager","Build of instance 773b6615-e475-4ad6-88fc-73ade87f1a79 aborted: Failed to allocate the network(s), not rescheduling.: nova.exception.BuildAbortException: Build of instance 773b6615-e475-4ad6-88fc-73ade87f1a79 aborted: Failed to allocate the network(s), not rescheduling."
application,"","INFO","","","",-1,"","","","",-1,-1,"","","os_vif","Successfully unplugged vif VIFOpenVSwitch(active=False,address=fa:16:3e:c8:f4:55,bridge_name='br-int',has_traffic_filtering=True,id=0a0244ad-9f0e-484c-83d6-5b936ce09b50,network=Network(e1d05e71-2633-456c-a795-7824d1006934),plugin='ovs',port_profile=VIFPortProfileOpenVSwitch,preserve_on_delete=False,vif_name='tap0a0244ad-9f')"
application,"","INFO","","","",-1,"","","","",-1,-1,"","","nova.compute.manager","Took 1.69 seconds to deallocate network for instance."
application,"","INFO","","","",-1,"","","","",-1,-1,"","","nova.scheduler.client.report","Deleted allocation for instance 773b6615-e475-4ad6-88fc-73ade87f1a79"
application,"","INFO","","","",-1,"","","","",-1,-1,"","","os_vif","Successfully plugged vif VIFOpenVSwitch(active=False,address=fa:16:3e:6b:1b:57,bridge_name='br-int',has_traffic_filtering=True,id=b260cd5d-13a6-4c53-b117-ee077b8f2bd5,network=Network(e1d05e71-2633-456c-a795-7824d1006934),plugin='ovs',port_profile=VIFPortProfileOpenVSwitch,preserve_on_delete=False,vif_name='tapb260cd5d-13')"
application,"","INFO","","","",-1,"","","","",-1,-1,"","","nova.compute.manager","VM Started (Lifecycle Event)"
application,"","INFO","","","",-1,"","","","",-1,-1,"","","nova.compute.manager","VM Paused (Lifecycle Event)"
application,"","INFO","","","",-1,"","","","",-1,-1,"","","nova.compute.manager","During sync_power_state the instance has a pending task (spawning). Skip."
application,"","INFO","","","",-1,"","","","",-1,-1,"","","nova.compute.manager","VM Stopped (Lifecycle Event)"
application,"","INFO","","","",-1,"","","","",-1,-1,"","","nova.compute.claims","Claim successful on node parisaserver"
application,"","INFO","","","",-1,"","","","",-1,-1,"","","nova.virt.libvirt.driver","Creating image"
application,"","INFO","","","",-1,"","","","",-1,-1,"","","os_vif","Successfully unplugged vif VIFOpenVSwitch(active=False,address=fa:16:3e:6b:1b:57,bridge_name='br-int',has_traffic_filtering=True,id=b260cd5d-13a6-4c53-b117-ee077b8f2bd5,network=Network(e1d05e71-2633-456c-a795-7824d1006934),plugin='ovs',port_profile=VIFPortProfileOpenVSwitch,preserve_on_delete=False,vif_name='tapb260cd5d-13')"
application,"","INFO","","","",-1,"","","","",-1,-1,"","","nova.virt.libvirt.driver","Deleting instance files /opt/stack/data/nova/instances/51865cd0-9126-40f6-83b9-2487e4aa2830_del"
application,"","INFO","","","",-1,"","","","",-1,-1,"","","nova.virt.libvirt.driver","Deletion of /opt/stack/data/nova/instances/51865cd0-9126-40f6-83b9-2487e4aa2830_del complete"
application,"","ERROR","","","",-1,"","","","",-1,-1,"","","nova.compute.manager","Instance failed to spawn: nova.exception.VirtualInterfaceCreateException: Virtual Interface creation failed"
application,"","INFO","","","",-1,"","","","",-1,-1,"","","nova.compute.manager","Terminating instance"
application,"","INFO","","","",-1,"","","","",-1,-1,"","","nova.virt.libvirt.driver","Instance destroyed successfully."
application,"","INFO","","","",-1,"","","","",-1,-1,"","","os_vif","Successfully unplugged vif VIFOpenVSwitch(active=False,address=fa:16:3e:6b:1b:57,bridge_name='br-int',has_traffic_filtering=True,id=b260cd5d-13a6-4c53-b117-ee077b8f2bd5,network=Network(e1d05e71-2633-456c-a795-7824d1006934),plugin='ovs',port_profile=VIFPortProfileOpenVSwitch,preserve_on_delete=False,vif_name='tapb260cd5d-13')"
application,"","INFO","","","",-1,"","","","",-1,-1,"","","nova.virt.libvirt.driver","Deletion of /opt/stack/data/nova/instances/51865cd0-9126-40f6-83b9-2487e4aa2830_del complete"
application,"","INFO","","","",-1,"","","","",-1,-1,"","","nova.compute.manager","Took 0.19 seconds to destroy the instance on the hypervisor."
application,"","ERROR","","","",-1,"","","","",-1,-1,"","","nova.compute.manager","Failed to allocate network(s): nova.exception.VirtualInterfaceCreateException: Virtual Interface creation failed"
application,"","ERROR","","","",-1,"","","","",-1,-1,"","","nova.compute.manager","Build of instance 51865cd0-9126-40f6-83b9-2487e4aa2830 aborted: Failed to allocate the network(s), not rescheduling.: nova.exception.BuildAbortException: Build of instance 51865cd0-9126-40f6-83b9-2487e4aa2830 aborted: Failed to allocate the network(s), not rescheduling."
application,"","INFO","","","",-1,"","","","",-1,-1,"","","os_vif","Successfully unplugged vif VIFOpenVSwitch(active=False,address=fa:16:3e:6b:1b:57,bridge_name='br-int',has_traffic_filtering=True,id=b260cd5d-13a6-4c53-b117-ee077b8f2bd5,network=Network(e1d05e71-2633-456c-a795-7824d1006934),plugin='ovs',port_profile=VIFPortProfileOpenVSwitch,preserve_on_delete=False,vif_name='tapb260cd5d-13')"
application,"","INFO","","","",-1,"","","","",-1,-1,"","","nova.compute.manager","Took 1.27 seconds to deallocate network for instance."
application,"","INFO","","","",-1,"","","","",-1,-1,"","","os_vif","Successfully plugged vif VIFOpenVSwitch(active=False,address=fa:16:3e:d3:35:39,bridge_name='br-int',has_traffic_filtering=True,id=1fa33b1f-1fd4-43bf-9ecc-d7a43551d6da,network=Network(e1d05e71-2633-456c-a795-7824d1006934),plugin='ovs',port_profile=VIFPortProfileOpenVSwitch,preserve_on_delete=False,vif_name='tap1fa33b1f-1f')"
application,"","INFO","","","",-1,"","","","",-1,-1,"","","nova.scheduler.client.report","Deleted allocation for instance 51865cd0-9126-40f6-83b9-2487e4aa2830"
application,"","INFO","","","",-1,"","","","",-1,-1,"","","nova.compute.manager","VM Started (Lifecycle Event)"
application,"","INFO","","","",-1,"","","","",-1,-1,"","","nova.compute.manager","VM Paused (Lifecycle Event)"
application,"","INFO","","","",-1,"","","","",-1,-1,"","","nova.compute.manager","During sync_power_state the instance has a pending task (spawning). Skip."
application,"","INFO","","","",-1,"","","","",-1,-1,"","","nova.compute.manager","VM Stopped (Lifecycle Event)"
application,"","INFO","","","",-1,"","","","",-1,-1,"","","nova.compute.claims","Claim successful on node parisaserver"
application,"","INFO","","","",-1,"","","","",-1,-1,"","","nova.virt.libvirt.driver","Creating image"
application,"","INFO","","","",-1,"","","","",-1,-1,"","","os_vif","Successfully unplugged vif VIFOpenVSwitch(active=False,address=fa:16:3e:d3:35:39,bridge_name='br-int',has_traffic_filtering=True,id=1fa33b1f-1fd4-43bf-9ecc-d7a43551d6da,network=Network(e1d05e71-2633-456c-a795-7824d1006934),plugin='ovs',port_profile=VIFPortProfileOpenVSwitch,preserve_on_delete=False,vif_name='tap1fa33b1f-1f')"
application,"","INFO","","","",-1,"","","","",-1,-1,"","","nova.virt.libvirt.driver","Deleting instance files /opt/stack/data/nova/instances/c0e03177-9415-42c7-b76e-024ee27ad4e5_del"
application,"","INFO","","","",-1,"","","","",-1,-1,"","","nova.virt.libvirt.driver","Deletion of /opt/stack/data/nova/instances/c0e03177-9415-42c7-b76e-024ee27ad4e5_del complete"
application,"","ERROR","","","",-1,"","","","",-1,-1,"","","nova.compute.manager","Instance failed to spawn: nova.exception.VirtualInterfaceCreateException: Virtual Interface creation failed"
application,"","INFO","","","",-1,"","","","",-1,-1,"","","nova.compute.manager","Terminating instance"
application,"","INFO","","","",-1,"","","","",-1,-1,"","","nova.virt.libvirt.driver","Instance destroyed successfully."
application,"","INFO","","","",-1,"","","","",-1,-1,"","","os_vif","Successfully unplugged vif VIFOpenVSwitch(active=False,address=fa:16:3e:d3:35:39,bridge_name='br-int',has_traffic_filtering=True,id=1fa33b1f-1fd4-43bf-9ecc-d7a43551d6da,network=Network(e1d05e71-2633-456c-a795-7824d1006934),plugin='ovs',port_profile=VIFPortProfileOpenVSwitch,preserve_on_delete=False,vif_name='tap1fa33b1f-1f')"
application,"","INFO","","","",-1,"","","","",-1,-1,"","","nova.virt.libvirt.driver","Deletion of /opt/stack/data/nova/instances/c0e03177-9415-42c7-b76e-024ee27ad4e5_del complete"
application,"","INFO","","","",-1,"","","","",-1,-1,"","","nova.compute.manager","Took 0.31 seconds to destroy the instance on the hypervisor."
application,"","ERROR","","","",-1,"","","","",-1,-1,"","","nova.compute.manager","Failed to allocate network(s): nova.exception.VirtualInterfaceCreateException: Virtual Interface creation failed"
application,"","ERROR","","","",-1,"","","","",-1,-1,"","","nova.compute.manager","Build of instance c0e03177-9415-42c7-b76e-024ee27ad4e5 aborted: Failed to allocate the network(s), not rescheduling.: nova.exception.BuildAbortException: Build of instance c0e03177-9415-42c7-b76e-024ee27ad4e5 aborted: Failed to allocate the network(s), not rescheduling."
application,"","INFO","","","",-1,"","","","",-1,-1,"","","os_vif","Successfully unplugged vif VIFOpenVSwitch(active=False,address=fa:16:3e:d3:35:39,bridge_name='br-int',has_traffic_filtering=True,id=1fa33b1f-1fd4-43bf-9ecc-d7a43551d6da,network=Network(e1d05e71-2633-456c-a795-7824d1006934),plugin='ovs',port_profile=VIFPortProfileOpenVSwitch,preserve_on_delete=False,vif_name='tap1fa33b1f-1f')"
application,"","INFO","","","",-1,"","","","",-1,-1,"","","nova.compute.manager","Took 1.46 seconds to deallocate network for instance."
application,"","INFO","","","",-1,"","","","",-1,-1,"","","nova.scheduler.client.report","Deleted allocation for instance c0e03177-9415-42c7-b76e-024ee27ad4e5"
application,"","INFO","","","",-1,"","","","",-1,-1,"","","os_vif","Successfully plugged vif VIFOpenVSwitch(active=False,address=fa:16:3e:82:09:f9,bridge_name='br-int',has_traffic_filtering=True,id=7fb9e6ec-4b41-4737-9a75-3bf13e4f3f0f,network=Network(e1d05e71-2633-456c-a795-7824d1006934),plugin='ovs',port_profile=VIFPortProfileOpenVSwitch,preserve_on_delete=False,vif_name='tap7fb9e6ec-4b')"
application,"","INFO","","","",-1,"","","","",-1,-1,"","","nova.compute.manager","VM Started (Lifecycle Event)"
application,"","INFO","","","",-1,"","","","",-1,-1,"","","nova.compute.manager","VM Paused (Lifecycle Event)"
application,"","INFO","","","",-1,"","","","",-1,-1,"","","nova.compute.manager","During sync_power_state the instance has a pending task (spawning). Skip."
application,"","INFO","","","",-1,"","","","",-1,-1,"","","nova.compute.manager","VM Stopped (Lifecycle Event)"
application,"","INFO","","","",-1,"","","","",-1,-1,"","","nova.compute.claims","Claim successful on node parisaserver"
application,"","INFO","","","",-1,"","","","",-1,-1,"","","nova.virt.libvirt.driver","Creating image"
application,"","INFO","","","",-1,"","","","",-1,-1,"","","os_vif","Successfully unplugged vif VIFOpenVSwitch(active=False,address=fa:16:3e:82:09:f9,bridge_name='br-int',has_traffic_filtering=True,id=7fb9e6ec-4b41-4737-9a75-3bf13e4f3f0f,network=Network(e1d05e71-2633-456c-a795-7824d1006934),plugin='ovs',port_profile=VIFPortProfileOpenVSwitch,preserve_on_delete=False,vif_name='tap7fb9e6ec-4b')"
application,"","INFO","","","",-1,"","","","",-1,-1,"","","nova.virt.libvirt.driver","Deleting instance files /opt/stack/data/nova/instances/713ec47c-f5fe-4496-a8c2-a31740dffcf3_del"
application,"","INFO","","","",-1,"","","","",-1,-1,"","","nova.virt.libvirt.driver","Deletion of /opt/stack/data/nova/instances/713ec47c-f5fe-4496-a8c2-a31740dffcf3_del complete"
application,"","ERROR","","","",-1,"","","","",-1,-1,"","","nova.compute.manager","Instance failed to spawn: nova.exception.VirtualInterfaceCreateException: Virtual Interface creation failed"
application,"","INFO","","","",-1,"","","","",-1,-1,"","","nova.compute.manager","Terminating instance"
application,"","INFO","","","",-1,"","","","",-1,-1,"","","nova.virt.libvirt.driver","Instance destroyed successfully."
application,"","INFO","","","",-1,"","","","",-1,-1,"","","os_vif","Successfully unplugged vif VIFOpenVSwitch(active=False,address=fa:16:3e:82:09:f9,bridge_name='br-int',has_traffic_filtering=True,id=7fb9e6ec-4b41-4737-9a75-3bf13e4f3f0f,network=Network(e1d05e71-2633-456c-a795-7824d1006934),plugin='ovs',port_profile=VIFPortProfileOpenVSwitch,preserve_on_delete=False,vif_name='tap7fb9e6ec-4b')"
application,"","INFO","","","",-1,"","","","",-1,-1,"","","nova.virt.libvirt.driver","Deletion of /opt/stack/data/nova/instances/713ec47c-f5fe-4496-a8c2-a31740dffcf3_del complete"
application,"","INFO","","","",-1,"","","","",-1,-1,"","","nova.compute.manager","Took 0.23 seconds to destroy the instance on the hypervisor."
application,"","ERROR","","","",-1,"","","","",-1,-1,"","","nova.compute.manager","Failed to allocate network(s): nova.exception.VirtualInterfaceCreateException: Virtual Interface creation failed"
application,"","ERROR","","","",-1,"","","","",-1,-1,"","","nova.compute.manager","Build of instance 713ec47c-f5fe-4496-a8c2-a31740dffcf3 aborted: Failed to allocate the network(s), not rescheduling.: nova.exception.BuildAbortException: Build of instance 713ec47c-f5fe-4496-a8c2-a31740dffcf3 aborted: Failed to allocate the network(s), not rescheduling."
application,"","INFO","","","",-1,"","","","",-1,-1,"","","os_vif","Successfully unplugged vif VIFOpenVSwitch(active=False,address=fa:16:3e:82:09:f9,bridge_name='br-int',has_traffic_filtering=True,id=7fb9e6ec-4b41-4737-9a75-3bf13e4f3f0f,network=Network(e1d05e71-2633-456c-a795-7824d1006934),plugin='ovs',port_profile=VIFPortProfileOpenVSwitch,preserve_on_delete=False,vif_name='tap7fb9e6ec-4b')"
application,"","INFO","","","",-1,"","","","",-1,-1,"","","nova.compute.manager","Took 1.31 seconds to deallocate network for instance."
application,"","INFO","","","",-1,"","","","",-1,-1,"","","nova.scheduler.client.report","Deleted allocation for instance 713ec47c-f5fe-4496-a8c2-a31740dffcf3"
application,"","INFO","","","",-1,"","","","",-1,-1,"","","os_vif","Successfully plugged vif VIFOpenVSwitch(active=False,address=fa:16:3e:2f:ed:d2,bridge_name='br-int',has_traffic_filtering=True,id=6715e6d3-4028-4c17-a8ff-640807a3da94,network=Network(e1d05e71-2633-456c-a795-7824d1006934),plugin='ovs',port_profile=VIFPortProfileOpenVSwitch,preserve_on_delete=False,vif_name='tap6715e6d3-40')"
application,"","INFO","","","",-1,"","","","",-1,-1,"","","nova.compute.manager","VM Stopped (Lifecycle Event)"
application,"","INFO","","","",-1,"","","","",-1,-1,"","","nova.compute.manager","VM Started (Lifecycle Event)"
application,"","INFO","","","",-1,"","","","",-1,-1,"","","nova.compute.manager","VM Paused (Lifecycle Event)"
application,"","INFO","","","",-1,"","","","",-1,-1,"","","nova.compute.manager","During sync_power_state the instance has a pending task (spawning). Skip."
application,"","INFO","","","",-1,"","","","",-1,-1,"","","nova.compute.claims","Claim successful on node parisaserver"
application,"","INFO","","","",-1,"","","","",-1,-1,"","","nova.virt.libvirt.driver","Creating image"
application,"","INFO","","","",-1,"","","","",-1,-1,"","","os_vif","Successfully unplugged vif VIFOpenVSwitch(active=False,address=fa:16:3e:2f:ed:d2,bridge_name='br-int',has_traffic_filtering=True,id=6715e6d3-4028-4c17-a8ff-640807a3da94,network=Network(e1d05e71-2633-456c-a795-7824d1006934),plugin='ovs',port_profile=VIFPortProfileOpenVSwitch,preserve_on_delete=False,vif_name='tap6715e6d3-40')"
application,"","INFO","","","",-1,"","","","",-1,-1,"","","nova.virt.libvirt.driver","Deleting instance files /opt/stack/data/nova/instances/9e6d0443-28cf-479f-9930-65897ab71836_del"
application,"","INFO","","","",-1,"","","","",-1,-1,"","","nova.virt.libvirt.driver","Deletion of /opt/stack/data/nova/instances/9e6d0443-28cf-479f-9930-65897ab71836_del complete"
application,"","ERROR","","","",-1,"","","","",-1,-1,"","","nova.compute.manager","Instance failed to spawn: nova.exception.VirtualInterfaceCreateException: Virtual Interface creation failed"
application,"","INFO","","","",-1,"","","","",-1,-1,"","","nova.compute.manager","Terminating instance"
application,"","INFO","","","",-1,"","","","",-1,-1,"","","nova.virt.libvirt.driver","Instance destroyed successfully."
application,"","INFO","","","",-1,"","","","",-1,-1,"","","os_vif","Successfully unplugged vif VIFOpenVSwitch(active=False,address=fa:16:3e:2f:ed:d2,bridge_name='br-int',has_traffic_filtering=True,id=6715e6d3-4028-4c17-a8ff-640807a3da94,network=Network(e1d05e71-2633-456c-a795-7824d1006934),plugin='ovs',port_profile=VIFPortProfileOpenVSwitch,preserve_on_delete=False,vif_name='tap6715e6d3-40')"
application,"","INFO","","","",-1,"","","","",-1,-1,"","","nova.virt.libvirt.driver","Deletion of /opt/stack/data/nova/instances/9e6d0443-28cf-479f-9930-65897ab71836_del complete"
application,"","INFO","","","",-1,"","","","",-1,-1,"","","nova.compute.manager","Took 0.20 seconds to destroy the instance on the hypervisor."
application,"","ERROR","","","",-1,"","","","",-1,-1,"","","nova.compute.manager","Failed to allocate network(s): nova.exception.VirtualInterfaceCreateException: Virtual Interface creation failed"
application,"","ERROR","","","",-1,"","","","",-1,-1,"","","nova.compute.manager","Build of instance 9e6d0443-28cf-479f-9930-65897ab71836 aborted: Failed to allocate the network(s), not rescheduling.: nova.exception.BuildAbortException: Build of instance 9e6d0443-28cf-479f-9930-65897ab71836 aborted: Failed to allocate the network(s), not rescheduling."
application,"","INFO","","","",-1,"","","","",-1,-1,"","","os_vif","Successfully unplugged vif VIFOpenVSwitch(active=False,address=fa:16:3e:2f:ed:d2,bridge_name='br-int',has_traffic_filtering=True,id=6715e6d3-4028-4c17-a8ff-640807a3da94,network=Network(e1d05e71-2633-456c-a795-7824d1006934),plugin='ovs',port_profile=VIFPortProfileOpenVSwitch,preserve_on_delete=False,vif_name='tap6715e6d3-40')"
application,"","INFO","","","",-1,"","","","",-1,-1,"","","nova.compute.manager","Took 1.66 seconds to deallocate network for instance."
application,"","INFO","","","",-1,"","","","",-1,-1,"","","nova.scheduler.client.report","Deleted allocation for instance 9e6d0443-28cf-479f-9930-65897ab71836"
application,"","INFO","","","",-1,"","","","",-1,-1,"","","os_vif","Successfully plugged vif VIFOpenVSwitch(active=False,address=fa:16:3e:06:22:7f,bridge_name='br-int',has_traffic_filtering=True,id=3830ec49-72c3-41b8-b01a-ab4037c2ac2d,network=Network(e1d05e71-2633-456c-a795-7824d1006934),plugin='ovs',port_profile=VIFPortProfileOpenVSwitch,preserve_on_delete=False,vif_name='tap3830ec49-72')"
application,"","INFO","","","",-1,"","","","",-1,-1,"","","nova.compute.manager","VM Stopped (Lifecycle Event)"
application,"","INFO","","","",-1,"","","","",-1,-1,"","","nova.compute.manager","VM Started (Lifecycle Event)"
application,"","INFO","","","",-1,"","","","",-1,-1,"","","nova.compute.manager","VM Paused (Lifecycle Event)"
application,"","INFO","","","",-1,"","","","",-1,-1,"","","nova.compute.manager","During sync_power_state the instance has a pending task (spawning). Skip."
application,"","INFO","","","",-1,"","","","",-1,-1,"","","nova.compute.claims","Claim successful on node parisaserver"
application,"","INFO","","","",-1,"","","","",-1,-1,"","","nova.virt.libvirt.driver","Creating image"
application,"","INFO","","","",-1,"","","","",-1,-1,"","","os_vif","Successfully unplugged vif VIFOpenVSwitch(active=False,address=fa:16:3e:06:22:7f,bridge_name='br-int',has_traffic_filtering=True,id=3830ec49-72c3-41b8-b01a-ab4037c2ac2d,network=Network(e1d05e71-2633-456c-a795-7824d1006934),plugin='ovs',port_profile=VIFPortProfileOpenVSwitch,preserve_on_delete=False,vif_name='tap3830ec49-72')"
application,"","INFO","","","",-1,"","","","",-1,-1,"","","nova.virt.libvirt.driver","Deleting instance files /opt/stack/data/nova/instances/01c942ae-7fb8-4c31-9815-eb4d67e618e2_del"
application,"","INFO","","","",-1,"","","","",-1,-1,"","","nova.virt.libvirt.driver","Deletion of /opt/stack/data/nova/instances/01c942ae-7fb8-4c31-9815-eb4d67e618e2_del complete"
application,"","ERROR","","","",-1,"","","","",-1,-1,"","","nova.compute.manager","Instance failed to spawn: nova.exception.VirtualInterfaceCreateException: Virtual Interface creation failed"
application,"","INFO","","","",-1,"","","","",-1,-1,"","","nova.compute.manager","Terminating instance"
application,"","INFO","","","",-1,"","","","",-1,-1,"","","nova.virt.libvirt.driver","Instance destroyed successfully."
application,"","INFO","","","",-1,"","","","",-1,-1,"","","os_vif","Successfully unplugged vif VIFOpenVSwitch(active=False,address=fa:16:3e:06:22:7f,bridge_name='br-int',has_traffic_filtering=True,id=3830ec49-72c3-41b8-b01a-ab4037c2ac2d,network=Network(e1d05e71-2633-456c-a795-7824d1006934),plugin='ovs',port_profile=VIFPortProfileOpenVSwitch,preserve_on_delete=False,vif_name='tap3830ec49-72')"
application,"","INFO","","","",-1,"","","","",-1,-1,"","","nova.virt.libvirt.driver","Deletion of /opt/stack/data/nova/instances/01c942ae-7fb8-4c31-9815-eb4d67e618e2_del complete"
application,"","INFO","","","",-1,"","","","",-1,-1,"","","nova.compute.manager","Took 0.19 seconds to destroy the instance on the hypervisor."
application,"","ERROR","","","",-1,"","","","",-1,-1,"","","nova.compute.manager","Failed to allocate network(s): nova.exception.VirtualInterfaceCreateException: Virtual Interface creation failed"
application,"","ERROR","","","",-1,"","","","",-1,-1,"","","nova.compute.manager","Build of instance 01c942ae-7fb8-4c31-9815-eb4d67e618e2 aborted: Failed to allocate the network(s), not rescheduling.: nova.exception.BuildAbortException: Build of instance 01c942ae-7fb8-4c31-9815-eb4d67e618e2 aborted: Failed to allocate the network(s), not rescheduling."
application,"","INFO","","","",-1,"","","","",-1,-1,"","","os_vif","Successfully unplugged vif VIFOpenVSwitch(active=False,address=fa:16:3e:06:22:7f,bridge_name='br-int',has_traffic_filtering=True,id=3830ec49-72c3-41b8-b01a-ab4037c2ac2d,network=Network(e1d05e71-2633-456c-a795-7824d1006934),plugin='ovs',port_profile=VIFPortProfileOpenVSwitch,preserve_on_delete=False,vif_name='tap3830ec49-72')"
application,"","INFO","","","",-1,"","","","",-1,-1,"","","nova.compute.manager","Took 1.38 seconds to deallocate network for instance."
application,"","INFO","","","",-1,"","","","",-1,-1,"","","nova.scheduler.client.report","Deleted allocation for instance 01c942ae-7fb8-4c31-9815-eb4d67e618e2"
application,"","INFO","","","",-1,"","","","",-1,-1,"","","os_vif","Successfully plugged vif VIFOpenVSwitch(active=False,address=fa:16:3e:87:7c:d2,bridge_name='br-int',has_traffic_filtering=True,id=8ec4023f-bcc0-48c9-ad2c-1939597ea390,network=Network(e1d05e71-2633-456c-a795-7824d1006934),plugin='ovs',port_profile=VIFPortProfileOpenVSwitch,preserve_on_delete=False,vif_name='tap8ec4023f-bc')"
application,"","INFO","","","",-1,"","","","",-1,-1,"","","nova.compute.manager","VM Stopped (Lifecycle Event)"
application,"","INFO","","","",-1,"","","","",-1,-1,"","","nova.compute.manager","VM Started (Lifecycle Event)"
application,"","INFO","","","",-1,"","","","",-1,-1,"","","nova.compute.manager","VM Paused (Lifecycle Event)"
application,"","INFO","","","",-1,"","","","",-1,-1,"","","nova.compute.manager","During sync_power_state the instance has a pending task (spawning). Skip."
application,"","INFO","","","",-1,"","","","",-1,-1,"","","nova.compute.claims","Claim successful on node parisaserver"
application,"","INFO","","","",-1,"","","","",-1,-1,"","","nova.virt.libvirt.driver","Creating image"
application,"","INFO","","","",-1,"","","","",-1,-1,"","","os_vif","Successfully unplugged vif VIFOpenVSwitch(active=False,address=fa:16:3e:87:7c:d2,bridge_name='br-int',has_traffic_filtering=True,id=8ec4023f-bcc0-48c9-ad2c-1939597ea390,network=Network(e1d05e71-2633-456c-a795-7824d1006934),plugin='ovs',port_profile=VIFPortProfileOpenVSwitch,preserve_on_delete=False,vif_name='tap8ec4023f-bc')"
application,"","INFO","","","",-1,"","","","",-1,-1,"","","nova.virt.libvirt.driver","Deleting instance files /opt/stack/data/nova/instances/af208a2c-9c1e-41fc-a762-090a138d59f7_del"
application,"","INFO","","","",-1,"","","","",-1,-1,"","","nova.virt.libvirt.driver","Deletion of /opt/stack/data/nova/instances/af208a2c-9c1e-41fc-a762-090a138d59f7_del complete"
application,"","ERROR","","","",-1,"","","","",-1,-1,"","","nova.compute.manager","Instance failed to spawn: nova.exception.VirtualInterfaceCreateException: Virtual Interface creation failed"
application,"","INFO","","","",-1,"","","","",-1,-1,"","","nova.compute.manager","Terminating instance"
application,"","INFO","","","",-1,"","","","",-1,-1,"","","nova.virt.libvirt.driver","Instance destroyed successfully."
application,"","INFO","","","",-1,"","","","",-1,-1,"","","os_vif","Successfully unplugged vif VIFOpenVSwitch(active=False,address=fa:16:3e:87:7c:d2,bridge_name='br-int',has_traffic_filtering=True,id=8ec4023f-bcc0-48c9-ad2c-1939597ea390,network=Network(e1d05e71-2633-456c-a795-7824d1006934),plugin='ovs',port_profile=VIFPortProfileOpenVSwitch,preserve_on_delete=False,vif_name='tap8ec4023f-bc')"
application,"","INFO","","","",-1,"","","","",-1,-1,"","","nova.virt.libvirt.driver","Deletion of /opt/stack/data/nova/instances/af208a2c-9c1e-41fc-a762-090a138d59f7_del complete"
application,"","INFO","","","",-1,"","","","",-1,-1,"","","nova.compute.manager","Took 0.21 seconds to destroy the instance on the hypervisor."
application,"","ERROR","","","",-1,"","","","",-1,-1,"","","nova.compute.manager","Failed to allocate network(s): nova.exception.VirtualInterfaceCreateException: Virtual Interface creation failed"
application,"","ERROR","","","",-1,"","","","",-1,-1,"","","nova.compute.manager","Build of instance af208a2c-9c1e-41fc-a762-090a138d59f7 aborted: Failed to allocate the network(s), not rescheduling.: nova.exception.BuildAbortException: Build of instance af208a2c-9c1e-41fc-a762-090a138d59f7 aborted: Failed to allocate the network(s), not rescheduling."
application,"","INFO","","","",-1,"","","","",-1,-1,"","","os_vif","Successfully unplugged vif VIFOpenVSwitch(active=False,address=fa:16:3e:87:7c:d2,bridge_name='br-int',has_traffic_filtering=True,id=8ec4023f-bcc0-48c9-ad2c-1939597ea390,network=Network(e1d05e71-2633-456c-a795-7824d1006934),plugin='ovs',port_profile=VIFPortProfileOpenVSwitch,preserve_on_delete=False,vif_name='tap8ec4023f-bc')"
application,"","INFO","","","",-1,"","","","",-1,-1,"","","nova.compute.manager","Took 1.23 seconds to deallocate network for instance."
application,"","INFO","","","",-1,"","","","",-1,-1,"","","nova.scheduler.client.report","Deleted allocation for instance af208a2c-9c1e-41fc-a762-090a138d59f7"
application,"","INFO","","","",-1,"","","","",-1,-1,"","","os_vif","Successfully plugged vif VIFOpenVSwitch(active=False,address=fa:16:3e:2a:2b:22,bridge_name='br-int',has_traffic_filtering=True,id=cf60a33a-4cfc-4132-908f-11c19680b49c,network=Network(e1d05e71-2633-456c-a795-7824d1006934),plugin='ovs',port_profile=VIFPortProfileOpenVSwitch,preserve_on_delete=False,vif_name='tapcf60a33a-4c')"
application,"","INFO","","","",-1,"","","","",-1,-1,"","","nova.compute.manager","VM Started (Lifecycle Event)"
application,"","INFO","","","",-1,"","","","",-1,-1,"","","nova.compute.manager","VM Paused (Lifecycle Event)"
application,"","INFO","","","",-1,"","","","",-1,-1,"","","nova.compute.manager","During sync_power_state the instance has a pending task (spawning). Skip."
application,"","INFO","","","",-1,"","","","",-1,-1,"","","nova.compute.manager","VM Stopped (Lifecycle Event)"
application,"","INFO","","","",-1,"","","","",-1,-1,"","","nova.compute.claims","Claim successful on node parisaserver"
application,"","INFO","","","",-1,"","","","",-1,-1,"","","nova.virt.libvirt.driver","Creating image"
application,"","INFO","","","",-1,"","","","",-1,-1,"","","os_vif","Successfully unplugged vif VIFOpenVSwitch(active=False,address=fa:16:3e:2a:2b:22,bridge_name='br-int',has_traffic_filtering=True,id=cf60a33a-4cfc-4132-908f-11c19680b49c,network=Network(e1d05e71-2633-456c-a795-7824d1006934),plugin='ovs',port_profile=VIFPortProfileOpenVSwitch,preserve_on_delete=False,vif_name='tapcf60a33a-4c')"
application,"","INFO","","","",-1,"","","","",-1,-1,"","","nova.virt.libvirt.driver","Deleting instance files /opt/stack/data/nova/instances/b8cd60a8-45ec-492b-85bd-dac8c60419ac_del"
application,"","INFO","","","",-1,"","","","",-1,-1,"","","nova.virt.libvirt.driver","Deletion of /opt/stack/data/nova/instances/b8cd60a8-45ec-492b-85bd-dac8c60419ac_del complete"
application,"","ERROR","","","",-1,"","","","",-1,-1,"","","nova.compute.manager","Instance failed to spawn: nova.exception.VirtualInterfaceCreateException: Virtual Interface creation failed"
application,"","INFO","","","",-1,"","","","",-1,-1,"","","nova.compute.manager","Terminating instance"
web_access,"15/Jul/2009:14:58:59 -0700","","","","",-1,"10.223.157.186","GET","/","HTTP/1.1",-1,-1,"","","",""
web_access,"15/Jul/2009:14:58:59 -0700","","","","",-1,"10.223.157.186","GET","/favicon.ico","HTTP/1.1",-1,-1,"","","",""
web_access,"15/Jul/2009:15:50:35 -0700","","","","",-1,"10.223.157.186","GET","/","HTTP/1.1",-1,-1,"","","",""
web_access,"15/Jul/2009:15:50:35 -0700","","","","",-1,"10.223.157.186","GET","/assets/js/lowpro.js","HTTP/1.1",-1,-1,"","","",""
web_access,"15/Jul/2009:15:50:35 -0700","","","","",-1,"10.223.157.186","GET","/assets/css/reset.css","HTTP/1.1",-1,-1,"","","",""
web_access,"15/Jul/2009:15:50:35 -0700","","","","",-1,"10.223.157.186","GET","/assets/css/960.css","HTTP/1.1",-1,-1,"","","",""
web_access,"15/Jul/2009:15:50:35 -0700","","","","",-1,"10.223.157.186","GET","/assets/css/the-associates.css","HTTP/1.1",-1,-1,"","","",""
web_access,"15/Jul/2009:15:50:35 -0700","","","","",-1,"10.223.157.186","GET","/assets/js/the-associates.js","HTTP/1.1",-1,-1,"","","",""
web_access,"15/Jul/2009:15:50:35 -0700","","","","",-1,"10.223.157.186","GET","/assets/js/lightbox.js","HTTP/1.1",-1,-1,"","","",""
web_access,"15/Jul/2009:15:50:36 -0700","","","","",-1,"10.223.157.186","GET","/assets/img/search-button.gif","HTTP/1.1",-1,-1,"","","",""
web_access,"15/Jul/2009:15:50:36 -0700","","","","",-1,"10.223.157.186","GET","/assets/img/dummy/secondary-news-3.jpg","HTTP/1.1",-1,-1,"","","",""
web_access,"15/Jul/2009:15:50:36 -0700","","","","",-1,"10.223.157.186","GET","/assets/img/dummy/primary-news-1.jpg","HTTP/1.1",-1,-1,"","","",""
web_access,"15/Jul/2009:15:50:36 -0700","","","","",-1,"10.223.157.186","GET","/assets/img/dummy/primary-news-2.jpg","HTTP/1.1",-1,-1,"","","",""
web_access,"15/Jul/2009:15:50:36 -0700","","","","",-1,"10.223.157.186","GET","/assets/img/closelabel.gif","HTTP/1.1",-1,-1,"","","",""
web_access,"15/Jul/2009:15:50:36 -0700","","","","",-1,"10.223.157.186","GET","/assets/img/home-logo.png","HTTP/1.1",-1,-1,"","","",""
web_access,"15/Jul/2009:15:50:36 -0700","","","","",-1,"10.223.157.186","GET","/assets/img/dummy/secondary-news-2.jpg","HTTP/1.1",-1,-1,"","","",""
web_access,"15/Jul/2009:15:50:36 -0700","","","","",-1,"10.223.157.186","GET","/assets/img/loading.gif","HTTP/1.1",-1,-1,"","","",""
web_access,"15/Jul/2009:15:50:36 -0700","","","","",-1,"10.223.157.186","GET","/assets/img/dummy/secondary-news-4.jpg","HTTP/1.1",-1,-1,"","","",""
web_access,"15/Jul/2009:15:50:36 -0700","","","","",-1,"10.223.157.186","GET","/assets/img/home-media-block-placeholder.jpg","HTTP/1.1",-1,-1,"","","",""
web_access,"15/Jul/2009:15:50:37 -0700","","","","",-1,"10.223.157.186","GET","/assets/img/dummy/secondary-news-1.jpg","HTTP/1.1",-1,-1,"","","",""
web_access,"15/Jul/2009:15:50:37 -0700","","","","",-1,"10.223.157.186","GET","/assets/swf/home-media-block.swf","HTTP/1.1",-1,-1,"","","",""
web_access,"15/Jul/2009:15:50:51 -0700","","","","",-1,"10.223.157.186","GET","/","HTTP/1.1",-1,-1,"","","",""
web_access,"15/Jul/2009:15:50:51 -0700","","","","",-1,"10.223.157.186","GET","/assets/css/960.css","HTTP/1.1",-1,-1,"","","",""
web_access,"15/Jul/2009:15:50:51 -0700","","","","",-1,"10.223.157.186","GET","/assets/css/the-associates.css","HTTP/1.1",-1,-1,"","","",""
web_access,"15/Jul/2009:15:50:51 -0700","","","","",-1,"10.223.157.186","GET","/assets/js/lowpro.js","HTTP/1.1",-1,-1,"","","",""
web_access,"15/Jul/2009:15:50:51 -0700","","","","",-1,"10.223.157.186","GET","/assets/js/lightbox.js","HTTP/1.1",-1,-1,"","","",""
web_access,"15/Jul/2009:15:50:51 -0700","","","","",-1,"10.223.157.186","GET","/assets/css/reset.css","HTTP/1.1",-1,-1,"","","",""
web_access,"15/Jul/2009:15:50:51 -0700","","","","",-1,"10.223.157.186","GET","/assets/js/the-associates.js","HTTP/1.1",-1,-1,"","","",""
web_access,"15/Jul/2009:15:50:51 -0700","","","","",-1,"10.223.157.186","GET","/assets/img/dummy/secondary-news-4.jpg","HTTP/1.1",-1,-1,"","","",""
web_access,"15/Jul/2009:15:50:51 -0700","","","","",-1,"10.223.157.186","GET","/assets/img/search-button.gif","HTTP/1.1",-1,-1,"","","",""
web_access,"15/Jul/2009:15:50:51 -0700","","","","",-1,"10.223.157.186","GET","/assets/img/dummy/primary-news-1.jpg","HTTP/1.1",-1,-1,"","","",""
web_access,"15/Jul/2009:15:50:51 -0700","","","","",-1,"10.223.157.186","GET","/assets/img/dummy/secondary-news-3.jpg","HTTP/1.1",-1,-1,"","","",""
web_access,"15/Jul/2009:15:50:51 -0700","","","","",-1,"10.223.157.186","GET","/assets/img/home-media-block-placeholder.jpg","HTTP/1.1",-1,-1,"","","",""
web_access,"15/Jul/2009:15:50:51 -0700","","","","",-1,"10.223.157.186","GET","/assets/img/dummy/primary-news-2.jpg","HTTP/1.1",-1,-1,"","","",""
web_access,"15/Jul/2009:15:50:51 -0700","","","","",-1,"10.223.157.186","GET","/assets/img/dummy/secondary-news-1.jpg","HTTP/1.1",-1,-1,"","","",""
web_access,"15/Jul/2009:15:50:52 -0700","","","","",-1,"10.223.157.186","GET","/assets/img/home-logo.png","HTTP/1.1",-1,-1,"","","",""
web_access,"15/Jul/2009:15:50:52 -0700","","","","",-1,"10.223.157.186","GET","/assets/img/dummy/secondary-news-2.jpg","HTTP/1.1",-1,-1,"","","",""
web_access,"15/Jul/2009:15:50:52 -0700","","","","",-1,"10.223.157.186","GET","/assets/img/loading.gif","HTTP/1.1",-1,-1,"","","",""
web_access,"15/Jul/2009:15:50:52 -0700","","","","",-1,"10.223.157.186","GET","/assets/img/closelabel.gif","HTTP/1.1",-1,-1,"","","",""
web_access,"15/Jul/2009:15:50:52 -0700","","","","",-1,"10.223.157.186","GET","/favicon.ico","HTTP/1.1",-1,-1,"","","",""
web_access,"15/Jul/2009:20:50:29 -0700","","","","",-1,"10.223.157.186","GET","/","HTTP/1.1",-1,-1,"","","",""
web_access,"15/Jul/2009:20:50:31 -0700","","","","",-1,"10.223.157.186","GET","/assets/css/960.css","HTTP/1.1",-1,-1,"","","",""
web_access,"15/Jul/2009:20:50:31 -0700","","","","",-1,"10.223.157.186","GET","/assets/css/the-associates.css","HTTP/1.1",-1,-1,"","","",""
web_access,"15/Jul/2009:20:50:31 -0700","","","","",-1,"10.223.157.186","GET","/assets/js/lightbox.js","HTTP/1.1",-1,-1,"","","",""
web_access,"15/Jul/2009:20:50:31 -0700","","","","",-1,"10.223.157.186","GET","/assets/js/lowpro.js","HTTP/1.1",-1,-1,"","","",""
web_access,"15/Jul/2009:20:50:32 -0700","","","","",-1,"10.223.157.186","GET","/assets/css/reset.css","HTTP/1.1",-1,-1,"","","",""
web_access,"15/Jul/2009:20:50:32 -0700","","","","",-1,"10.223.157.186","GET","/assets/js/the-associates.js","HTTP/1.1",-1,-1,"","","",""
web_access,"15/Jul/2009:20:50:33 -0700","","","","",-1,"10.223.157.186","GET","/assets/img/home-logo.png","HTTP/1.1",-1,-1,"","","",""
web_access,"15/Jul/2009:20:50:33 -0700","","","","",-1,"10.223.157.186","GET","/assets/img/dummy/primary-news-2.jpg","HTTP/1.1",-1,-1,"","","",""
web_access,"15/Jul/2009:20:50:33 -0700","","","","",-1,"10.223.157.186","GET","/assets/img/dummy/primary-news-1.jpg","HTTP/1.1",-1,-1,"","","",""
web_access,"15/Jul/2009:20:50:33 -0700","","","","",-1,"10.223.157.186","GET","/assets/img/home-media-block-placeholder.jpg","HTTP/1.1",-1,-1,"","","",""
web_access,"15/Jul/2009:20:50:33 -0700","","","","",-1,"10.223.157.186","GET","/assets/img/dummy/secondary-news-4.jpg","HTTP/1.1",-1,-1,"","","",""
web_access,"15/Jul/2009:20:50:33 -0700","","","","",-1,"10.223.157.186","GET","/assets/img/loading.gif","HTTP/1.1",-1,-1,"","","",""
web_access,"15/Jul/2009:20:50:33 -0700","","","","",-1,"10.223.157.186","GET","/assets/img/search-button.gif","HTTP/1.1",-1,-1,"","","",""
web_access,"15/Jul/2009:20:50:33 -0700","","","","",-1,"10.223.157.186","GET","/assets/img/dummy/secondary-news-3.jpg","HTTP/1.1",-1,-1,"","","",""
web_access,"15/Jul/2009:20:50:33 -0700","","","","",-1,"10.223.157.186","GET","/assets/img/dummy/secondary-news-2.jpg","HTTP/1.1",-1,-1,"","","",""
web_access,"15/Jul/2009:20:50:33 -0700","","","","",-1,"10.223.157.186","GET","/assets/img/dummy/secondary-news-1.jpg","HTTP/1.1",-1,-1,"","","",""
web_access,"15/Jul/2009:20:50:33 -0700","","","","",-1,"10.223.157.186","GET","/assets/img/closelabel.gif","HTTP/1.1",-1,-1,"","","",""
web_access,"15/Jul/2009:20:50:33 -0700","","","","",-1,"10.223.157.186","GET","/assets/swf/home-media-block.swf","HTTP/1.1",-1,-1,"","","",""
web_access,"15/Jul/2009:20:50:38 -0700","","","","",-1,"10.223.157.186","GET","/","HTTP/1.1",-1,-1,"","","",""
web_access,"15/Jul/2009:20:50:38 -0700","","","","",-1,"10.223.157.186","GET","/assets/css/reset.css","HTTP/1.1",-1,-1,"","","",""
web_access,"15/Jul/2009:20:50:38 -0700","","","","",-1,"10.223.157.186","GET","/assets/css/960.css","HTTP/1.1",-1,-1,"","","",""
web_access,"15/Jul/2009:20:50:38 -0700","","","","",-1,"10.223.157.186","GET","/assets/js/the-associates.js","HTTP/1.1",-1,-1,"","","",""
web_access,"15/Jul/2009:20:50:38 -0700","","","","",-1,"10.223.157.186","GET","/assets/js/lowpro.js","HTTP/1.1",-1,-1,"","","",""
web_access,"15/Jul/2009:20:50:38 -0700","","","","",-1,"10.223.157.186","GET","/assets/css/the-associates.css","HTTP/1.1",-1,-1,"","","",""
web_access,"15/Jul/2009:20:50:38 -0700","","","","",-1,"10.223.157.186","GET","/assets/js/lightbox.js","HTTP/1.1",-1,-1,"","","",""
web_access,"15/Jul/2009:20:50:39 -0700","","","","",-1,"10.223.157.186","GET","/assets/img/dummy/secondary-news-1.jpg","HTTP/1.1",-1,-1,"","","",""
web_access,"15/Jul/2009:20:50:39 -0700","","","","",-1,"10.223.157.186","GET","/assets/img/dummy/secondary-news-4.jpg","HTTP/1.1",-1,-1,"","","",""
web_access,"15/Jul/2009:20:50:39 -0700","","","","",-1,"10.223.157.186","GET","/assets/img/search-button.gif","HTTP/1.1",-1,-1,"","","",""
web_access,"15/Jul/2009:20:50:39 -0700","","","","",-1,"10.223.157.186","GET","/assets/img/dummy/primary-news-2.jpg","HTTP/1.1",-1,-1,"","","",""
web_access,"15/Jul/2009:20:50:39 -0700","","","","",-1,"10.223.157.186","GET","/assets/img/home-media-block-placeholder.jpg","HTTP/1.1",-1,-1,"","","",""
web_access,"15/Jul/2009:20:50:39 -0700","","","","",-1,"10.223.157.186","GET","/assets/img/dummy/primary-news-1.jpg","HTTP/1.1",-1,-1,"","","",""
web_access,"15/Jul/2009:20:50:39 -0700","","","","",-1,"10.223.157.186","GET","/assets/img/home-logo.png","HTTP/1.1",-1,-1,"","","",""
web_access,"15/Jul/2009:20:50:39 -0700","","","","",-1,"10.223.157.186","GET","/assets/img/dummy/secondary-news-2.jpg","HTTP/1.1",-1,-1,"","","",""
web_access,"15/Jul/2009:20:50:39 -0700","","","","",-1,"10.223.157.186","GET","/assets/img/dummy/secondary-news-3.jpg","HTTP/1.1",-1,-1,"","","",""
web_access,"15/Jul/2009:20:50:39 -0700","","","","",-1,"10.223.157.186","GET","/assets/img/closelabel.gif","HTTP/1.1",-1,-1,"","","",""
web_access,"15/Jul/2009:20:50:39 -0700","","","","",-1,"10.223.157.186","GET","/assets/img/loading.gif","HTTP/1.1",-1,-1,"","","",""
web_access,"15/Jul/2009:20:50:39 -0700","","","","",-1,"10.223.157.186","GET","/favicon.ico","HTTP/1.1",-1,-1,"","","",""
web_access,"15/Jul/2009:21:04:42 -0700","","","","",-1,"10.223.157.186","GET","/","HTTP/1.1",-1,-1,"","","",""
web_access,"15/Jul/2009:21:04:43 -0700","","","","",-1,"10.223.157.186","GET","/favicon.ico","HTTP/1.1",-1,-1,"","","",""
web_access,"15/Jul/2009:21:06:22 -0700","","","","",-1,"10.223.157.186","GET","/","HTTP/1.1",-1,-1,"","","",""
web_access,"15/Jul/2009:21:06:23 -0700","","","","",-1,"10.223.157.186","GET","/favicon.ico","HTTP/1.1",-1,-1,"","","",""
web_access,"15/Jul/2009:21:12:41 -0700","","","","",-1,"10.223.157.186","GET","/","HTTP/1.1",-1,-1,"","","",""
web_access,"15/Jul/2009:21:12:41 -0700","","","","",-1,"10.223.157.186","GET","/favicon.ico","HTTP/1.1",-1,-1,"","","",""
web_access,"15/Jul/2009:21:13:28 -0700","","","","",-1,"10.223.157.186","GET","/","HTTP/1.1",-1,-1,"","","",""
web_access,"15/Jul/2009:21:13:29 -0700","","","","",-1,"10.223.157.186","GET","/favicon.ico","HTTP/1.1",-1,-1,"","","",""
web_access,"15/Jul/2009:21:24:10 -0700","","","","",-1,"10.223.157.186","GET","/","HTTP/1.1",-1,-1,"","","",""
web_access,"15/Jul/2009:21:24:10 -0700","","","","",-1,"10.223.157.186","GET","/assets/js/the-associates.js","HTTP/1.1",-1,-1,"","","",""
web_access,"15/Jul/2009:21:24:10 -0700","","","","",-1,"10.223.157.186","GET","/assets/css/reset.css","HTTP/1.1",-1,-1,"","","",""
web_access,"15/Jul/2009:21:24:10 -0700","","","","",-1,"10.223.157.186","GET","/assets/css/the-associates.css","HTTP/1.1",-1,-1,"","","",""
web_access,"15/Jul/2009:21:24:10 -0700","","","","",-1,"10.223.157.186","GET","/assets/js/lightbox.js","HTTP/1.1",-1,-1,"","","",""
web_access,"15/Jul/2009:21:24:11 -0700","","","","",-1,"10.223.157.186","GET","/assets/js/lowpro.js","HTTP/1.1",-1,-1,"","","",""
web_access,"15/Jul/2009:21:24:11 -0700","","","","",-1,"10.223.157.186","GET","/assets/css/960.css","HTTP/1.1",-1,-1,"","","",""
web_access,"15/Jul/2009:21:24:11 -0700","","","","",-1,"10.223.157.186","GET","/assets/img/loading.gif","HTTP/1.1",-1,-1,"","","",""
web_access,"15/Jul/2009:21:24:11 -0700","","","","",-1,"10.223.157.186","GET","/assets/img/dummy/primary-news-2.jpg","HTTP/1.1",-1,-1,"","","",""
web_access,"15/Jul/2009:21:24:11 -0700","","","","",-1,"10.223.157.186","GET","/assets/img/search-button.gif","HTTP/1.1",-1,-1,"","","",""
web_access,"15/Jul/2009:21:24:11 -0700","","","","",-1,"10.223.157.186","GET","/assets/img/dummy/secondary-news-4.jpg","HTTP/1.1",-1,-1,"","","",""
web_access,"15/Jul/2009:21:24:11 -0700","","","","",-1,"10.223.157.186","GET","/assets/img/home-logo.png","HTTP/1.1",-1,-1,"","","",""
web_access,"15/Jul/2009:21:24:11 -0700","","","","",-1,"10.223.157.186","GET","/assets/img/dummy/primary-news-1.jpg","HTTP/1.1",-1,-1,"","","",""
web_access,"15/Jul/2009:21:24:11 -0700","","","","",-1,"10.223.157.186","GET","/assets/img/dummy/secondary-news-2.jpg","HTTP/1.1",-1,-1,"","","",""
web_access,"15/Jul/2009:21:24:11 -0700","","","","",-1,"10.223.157.186","GET","/assets/img/closelabel.gif","HTTP/1.1",-1,-1,"","","",""
web_access,"15/Jul/2009:21:24:11 -0700","","","","",-1,"10.223.157.186","GET","/assets/img/dummy/secondary-news-1.jpg","HTTP/1.1",-1,-1,"","","",""
web_access,"15/Jul/2009:21:24:11 -0700","","","","",-1,"10.223.157.186","GET","/assets/img/home-media-block-placeholder.jpg","HTTP/1.1",-1,-1,"","","",""
web_access,"15/Jul/2009:21:24:12 -0700","","","","",-1,"10.223.157.186","GET","/assets/img/dummy/secondary-news-3.jpg","HTTP/1.1",-1,-1,"","","",""
web_access,"15/Jul/2009:21:24:12 -0700","","","","",-1,"10.223.157.186","GET","/favicon.ico","HTTP/1.1",-1,-1,"","","",""
web_access,"15/Jul/2009:21:24:12 -0700","","","","",-1,"10.223.157.186","GET","/assets/swf/home-media-block.swf","HTTP/1.1",-1,-1,"","","",""
web_access,"15/Jul/2009:21:24:14 -0700","","","","",-1,"10.223.157.186","GET","/displaytitle.php?id=10","HTTP/1.1",-1,-1,"","","",""
web_access,"27/Dec/2037:12:00:00 +0530","","","","",-1,"233.223.117.90","DELETE","/usr/admin","HTTP/1.0",-1,-1,"-","Mozilla/5.0 (Windows NT 10.0; Win64; x64) AppleWebKit/537.36 (KHTML, like Gecko) Chrome/89.0.4380.0 Safari/537.36 Edg/89.0.759.0","",""
web_access,"27/Dec/2037:12:00:00 +0530","","","","",-1,"162.253.4.179","GET","/usr/admin/developer","HTTP/1.0",-1,-1,"http://www.parker-miller.org/tag/list/list/privacy/","Mozilla/5.0 (Windows NT 10.0; Win64; x64) AppleWebKit/537.36 (KHTML, like Gecko) Chrome/87.0.4280.141 Safari/537.36","",""
web_access,"27/Dec/2037:12:00:00 +0530","","","","",-1,"252.156.232.172","POST","/usr/register","HTTP/1.0",-1,-1,"-","Mozilla/5.0 (Windows NT 10.0; Win64; x64) AppleWebKit/537.36 (KHTML, like Gecko) Chrome/87.0.4280.88 Safari/537.36 OPR/73.0.3856.329","",""
web_access,"27/Dec/2037:12:00:00 +0530","","","","",-1,"182.215.249.159","PUT","/usr/register","HTTP/1.0",-1,-1,"http://www.parker-miller.org/tag/list/list/privacy/","Mozilla/5.0 (Android 10; Mobile; rv:84.0) Gecko/84.0 Firefox/84.0","",""
web_access,"27/Dec/2037:12:00:00 +0530","","","","",-1,"160.36.208.51","POST","/usr","HTTP/1.0",-1,-1,"http://www.parker-miller.org/tag/list/list/privacy/","Mozilla/5.0 (Linux; Android 10; ONEPLUS A6000) AppleWebKit/537.36 (KHTML, like Gecko) Chrome/86.0.4240.198 Mobile Safari/537.36 OPR/61.2.3076.56749","",""
web_access,"27/Dec/2037:12:00:00 +0530","","","","",-1,"255.231.52.33","PUT","/usr/admin/developer","HTTP/1.0",-1,-1,"http://www.parker-miller.org/tag/list/list/privacy/","Mozilla/5.0 (Windows NT 10.0; Win64; x64) AppleWebKit/537.36 (KHTML, like Gecko) Chrome/87.0.4280.88 Safari/537.36 OPR/73.0.3856.329","",""
web_access,"27/Dec/2037:12:00:00 +0530","","","","",-1,"238.217.83.154","DELETE","/usr/register","HTTP/1.0",-1,-1,"-","Mozilla/5.0 (Windows NT 10.0; Win64; x64) AppleWebKit/537.36 (KHTML, like Gecko) Chrome/89.0.4380.0 Safari/537.36 Edg/89.0.759.0","",""
web_access,"27/Dec/2037:12:00:00 +0530","","","","",-1,"119.170.1.203","GET","/usr","HTTP/1.0",-1,-1,"http://www.parker-miller.org/tag/list/list/privacy/","Mozilla/5.0 (Linux; Android 10; ONEPLUS A6000) AppleWebKit/537.36 (KHTML, like Gecko) Chrome/87.0.4280.141 Mobile Safari/537.36","",""
web_access,"27/Dec/2037:12:00:00 +0530","","","","",-1,"59.107.116.6","POST","/usr","HTTP/1.0",-1,-1,"-","Mozilla/5.0 (Macintosh; Intel Mac OS X 10_9_3) AppleWebKit/537.75.14 (KHTML, like Gecko) Version/7.0.3 Safari/7046A194A","",""
web_access,"27/Dec/2037:12:00:00 +0530","","","","",-1,"137.196.118.126","DELETE","/usr/admin","HTTP/1.0",-1,-1,"-","Mozilla/5.0 (iPhone; CPU iPhone OS 12_4_9 like Mac OS X) AppleWebKit/605.1.15 (KHTML, like Gecko) Version/12.1.2 Mobile/15E148 Safari/604.1","",""
web_access,"27/Dec/2037:12:00:00 +0530","","","","",-1,"26.167.128.186","PUT","/usr/admin/developer","HTTP/1.0",-1,-1,"http://www.parker-miller.org/tag/list/list/privacy/","Mozilla/5.0 (Windows NT 10.0; Win64; x64) AppleWebKit/537.36 (KHTML, like Gecko) Chrome/87.0.4280.88 Safari/537.36 OPR/73.0.3856.329","",""
web_access,"27/Dec/2037:12:00:00 +0530","","","","",-1,"144.140.97.239","PUT","/usr/register","HTTP/1.0",-1,-1,"http://www.parker-miller.org/tag/list/list/privacy/","Mozilla/5.0 (Windows NT 10.0; Win64; x64) AppleWebKit/537.36 (KHTML, like Gecko) Chrome/87.0.4280.141 Safari/537.36","",""
web_access,"27/Dec/2037:12:00:00 +0530","","","","",-1,"86.194.222.239","PUT","/usr","HTTP/1.0",-1,-1,"-","Mozilla/5.0 (Linux; Android 10; ONEPLUS A6000) AppleWebKit/537.36 (KHTML, like Gecko) Chrome/77.0.3865.116 Mobile Safari/537.36 EdgA/45.12.4.5121","",""
web_access,"27/Dec/2037:12:00:00 +0530","","","","",-1,"254.54.186.144","GET","/usr/register","HTTP/1.0",-1,-1,"http://www.parker-miller.org/tag/list/list/privacy/","Mozilla/5.0 (Windows NT 10.0; Win64; x64) AppleWebKit/537.36 (KHTML, like Gecko) Chrome/87.0.4280.88 Safari/537.36 OPR/73.0.3856.329","",""
web_access,"27/Dec/2037:12:00:00 +0530","","","","",-1,"55.25.7.93","GET","/usr/admin","HTTP/1.0",-1,-1,"http://www.parker-miller.org/tag/list/list/privacy/","Mozilla/5.0 (Windows NT 10.0; Win64; x64) AppleWebKit/537.36 (KHTML, like Gecko) Chrome/87.0.4280.88 Safari/537.36 OPR/73.0.3856.329","",""
web_access,"27/Dec/2037:12:00:00 +0530","","","","",-1,"154.131.45.155","GET","/usr/login","HTTP/1.0",-1,-1,"-","Mozilla/5.0 (Android 10; Mobile; rv:84.0) Gecko/84.0 Firefox/84.0","",""
web_access,"27/Dec/2037:12:00:00 +0530","","","","",-1,"207.194.20.187","PUT","/usr","HTTP/1.0",-1,-1,"-","Mozilla/5.0 (Linux; Android 10; ONEPLUS A6000) AppleWebKit/537.36 (KHTML, like Gecko) Chrome/77.0.3865.116 Mobile Safari/537.36 EdgA/45.12.4.5121","",""
web_access,"27/Dec/2037:12:00:00 +0530","","","","",-1,"202.8.213.171","PUT","/usr/login","HTTP/1.0",-1,-1,"http://www.parker-miller.org/tag/list/list/privacy/","Mozilla/5.0 (Linux; Android 10; ONEPLUS A6000) AppleWebKit/537.36 (KHTML, like Gecko) Chrome/86.0.4240.198 Mobile Safari/537.36 OPR/61.2.3076.56749","",""
web_access,"27/Dec/2037:12:00:00 +0530","","","","",-1,"26.44.136.193","GET","/usr/register","HTTP/1.0",-1,-1,"http://www.parker-miller.org/tag/list/list/privacy/","Mozilla/5.0 (Windows NT 10.0; Win64; x64; rv:84.0) Gecko/20100101 Firefox/84.0","",""
web_access,"27/Dec/2037:12:00:00 +0530","","","","",-1,"217.20.3.105","PUT","/usr","HTTP/1.0",-1,-1,"-","Mozilla/5.0 (Macintosh; Intel Mac OS X 10_9_3) AppleWebKit/537.75.14 (KHTML, like Gecko) Version/7.0.3 Safari/7046A194A","",""
web_access,"27/Dec/2037:12:00:00 +0530","","","","",-1,"255.27.84.112","DELETE","/usr/admin","HTTP/1.0",-1,-1,"http://www.parker-miller.org/tag/list/list/privacy/","Mozilla/5.0 (iPhone; CPU iPhone OS 12_4_9 like Mac OS X) AppleWebKit/605.1.15 (KHTML, like Gecko) Version/12.1.2 Mobile/15E148 Safari/604.1","",""
web_access,"27/Dec/2037:12:00:00 +0530","","","","",-1,"203.40.76.61","PUT","/usr/admin","HTTP/1.0",-1,-1,"-","Mozilla/5.0 (Macintosh; Intel Mac OS X 10_9_3) AppleWebKit/537.75.14 (KHTML, like Gecko) Version/7.0.3 Safari/7046A194A","",""
web_access,"27/Dec/2037:12:00:00 +0530","","","","",-1,"149.194.199.18","GET","/usr/register","HTTP/1.0",-1,-1,"-","Mozilla/5.0 (Linux; Android 10; ONEPLUS A6000) AppleWebKit/537.36 (KHTML, like Gecko) Chrome/87.0.4280.141 Mobile Safari/537.36","",""
web_access,"27/Dec/2037:12:00:00 +0530","","","","",-1,"41.193.26.139","PUT","/usr","HTTP/1.0",-1,-1,"http://www.parker-miller.org/tag/list/list/privacy/","Mozilla/5.0 (iPhone; CPU iPhone OS 12_4_9 like Mac OS X) AppleWebKit/605.1.15 (KHTML, like Gecko) Version/12.1.2 Mobile/15E148 Safari/604.1","",""
web_access,"27/Dec/2037:12:00:00 +0530","","","","",-1,"78.88.250.115","DELETE","/usr/admin/developer","HTTP/1.0",-1,-1,"-","Mozilla/5.0 (Macintosh; Intel Mac OS X 10_9_3) AppleWebKit/537.75.14 (KHTML, like Gecko) Version/7.0.3 Safari/7046A194A","",""
web_access,"27/Dec/2037:12:00:00 +0530","","","","",-1,"115.101.165.251","POST","/usr","HTTP/1.0",-1,-1,"-","Mozilla/5.0 (Windows NT 10.0; Win64; x64) AppleWebKit/537.36 (KHTML, like Gecko) Chrome/87.0.4280.88 Safari/537.36 OPR/73.0.3856.329","",""
web_access,"27/Dec/2037:12:00:00 +0530","","","","",-1,"71.158.198.139","DELETE","/usr/login","HTTP/1.0",-1,-1,"http://www.parker-miller.org/tag/list/list/privacy/","Mozilla/5.0 (Android 10; Mobile; rv:84.0) Gecko/84.0 Firefox/84.0","",""
web_access,"27/Dec/2037:12:00:00 +0530","","","","",-1,"211.69.213.210","GET","/usr/register","HTTP/1.0",-1,-1,"-","Mozilla/5.0 (Android 10; Mobile; rv:84.0) Gecko/84.0 Firefox/84.0","",""
web_access,"27/Dec/2037:12:00:00 +0530","","","","",-1,"125.87.60.188","GET","/usr","HTTP/1.0",-1,-1,"http://www.parker-miller.org/tag/list/list/privacy/","Mozilla/5.0 (Windows NT 10.0; Win64; x64) AppleWebKit/537.36 (KHTML, like Gecko) Chrome/87.0.4280.88 Safari/537.36 OPR/73.0.3856.329","",""
web_access,"27/Dec/2037:12:00:00 +0530","","","","",-1,"183.129.168.199","PUT","/usr/register","HTTP/1.0",-1,-1,"http://www.parker-miller.org/tag/list/list/privacy/","Mozilla/5.0 (Linux; Android 10; ONEPLUS A6000) AppleWebKit/537.36 (KHTML, like Gecko) Chrome/86.0.4240.198 Mobile Safari/537.36 OPR/61.2.3076.56749","",""
web_access,"27/Dec/2037:12:00:00 +0530","","","","",-1,"73.91.150.125","GET","/usr","HTTP/1.0",-1,-1,"-","Mozilla/5.0 (Windows NT 10.0; Win64; x64) AppleWebKit/537.36 (KHTML, like Gecko) Chrome/89.0.4380.0 Safari/537.36 Edg/89.0.759.0","",""
web_access,"27/Dec/2037:12:00:00 +0530","","","","",-1,"102.247.49.87","GET","/usr/login","HTTP/1.0",-1,-1,"-","Mozilla/5.0 (Windows NT 10.0; Win64; x64) AppleWebKit/537.36 (KHTML, like Gecko) Chrome/89.0.4380.0 Safari/537.36 Edg/89.0.759.0","",""
web_access,"27/Dec/2037:12:00:00 +0530","","","","",-1,"213.90.185.182","POST","/usr","HTTP/1.0",-1,-1,"-","Mozilla/5.0 (Windows NT 10.0; Win64; x64) AppleWebKit/537.36 (KHTML, like Gecko) Chrome/89.0.4380.0 Safari/537.36 Edg/89.0.759.0","",""
web_access,"27/Dec/2037:12:00:00 +0530","","","","",-1,"23.162.51.3","POST","/usr/login","HTTP/1.0",-1,-1,"http://www.parker-miller.org/tag/list/list/privacy/","Mozilla/5.0 (Windows NT 10.0; Win64; x64) AppleWebKit/537.36 (KHTML, like Gecko) Chrome/87.0.4280.141 Safari/537.36","",""
web_access,"27/Dec/2037:12:00:00 +0530","","","","",-1,"84.89.201.191","DELETE","/usr/register","HTTP/1.0",-1,-1,"-","Mozilla/5.0 (Linux; Android 10; ONEPLUS A6000) AppleWebKit/537.36 (KHTML, like Gecko) Chrome/86.0.4240.198 Mobile Safari/537.36 OPR/61.2.3076.56749","",""
web_access,"27/Dec/2037:12:00:00 +0530","","","","",-1,"81.23.229.106","PUT","/usr/login","HTTP/1.0",-1,-1,"-","Mozilla/5.0 (Linux; Android 10; ONEPLUS A6000) AppleWebKit/537.36 (KHTML, like Gecko) Chrome/77.0.3865.116 Mobile Safari/537.36 EdgA/45.12.4.5121","",""
web_access,"27/Dec/2037:12:00:00 +0530","","","","",-1,"230.230.213.17","PUT","/usr/admin","HTTP/1.0",-1,-1,"-","Mozilla/5.0 (Windows NT 10.0; Win64; x64) AppleWebKit/537.36 (KHTML, like Gecko) Chrome/89.0.4380.0 Safari/537.36 Edg/89.0.759.0","",""
web_access,"27/Dec/2037:12:00:00 +0530","","","","",-1,"148.5.169.251","DELETE","/usr/admin","HTTP/1.0",-1,-1,"http://www.parker-miller.org/tag/list/list/privacy/","Mozilla/5.0 (Android 10; Mobile; rv:84.0) Gecko/84.0 Firefox/84.0","",""
web_access,"27/Dec/2037:12:00:00 +0530","","","","",-1,"90.64.62.239","PUT","/usr/admin/developer","HTTP/1.0",-1,-1,"http://www.parker-miller.org/tag/list/list/privacy/","Mozilla/5.0 (Linux; Android 10; ONEPLUS A6000) AppleWebKit/537.36 (KHTML, like Gecko) Chrome/87.0.4280.141 Mobile Safari/537.36","",""
web_access,"27/Dec/2037:12:00:00 +0530","","","","",-1,"97.15.37.214","PUT","/usr/login","HTTP/1.0",-1,-1,"-","Mozilla/5.0 (Windows NT 10.0; Win64; x64; rv:84.0) Gecko/20100101 Firefox/84.0","",""
web_access,"27/Dec/2037:12:00:00 +0530","","","","",-1,"159.238.93.133","POST","/usr/register","HTTP/1.0",-1,-1,"http://www.parker-miller.org/tag/list/list/privacy/","Mozilla/5.0 (Linux; Android 10; ONEPLUS A6000) AppleWebKit/537.36 (KHTML, like Gecko) Chrome/86.0.4240.198 Mobile Safari/537.36 OPR/61.2.3076.56749","",""
web_access,"27/Dec/2037:12:00:00 +0530","","","","",-1,"223.254.74.157","GET","/usr/admin","HTTP/1.0",-1,-1,"-","Mozilla/5.0 (Linux; Android 10; ONEPLUS A6000) AppleWebKit/537.36 (KHTML, like Gecko) Chrome/87.0.4280.141 Mobile Safari/537.36","",""
web_access,"27/Dec/2037:12:00:00 +0530","","","","",-1,"238.204.144.175","POST","/usr/login","HTTP/1.0",-1,-1,"http://www.parker-miller.org/tag/list/list/privacy/","Mozilla/5.0 (Linux; Android 10; ONEPLUS A6000) AppleWebKit/537.36 (KHTML, like Gecko) Chrome/87.0.4280.141 Mobile Safari/537.36","",""
web_access,"27/Dec/2037:12:00:00 +0530","","","","",-1,"66.181.188.94","POST","/usr","HTTP/1.0",-1,-1,"-","Mozilla/5.0 (Windows NT 10.0; Win64; x64) AppleWebKit/537.36 (KHTML, like Gecko) Chrome/89.0.4380.0 Safari/537.36 Edg/89.0.759.0","",""
web_access,"27/Dec/2037:12:00:00 +0530","","","","",-1,"71.8.223.77","GET","/usr/login","HTTP/1.0",-1,-1,"http://www.parker-miller.org/tag/list/list/privacy/","Mozilla/5.0 (Windows NT 10.0; Win64; x64) AppleWebKit/537.36 (KHTML, like Gecko) Chrome/89.0.4380.0 Safari/537.36 Edg/89.0.759.0","",""
web_access,"27/Dec/2037:12:00:00 +0530","","","","",-1,"228.181.201.16","PUT","/usr/login","HTTP/1.0",-1,-1,"http://www.parker-miller.org/tag/list/list/privacy/","Mozilla/5.0 (Android 10; Mobile; rv:84.0) Gecko/84.0 Firefox/84.0","",""
web_access,"27/Dec/2037:12:00:00 +0530","","","","",-1,"172.175.150.80","PUT","/usr/admin/developer","HTTP/1.0",-1,-1,"http://www.parker-miller.org/tag/list/list/privacy/","Mozilla/5.0 (Linux; Android 10; ONEPLUS A6000) AppleWebKit/537.36 (KHTML, like Gecko) Chrome/87.0.4280.141 Mobile Safari/537.36","",""
web_access,"27/Dec/2037:12:00:00 +0530","","","","",-1,"127.72.62.237","POST","/usr/admin/developer","HTTP/1.0",-1,-1,"-","Mozilla/5.0 (Windows NT 10.0; Win64; x64) AppleWebKit/537.36 (KHTML, like Gecko) Chrome/87.0.4280.141 Safari/537.36","",""
web_access,"27/Dec/2037:12:00:00 +0530","","","","",-1,"58.30.103.184","POST","/usr/admin","HTTP/1.0",-1,-1,"http://www.parker-miller.org/tag/list/list/privacy/","Mozilla/5.0 (Macintosh; Intel Mac OS X 10_9_3) AppleWebKit/537.75.14 (KHTML, like Gecko) Version/7.0.3 Safari/7046A194A","",""
web_access,"27/Dec/2037:12:00:00 +0530","","","","",-1,"93.47.162.191","GET","/usr/admin","HTTP/1.0",-1,-1,"-","Mozilla/5.0 (iPhone; CPU iPhone OS 12_4_9 like Mac OS X) AppleWebKit/605.1.15 (KHTML, like Gecko) Version/12.1.2 Mobile/15E148 Safari/604.1","",""
web_access,"27/Dec/2037:12:00:00 +0530","","","","",-1,"46.141.41.90","DELETE","/usr/admin/developer","HTTP/1.0",-1,-1,"-","Mozilla/5.0 (iPhone; CPU iPhone OS 12_4_9 like Mac OS X) AppleWebKit/605.1.15 (KHTML, like Gecko) Version/12.1.2 Mobile/15E148 Safari/604.1","",""
web_access,"27/Dec/2037:12:00:00 +0530","","","","",-1,"40.129.224.59","DELETE","/usr/login","HTTP/1.0",-1,-1,"-","Mozilla/5.0 (Linux; Android 10; ONEPLUS A6000) AppleWebKit/537.36 (KHTML, like Gecko) Chrome/77.0.3865.116 Mobile Safari/537.36 EdgA/45.12.4.5121","",""
web_access,"27/Dec/2037:12:00:00 +0530","","","","",-1,"183.51.44.206","PUT","/usr/login","HTTP/1.0",-1,-1,"http://www.parker-miller.org/tag/list/list/privacy/","Mozilla/5.0 (Macintosh; Intel Mac OS X 10_9_3) AppleWebKit/537.75.14 (KHTML, like Gecko) Version/7.0.3 Safari/7046A194A","",""
web_access,"27/Dec/2037:12:00:00 +0530","","","","",-1,"190.247.167.164","POST","/usr/admin","HTTP/1.0",-1,-1,"-","Mozilla/5.0 (Linux; Android 10; ONEPLUS A6000) AppleWebKit/537.36 (KHTML, like Gecko) Chrome/86.0.4240.198 Mobile Safari/537.36 OPR/61.2.3076.56749","",""
web_access,"27/Dec/2037:12:00:00 +0530","","","","",-1,"183.155.98.170","DELETE","/usr","HTTP/1.0",-1,-1,"http://www.parker-miller.org/tag/list/list/privacy/","Mozilla/5.0 (Linux; Android 10; ONEPLUS A6000) AppleWebKit/537.36 (KHTML, like Gecko) Chrome/77.0.3865.116 Mobile Safari/537.36 EdgA/45.12.4.5121","",""
web_access,"27/Dec/2037:12:00:00 +0530","","","","",-1,"142.20.69.223","DELETE","/usr","HTTP/1.0",-1,-1,"-","Mozilla/5.0 (Windows NT 10.0; Win64; x64) AppleWebKit/537.36 (KHTML, like Gecko) Chrome/87.0.4280.141 Safari/537.36","",""
web_access,"27/Dec/2037:12:00:00 +0530","","","","",-1,"157.44.23.213","PUT","/usr/login","HTTP/1.0",-1,-1,"-","Mozilla/5.0 (Linux; Android 10; ONEPLUS A6000) AppleWebKit/537.36 (KHTML, like Gecko) Chrome/86.0.4240.198 Mobile Safari/537.36 OPR/61.2.3076.56749","",""
web_access,"27/Dec/2037:12:00:00 +0530","","","","",-1,"136.170.251.93","DELETE","/usr/login","HTTP/1.0",-1,-1,"-","Mozilla/5.0 (Windows NT 10.0; Win64; x64) AppleWebKit/537.36 (KHTML, like Gecko) Chrome/87.0.4280.88 Safari/537.36 OPR/73.0.3856.329","",""
web_access,"27/Dec/2037:12:00:00 +0530","","","","",-1,"224.219.85.67","GET","/usr/admin/developer","HTTP/1.0",-1,-1,"-","Mozilla/5.0 (Windows NT 10.0; Win64; x64; rv:84.0) Gecko/20100101 Firefox/84.0","",""
web_access,"27/Dec/2037:12:00:00 +0530","","","","",-1,"85.2.215.227","POST","/usr/register","HTTP/1.0",-1,-1,"-","Mozilla/5.0 (Windows NT 10.0; Win64; x64) AppleWebKit/537.36 (KHTML, like Gecko) Chrome/87.0.4280.88 Safari/537.36 OPR/73.0.3856.329","",""
web_access,"27/Dec/2037:12:00:00 +0530","","","","",-1,"172.172.252.161","DELETE","/usr/register","HTTP/1.0",-1,-1,"http://www.parker-miller.org/tag/list/list/privacy/","Mozilla/5.0 (Macintosh; Intel Mac OS X 10_9_3) AppleWebKit/537.75.14 (KHTML, like Gecko) Version/7.0.3 Safari/7046A194A","",""
web_access,"27/Dec/2037:12:00:00 +0530","","","","",-1,"137.205.180.143","POST","/usr/admin/developer","HTTP/1.0",-1,-1,"-","Mozilla/5.0 (Macintosh; Intel Mac OS X 10_9_3) AppleWebKit/537.75.14 (KHTML, like Gecko) Version/7.0.3 Safari/7046A194A","",""
web_access,"27/Dec/2037:12:00:00 +0530","","","","",-1,"41.204.111.51","POST","/usr/admin/developer","HTTP/1.0",-1,-1,"-","Mozilla/5.0 (Windows NT 10.0; Win64; x64) AppleWebKit/537.36 (KHTML, like Gecko) Chrome/89.0.4380.0 Safari/537.36 Edg/89.0.759.0","",""
web_access,"27/Dec/2037:12:00:00 +0530","","","","",-1,"214.60.60.96","POST","/usr/admin","HTTP/1.0",-1,-1,"http://www.parker-miller.org/tag/list/list/privacy/","Mozilla/5.0 (Windows NT 10.0; Win64; x64; rv:84.0) Gecko/20100101 Firefox/84.0","",""
web_access,"27/Dec/2037:12:00:00 +0530","","","","",-1,"0.89.70.97","DELETE","/usr/login","HTTP/1.0",-1,-1,"-","Mozilla/5.0 (Windows NT 10.0; Win64; x64) AppleWebKit/537.36 (KHTML, like Gecko) Chrome/87.0.4280.141 Safari/537.36","",""
web_access,"27/Dec/2037:12:00:00 +0530","","","","",-1,"93.234.0.101","POST","/usr/login","HTTP/1.0",-1,-1,"http://www.parker-miller.org/tag/list/list/privacy/","Mozilla/5.0 (Macintosh; Intel Mac OS X 10_9_3) AppleWebKit/537.75.14 (KHTML, like Gecko) Version/7.0.3 Safari/7046A194A","",""
web_access,"27/Dec/2037:12:00:00 +0530","","","","",-1,"132.176.187.103","DELETE","/usr/admin/developer","HTTP/1.0",-1,-1,"http://www.parker-miller.org/tag/list/list/privacy/","Mozilla/5.0 (Windows NT 10.0; Win64; x64) AppleWebKit/537.36 (KHTML, like Gecko) Chrome/89.0.4380.0 Safari/537.36 Edg/89.0.759.0","",""
web_access,"27/Dec/2037:12:00:00 +0530","","","","",-1,"49.144.29.85","GET","/usr/admin/developer","HTTP/1.0",-1,-1,"-","Mozilla/5.0 (Windows NT 10.0; Win64; x64) AppleWebKit/537.36 (KHTML, like Gecko) Chrome/87.0.4280.88 Safari/537.36 OPR/73.0.3856.329","",""
web_access,"27/Dec/2037:12:00:00 +0530","","","","",-1,"106.15.105.115","PUT","/usr/register","HTTP/1.0",-1,-1,"http://www.parker-miller.org/tag/list/list/privacy/","Mozilla/5.0 (Android 10; Mobile; rv:84.0) Gecko/84.0 Firefox/84.0","",""
web_access,"27/Dec/2037:12:00:00 +0530","","","","",-1,"187.13.150.49","PUT","/usr","HTTP/1.0",-1,-1,"http://www.parker-miller.org/tag/list/list/privacy/","Mozilla/5.0 (Windows NT 10.0; Win64; x64) AppleWebKit/537.36 (KHTML, like Gecko) Chrome/89.0.4380.0 Safari/537.36 Edg/89.0.759.0","",""
web_access,"27/Dec/2037:12:00:00 +0530","","","","",-1,"213.127.117.32","PUT","/usr/register","HTTP/1.0",-1,-1,"http://www.parker-miller.org/tag/list/list/privacy/","Mozilla/5.0 (Windows NT 10.0; Win64; x64; rv:84.0) Gecko/20100101 Firefox/84.0","",""
web_access,"27/Dec/2037:12:00:00 +0530","","","","",-1,"220.194.253.161","GET","/usr","HTTP/1.0",-1,-1,"http://www.parker-miller.org/tag/list/list/privacy/","Mozilla/5.0 (Windows NT 10.0; Win64; x64) AppleWebKit/537.36 (KHTML, like Gecko) Chrome/89.0.4380.0 Safari/537.36 Edg/89.0.759.0","",""
web_access,"27/Dec/2037:12:00:00 +0530","","","","",-1,"247.61.75.27","POST","/usr/admin","HTTP/1.0",-1,-1,"-","Mozilla/5.0 (Linux; Android 10; ONEPLUS A6000) AppleWebKit/537.36 (KHTML, like Gecko) Chrome/87.0.4280.141 Mobile Safari/537.36","",""
web_access,"27/Dec/2037:12:00:00 +0530","","","","",-1,"233.228.7.148","PUT","/usr/login","HTTP/1.0",-1,-1,"http://www.parker-miller.org/tag/list/list/privacy/","Mozilla/5.0 (Android 10; Mobile; rv:84.0) Gecko/84.0 Firefox/84.0","",""
web_access,"27/Dec/2037:12:00:00 +0530","","","","",-1,"142.19.81.223","POST","/usr/register","HTTP/1.0",-1,-1,"-","Mozilla/5.0 (Windows NT 10.0; Win64; x64) AppleWebKit/537.36 (KHTML, like Gecko) Chrome/87.0.4280.141 Safari/537.36","",""
web_access,"27/Dec/2037:12:00:00 +0530","","","","",-1,"103.176.203.18","DELETE","/usr/admin","HTTP/1.0",-1,-1,"http://www.parker-miller.org/tag/list/list/privacy/","Mozilla/5.0 (Macintosh; Intel Mac OS X 10_9_3) AppleWebKit/537.75.14 (KHTML, like Gecko) Version/7.0.3 Safari/7046A194A","",""
web_access,"27/Dec/2037:12:00:00 +0530","","","","",-1,"76.54.177.164","DELETE","/usr/login","HTTP/1.0",-1,-1,"-","Mozilla/5.0 (Linux; Android 10; ONEPLUS A6000) AppleWebKit/537.36 (KHTML, like Gecko) Chrome/77.0.3865.116 Mobile Safari/537.36 EdgA/45.12.4.5121","",""
web_access,"27/Dec/2037:12:00:00 +0530","","","","",-1,"68.226.160.154","PUT","/usr","HTTP/1.0",-1,-1,"http://www.parker-miller.org/tag/list/list/privacy/","Mozilla/5.0 (Linux; Android 10; ONEPLUS A6000) AppleWebKit/537.36 (KHTML, like Gecko) Chrome/77.0.3865.116 Mobile Safari/537.36 EdgA/45.12.4.5121","",""
web_access,"27/Dec/2037:12:00:00 +0530","","","","",-1,"112.164.86.231","POST","/usr/admin/developer","HTTP/1.0",-1,-1,"-","Mozilla/5.0 (Windows NT 10.0; Win64; x64) AppleWebKit/537.36 (KHTML, like Gecko) Chrome/87.0.4280.88 Safari/537.36 OPR/73.0.3856.329","",""
web_access,"27/Dec/2037:12:00:00 +0530","","","","",-1,"68.186.225.176","DELETE","/usr","HTTP/1.0",-1,-1,"http://www.parker-miller.org/tag/list/list/privacy/","Mozilla/5.0 (Linux; Android 10; ONEPLUS A6000) AppleWebKit/537.36 (KHTML, like Gecko) Chrome/77.0.3865.116 Mobile Safari/537.36 EdgA/45.12.4.5121","",""
web_access,"27/Dec/2037:12:00:00 +0530","","","","",-1,"12.131.19.214","GET","/usr/admin/developer","HTTP/1.0",-1,-1,"http://www.parker-miller.org/tag/list/list/privacy/","Mozilla/5.0 (iPhone; CPU iPhone OS 12_4_9 like Mac OS X) AppleWebKit/605.1.15 (KHTML, like Gecko) Version/12.1.2 Mobile/15E148 Safari/604.1","",""
web_access,"27/Dec/2037:12:00:00 +0530","","","","",-1,"141.46.157.247","DELETE","/usr/register","HTTP/1.0",-1,-1,"-","Mozilla/5.0 (Windows NT 10.0; Win64; x64) AppleWebKit/537.36 (KHTML, like Gecko) Chrome/87.0.4280.88 Safari/537.36 OPR/73.0.3856.329","",""
web_access,"27/Dec/2037:12:00:00 +0530","","","","",-1,"195.47.94.9","PUT","/usr/admin/developer","HTTP/1.0",-1,-1,"http://www.parker-miller.org/tag/list/list/privacy/","Mozilla/5.0 (Android 10; Mobile; rv:84.0) Gecko/84.0 Firefox/84.0","",""
web_access,"27/Dec/2037:12:00:00 +0530","","","","",-1,"65.104.60.28","GET","/usr/admin","HTTP/1.0",-1,-1,"http://www.parker-miller.org/tag/list/list/privacy/","Mozilla/5.0 (Windows NT 10.0; Win64; x64) AppleWebKit/537.36 (KHTML, like Gecko) Chrome/89.0.4380.0 Safari/537.36 Edg/89.0.759.0","",""
web_access,"27/Dec/2037:12:00:00 +0530","","","","",-1,"6.110.39.101","DELETE","/usr/admin","HTTP/1.0",-1,-1,"-","Mozilla/5.0 (Windows NT 10.0; Win64; x64) AppleWebKit/537.36 (KHTML, like Gecko) Chrome/89.0.4380.0 Safari/537.36 Edg/89.0.759.0","",""
web_access,"27/Dec/2037:12:00:00 +0530","","","","",-1,"236.192.181.134","POST","/usr","HTTP/1.0",-1,-1,"http://www.parker-miller.org/tag/list/list/privacy/","Mozilla/5.0 (Linux; Android 10; ONEPLUS A6000) AppleWebKit/537.36 (KHTML, like Gecko) Chrome/77.0.3865.116 Mobile Safari/537.36 EdgA/45.12.4.5121","",""
web_access,"27/Dec/2037:12:00:00 +0530","","","","",-1,"92.213.35.47","GET","/usr","HTTP/1.0",-1,-1,"http://www.parker-miller.org/tag/list/list/privacy/","Mozilla/5.0 (Windows NT 10.0; Win64; x64) AppleWebKit/537.36 (KHTML, like Gecko) Chrome/87.0.4280.141 Safari/537.36","",""
web_access,"27/Dec/2037:12:00:00 +0530","","","","",-1,"25.254.82.147","DELETE","/usr/register","HTTP/1.0",-1,-1,"http://www.parker-miller.org/tag/list/list/privacy/","Mozilla/5.0 (Macintosh; Intel Mac OS X 10_9_3) AppleWebKit/537.75.14 (KHTML, like Gecko) Version/7.0.3 Safari/7046A194A","",""
web_access,"27/Dec/2037:12:00:00 +0530","","","","",-1,"226.208.16.190","PUT","/usr/register","HTTP/1.0",-1,-1,"-","Mozilla/5.0 (Linux; Android 10; ONEPLUS A6000) AppleWebKit/537.36 (KHTML, like Gecko) Chrome/87.0.4280.141 Mobile Safari/537.36","",""
web_access,"27/Dec/2037:12:00:00 +0530","","","","",-1,"204.34.245.97","PUT","/usr/register","HTTP/1.0",-1,-1,"http://www.parker-miller.org/tag/list/list/privacy/","Mozilla/5.0 (Android 10; Mobile; rv:84.0) Gecko/84.0 Firefox/84.0","",""
web_access,"27/Dec/2037:12:00:00 +0530","","","","",-1,"66.221.171.61","GET","/usr/login","HTTP/1.0",-1,-1,"http://www.parker-miller.org/tag/list/list/privacy/","Mozilla/5.0 (Windows NT 10.0; Win64; x64) AppleWebKit/537.36 (KHTML, like Gecko) Chrome/87.0.4280.88 Safari/537.36 OPR/73.0.3856.329","",""
web_access,"27/Dec/2037:12:00:00 +0530","","","","",-1,"144.85.122.244","GET","/usr/admin","HTTP/1.0",-1,-1,"http://www.parker-miller.org/tag/list/list/privacy/","Mozilla/5.0 (Windows NT 10.0; Win64; x64) AppleWebKit/537.36 (KHTML, like Gecko) Chrome/89.0.4380.0 Safari/537.36 Edg/89.0.759.0","",""
web_access,"27/Dec/2037:12:00:00 +0530","","","","",-1,"233.200.137.100","POST","/usr/login","HTTP/1.0",-1,-1,"-","Mozilla/5.0 (Linux; Android 10; ONEPLUS A6000) AppleWebKit/537.36 (KHTML, like Gecko) Chrome/77.0.3865.116 Mobile Safari/537.36 EdgA/45.12.4.5121","",""
web_access,"27/Dec/2037:12:00:00 +0530","","","","",-1,"127.178.20.10","POST","/usr","HTTP/1.0",-1,-1,"http://www.parker-miller.org/tag/list/list/privacy/","Mozilla/5.0 (Macintosh; Intel Mac OS X 10_9_3) AppleWebKit/537.75.14 (KHTML, like Gecko) Version/7.0.3 Safari/7046A194A","",""
web_access,"27/Dec/2037:12:00:00 +0530","","","","",-1,"52.135.10.160","PUT","/usr","HTTP/1.0",-1,-1,"-","Mozilla/5.0 (Linux; Android 10; ONEPLUS A6000) AppleWebKit/537.36 (KHTML, like Gecko) Chrome/86.0.4240.198 Mobile Safari/537.36 OPR/61.2.3076.56749","",""
web_access,"27/Dec/2037:12:00:00 +0530","","","","",-1,"51.111.178.196","GET","/usr/admin/developer","HTTP/1.0",-1,-1,"http://www.parker-miller.org/tag/list/list/privacy/","Mozilla/5.0 (Linux; Android 10; ONEPLUS A6000) AppleWebKit/537.36 (KHTML, like Gecko) Chrome/77.0.3865.116 Mobile Safari/537.36 EdgA/45.12.4.5121","",""
web_access,"27/Dec/2037:12:00:00 +0530","","","","",-1,"102.107.36.69","POST","/usr/login","HTTP/1.0",-1,-1,"-","Mozilla/5.0 (Macintosh; Intel Mac OS X 10_9_3) AppleWebKit/537.75.14 (KHTML, like Gecko) Version/7.0.3 Safari/7046A194A","",""
web_access,"27/Dec/2037:12:00:00 +0530","","","","",-1,"211.216.195.195","GET","/usr/admin/developer","HTTP/1.0",-1,-1,"http://www.parker-miller.org/tag/list/list/privacy/","Mozilla/5.0 (Windows NT 10.0; Win64; x64) AppleWebKit/537.36 (KHTML, like Gecko) Chrome/87.0.4280.141 Safari/537.36","",""
web_access,"27/Dec/2037:12:00:00 +0530","","","","",-1,"242.114.247.252","DELETE","/usr/register","HTTP/1.0",-1,-1,"-","Mozilla/5.0 (Android 10; Mobile; rv:84.0) Gecko/84.0 Firefox/84.0","",""
web_access,"27/Dec/2037:12:00:00 +0530","","","","",-1,"250.68.88.150","GET","/usr","HTTP/1.0",-1,-1,"-","Mozilla/5.0 (Macintosh; Intel Mac OS X 10_9_3) AppleWebKit/537.75.14 (KHTML, like Gecko) Version/7.0.3 Safari/7046A194A","",""
web_access,"27/Dec/2037:12:00:00 +0530","","","","",-1,"7.4.87.49","POST","/usr/admin","HTTP/1.0",-1,-1,"-","Mozilla/5.0 (iPhone; CPU iPhone OS 12_4_9 like Mac OS X) AppleWebKit/605.1.15 (KHTML, like Gecko) Version/12.1.2 Mobile/15E148 Safari/604.1","",""
web_access,"27/Dec/2037:12:00:00 +0530","","","","",-1,"89.151.226.31","DELETE","/usr/admin/developer","HTTP/1.0",-1,-1,"-","Mozilla/5.0 (Windows NT 10.0; Win64; x64; rv:84.0) Gecko/20100101 Firefox/84.0","",""
web_access,"27/Dec/2037:12:00:00 +0530","","","","",-1,"121.196.121.184","GET","/usr","HTTP/1.0",-1,-1,"-","Mozilla/5.0 (Android 10; Mobile; rv:84.0) Gecko/84.0 Firefox/84.0","",""
web_access,"27/Dec/2037:12:00:00 +0530","","","","",-1,"193.242.187.191","PUT","/usr/login","HTTP/1.0",-1,-1,"-","Mozilla/5.0 (Macintosh; Intel Mac OS X 10_9_3) AppleWebKit/537.75.14 (KHTML, like Gecko) Version/7.0.3 Safari/7046A194A","",""
web_access,"27/Dec/2037:12:00:00 +0530","","","","",-1,"253.202.65.51","PUT","/usr/admin","HTTP/1.0",-1,-1,"http://www.parker-miller.org/tag/list/list/privacy/","Mozilla/5.0 (Macintosh; Intel Mac OS X 10_9_3) AppleWebKit/537.75.14 (KHTML, like Gecko) Version/7.0.3 Safari/7046A194A","",""
web_access,"27/Dec/2037:12:00:00 +0530","","","","",-1,"30.12.2.123","PUT","/usr/admin/developer","HTTP/1.0",-1,-1,"-","Mozilla/5.0 (Windows NT 10.0; Win64; x64) AppleWebKit/537.36 (KHTML, like Gecko) Chrome/87.0.4280.88 Safari/537.36 OPR/73.0.3856.329","",""
web_access,"27/Dec/2037:12:00:00 +0530","","","","",-1,"129.34.105.50","GET","/usr","HTTP/1.0",-1,-1,"-","Mozilla/5.0 (Windows NT 10.0; Win64; x64) AppleWebKit/537.36 (KHTML, like Gecko) Chrome/89.0.4380.0 Safari/537.36 Edg/89.0.759.0","",""
web_access,"27/Dec/2037:12:00:00 +0530","","","","",-1,"73.68.34.161","POST","/usr/register","HTTP/1.0",-1,-1,"-","Mozilla/5.0 (Windows NT 10.0; Win64; x64) AppleWebKit/537.36 (KHTML, like Gecko) Chrome/89.0.4380.0 Safari/537.36 Edg/89.0.759.0","",""
web_access,"27/Dec/2037:12:00:00 +0530","","","","",-1,"220.77.112.34","GET","/usr","HTTP/1.0",-1,-1,"-","Mozilla/5.0 (Linux; Android 10; ONEPLUS A6000) AppleWebKit/537.36 (KHTML, like Gecko) Chrome/87.0.4280.141 Mobile Safari/537.36","",""
web_access,"27/Dec/2037:12:00:00 +0530","","","","",-1,"186.13.222.219","PUT","/usr","HTTP/1.0",-1,-1,"http://www.parker-miller.org/tag/list/list/privacy/","Mozilla/5.0 (Linux; Android 10; ONEPLUS A6000) AppleWebKit/537.36 (KHTML, like Gecko) Chrome/87.0.4280.141 Mobile Safari/537.36","",""
web_access,"27/Dec/2037:12:00:00 +0530","","","","",-1,"182.144.248.33","DELETE","/usr/admin/developer","HTTP/1.0",-1,-1,"http://www.parker-miller.org/tag/list/list/privacy/","Mozilla/5.0 (Linux; Android 10; ONEPLUS A6000) AppleWebKit/537.36 (KHTML, like Gecko) Chrome/77.0.3865.116 Mobile Safari/537.36 EdgA/45.12.4.5121","",""
web_access,"27/Dec/2037:12:00:00 +0530","","","","",-1,"153.230.243.112","GET","/usr/login","HTTP/1.0",-1,-1,"-","Mozilla/5.0 (iPhone; CPU iPhone OS 12_4_9 like Mac OS X) AppleWebKit/605.1.15 (KHTML, like Gecko) Version/12.1.2 Mobile/15E148 Safari/604.1","",""
web_access,"27/Dec/2037:12:00:00 +0530","","","","",-1,"219.11.112.111","GET","/usr/register","HTTP/1.0",-1,-1,"http://www.parker-miller.org/tag/list/list/privacy/","Mozilla/5.0 (Windows NT 10.0; Win64; x64) AppleWebKit/537.36 (KHTML, like Gecko) Chrome/87.0.4280.141 Safari/537.36","",""
web_access,"27/Dec/2037:12:00:00 +0530","","","","",-1,"41.5.201.145","DELETE","/usr","HTTP/1.0",-1,-1,"-","Mozilla/5.0 (Windows NT 10.0; Win64; x64) AppleWebKit/537.36 (KHTML, like Gecko) Chrome/87.0.4280.141 Safari/537.36","",""
web_access,"27/Dec/2037:12:00:00 +0530","","","","",-1,"108.184.182.133","PUT","/usr","HTTP/1.0",-1,-1,"http://www.parker-miller.org/tag/list/list/privacy/","Mozilla/5.0 (Linux; Android 10; ONEPLUS A6000) AppleWebKit/537.36 (KHTML, like Gecko) Chrome/86.0.4240.198 Mobile Safari/537.36 OPR/61.2.3076.56749","",""
web_access,"27/Dec/2037:12:00:00 +0530","","","","",-1,"227.104.249.180","GET","/usr/login","HTTP/1.0",-1,-1,"http://www.parker-miller.org/tag/list/list/privacy/","Mozilla/5.0 (Linux; Android 10; ONEPLUS A6000) AppleWebKit/537.36 (KHTML, like Gecko) Chrome/86.0.4240.198 Mobile Safari/537.36 OPR/61.2.3076.56749","",""
web_access,"27/Dec/2037:12:00:00 +0530","","","","",-1,"17.113.83.201","POST","/usr/admin","HTTP/1.0",-1,-1,"-","Mozilla/5.0 (Linux; Android 10; ONEPLUS A6000) AppleWebKit/537.36 (KHTML, like Gecko) Chrome/86.0.4240.198 Mobile Safari/537.36 OPR/61.2.3076.56749","",""
web_access,"27/Dec/2037:12:00:00 +0530","","","","",-1,"3.89.10.100","PUT","/usr/admin","HTTP/1.0",-1,-1,"http://www.parker-miller.org/tag/list/list/privacy/","Mozilla/5.0 (Linux; Android 10; ONEPLUS A6000) AppleWebKit/537.36 (KHTML, like Gecko) Chrome/86.0.4240.198 Mobile Safari/537.36 OPR/61.2.3076.56749","",""
web_access,"27/Dec/2037:12:00:00 +0530","","","","",-1,"181.18.132.59","DELETE","/usr/admin","HTTP/1.0",-1,-1,"http://www.parker-miller.org/tag/list/list/privacy/","Mozilla/5.0 (Linux; Android 10; ONEPLUS A6000) AppleWebKit/537.36 (KHTML, like Gecko) Chrome/86.0.4240.198 Mobile Safari/537.36 OPR/61.2.3076.56749","",""
web_access,"27/Dec/2037:12:00:00 +0530","","","","",-1,"247.144.10.212","PUT","/usr/login","HTTP/1.0",-1,-1,"-","Mozilla/5.0 (Linux; Android 10; ONEPLUS A6000) AppleWebKit/537.36 (KHTML, like Gecko) Chrome/77.0.3865.116 Mobile Safari/537.36 EdgA/45.12.4.5121","",""
web_access,"27/Dec/2037:12:00:00 +0530","","","","",-1,"137.211.141.188","PUT","/usr/register","HTTP/1.0",-1,-1,"-","Mozilla/5.0 (Windows NT 10.0; Win64; x64) AppleWebKit/537.36 (KHTML, like Gecko) Chrome/89.0.4380.0 Safari/537.36 Edg/89.0.759.0","",""
web_access,"27/Dec/2037:12:00:00 +0530","","","","",-1,"166.215.47.167","DELETE","/usr/login","HTTP/1.0",-1,-1,"http://www.parker-miller.org/tag/list/list/privacy/","Mozilla/5.0 (iPhone; CPU iPhone OS 12_4_9 like Mac OS X) AppleWebKit/605.1.15 (KHTML, like Gecko) Version/12.1.2 Mobile/15E148 Safari/604.1","",""
web_access,"27/Dec/2037:12:00:00 +0530","","","","",-1,"158.246.102.67","GET","/usr/admin","HTTP/1.0",-1,-1,"-","Mozilla/5.0 (Windows NT 10.0; Win64; x64; rv:84.0) Gecko/20100101 Firefox/84.0","",""
web_access,"27/Dec/2037:12:00:00 +0530","","","","",-1,"71.70.96.203","GET","/usr/login","HTTP/1.0",-1,-1,"http://www.parker-miller.org/tag/list/list/privacy/","Mozilla/5.0 (Linux; Android 10; ONEPLUS A6000) AppleWebKit/537.36 (KHTML, like Gecko) Chrome/87.0.4280.141 Mobile Safari/537.36","",""
web_access,"27/Dec/2037:12:00:00 +0530","","","","",-1,"109.141.243.30","PUT","/usr/admin/developer","HTTP/1.0",-1,-1,"http://www.parker-miller.org/tag/list/list/privacy/","Mozilla/5.0 (Linux; Android 10; ONEPLUS A6000) AppleWebKit/537.36 (KHTML, like Gecko) Chrome/87.0.4280.141 Mobile Safari/537.36","",""
web_access,"27/Dec/2037:12:00:00 +0530","","","","",-1,"83.167.247.80","PUT","/usr/admin/developer","HTTP/1.0",-1,-1,"http://www.parker-miller.org/tag/list/list/privacy/","Mozilla/5.0 (Linux; Android 10; ONEPLUS A6000) AppleWebKit/537.36 (KHTML, like Gecko) Chrome/87.0.4280.141 Mobile Safari/537.36","",""
web_access,"27/Dec/2037:12:00:00 +0530","","","","",-1,"252.237.131.45","DELETE","/usr/register","HTTP/1.0",-1,-1,"http://www.parker-miller.org/tag/list/list/privacy/","Mozilla/5.0 (Linux; Android 10; ONEPLUS A6000) AppleWebKit/537.36 (KHTML, like Gecko) Chrome/87.0.4280.141 Mobile Safari/537.36","",""
web_access,"27/Dec/2037:12:00:00 +0530","","","","",-1,"76.142.216.214","DELETE","/usr","HTTP/1.0",-1,-1,"-","Mozilla/5.0 (Windows NT 10.0; Win64; x64) AppleWebKit/537.36 (KHTML, like Gecko) Chrome/87.0.4280.141 Safari/537.36","",""
web_access,"27/Dec/2037:12:00:00 +0530","","","","",-1,"148.147.189.146","POST","/usr/admin","HTTP/1.0",-1,-1,"http://www.parker-miller.org/tag/list/list/privacy/","Mozilla/5.0 (Android 10; Mobile; rv:84.0) Gecko/84.0 Firefox/84.0","",""
web_access,"27/Dec/2037:12:00:00 +0530","","","","",-1,"208.65.130.195","DELETE","/usr/register","HTTP/1.0",-1,-1,"-","Mozilla/5.0 (Windows NT 10.0; Win64; x64) AppleWebKit/537.36 (KHTML, like Gecko) Chrome/87.0.4280.88 Safari/537.36 OPR/73.0.3856.329","",""
web_access,"27/Dec/2037:12:00:00 +0530","","","","",-1,"90.202.217.18","PUT","/usr","HTTP/1.0",-1,-1,"http://www.parker-miller.org/tag/list/list/privacy/","Mozilla/5.0 (Windows NT 10.0; Win64; x64) AppleWebKit/537.36 (KHTML, like Gecko) Chrome/87.0.4280.88 Safari/537.36 OPR/73.0.3856.329","",""
web_access,"27/Dec/2037:12:00:00 +0530","","","","",-1,"157.8.138.44","PUT","/usr/login","HTTP/1.0",-1,-1,"-","Mozilla/5.0 (iPhone; CPU iPhone OS 12_4_9 like Mac OS X) AppleWebKit/605.1.15 (KHTML, like Gecko) Version/12.1.2 Mobile/15E148 Safari/604.1","",""
web_access,"27/Dec/2037:12:00:00 +0530","","","","",-1,"76.18.180.130","POST","/usr/admin/developer","HTTP/1.0",-1,-1,"http://www.parker-miller.org/tag/list/list/privacy/","Mozilla/5.0 (Windows NT 10.0; Win64; x64) AppleWebKit/537.36 (KHTML, like Gecko) Chrome/87.0.4280.88 Safari/537.36 OPR/73.0.3856.329","",""
web_access,"27/Dec/2037:12:00:00 +0530","","","","",-1,"228.79.33.154","DELETE","/usr/login","HTTP/1.0",-1,-1,"-","Mozilla/5.0 (Windows NT 10.0; Win64; x64; rv:84.0) Gecko/20100101 Firefox/84.0","",""
web_access,"27/Dec/2037:12:00:00 +0530","","","","",-1,"125.171.46.224","PUT","/usr/admin","HTTP/1.0",-1,-1,"http://www.parker-miller.org/tag/list/list/privacy/","Mozilla/5.0 (Windows NT 10.0; Win64; x64) AppleWebKit/537.36 (KHTML, like Gecko) Chrome/87.0.4280.141 Safari/537.36","",""
web_access,"27/Dec/2037:12:00:00 +0530","","","","",-1,"228.244.110.154","DELETE","/usr/login","HTTP/1.0",-1,-1,"http://www.parker-miller.org/tag/list/list/privacy/","Mozilla/5.0 (Windows NT 10.0; Win64; x64) AppleWebKit/537.36 (KHTML, like Gecko) Chrome/87.0.4280.141 Safari/537.36","",""
web_access,"27/Dec/2037:12:00:00 +0530","","","","",-1,"180.63.128.101","PUT","/usr/login","HTTP/1.0",-1,-1,"-","Mozilla/5.0 (Windows NT 10.0; Win64; x64) AppleWebKit/537.36 (KHTML, like Gecko) Chrome/89.0.4380.0 Safari/537.36 Edg/89.0.759.0","",""
web_access,"27/Dec/2037:12:00:00 +0530","","","","",-1,"130.38.88.32","POST","/usr/admin/developer","HTTP/1.0",-1,-1,"-","Mozilla/5.0 (Windows NT 10.0; Win64; x64) AppleWebKit/537.36 (KHTML, like Gecko) Chrome/87.0.4280.88 Safari/537.36 OPR/73.0.3856.329","",""
web_access,"27/Dec/2037:12:00:00 +0530","","","","",-1,"102.31.81.255","GET","/usr/admin","HTTP/1.0",-1,-1,"-","Mozilla/5.0 (Android 10; Mobile; rv:84.0) Gecko/84.0 Firefox/84.0","",""
web_access,"27/Dec/2037:12:00:00 +0530","","","","",-1,"172.237.61.70","DELETE","/usr/login","HTTP/1.0",-1,-1,"-","Mozilla/5.0 (Linux; Android 10; ONEPLUS A6000) AppleWebKit/537.36 (KHTML, like Gecko) Chrome/87.0.4280.141 Mobile Safari/537.36","",""
web_access,"27/Dec/2037:12:00:00 +0530","","","","",-1,"109.208.1.147","POST","/usr/admin/developer","HTTP/1.0",-1,-1,"-","Mozilla/5.0 (Android 10; Mobile; rv:84.0) Gecko/84.0 Firefox/84.0","",""
web_access,"27/Dec/2037:12:00:00 +0530","","","","",-1,"15.81.213.151","PUT","/usr","HTTP/1.0",-1,-1,"-","Mozilla/5.0 (iPhone; CPU iPhone OS 12_4_9 like Mac OS X) AppleWebKit/605.1.15 (KHTML, like Gecko) Version/12.1.2 Mobile/15E148 Safari/604.1","",""
web_access,"27/Dec/2037:12:00:00 +0530","","","","",-1,"92.8.104.199","GET","/usr/register","HTTP/1.0",-1,-1,"-","Mozilla/5.0 (Windows NT 10.0; Win64; x64) AppleWebKit/537.36 (KHTML, like Gecko) Chrome/87.0.4280.141 Safari/537.36","",""
web_access,"27/Dec/2037:12:00:00 +0530","","","","",-1,"61.11.9.187","GET","/usr/admin/developer","HTTP/1.0",-1,-1,"http://www.parker-miller.org/tag/list/list/privacy/","Mozilla/5.0 (Linux; Android 10; ONEPLUS A6000) AppleWebKit/537.36 (KHTML, like Gecko) Chrome/77.0.3865.116 Mobile Safari/537.36 EdgA/45.12.4.5121","",""
web_access,"27/Dec/2037:12:00:00 +0530","","","","",-1,"5.80.243.143","POST","/usr/login","HTTP/1.0",-1,-1,"http://www.parker-miller.org/tag/list/list/privacy/","Mozilla/5.0 (Windows NT 10.0; Win64; x64; rv:84.0) Gecko/20100101 Firefox/84.0","",""
web_access,"27/Dec/2037:12:00:00 +0530","","","","",-1,"5.123.77.152","GET","/usr/login","HTTP/1.0",-1,-1,"http://www.parker-miller.org/tag/list/list/privacy/","Mozilla/5.0 (Linux; Android 10; ONEPLUS A6000) AppleWebKit/537.36 (KHTML, like Gecko) Chrome/87.0.4280.141 Mobile Safari/537.36","",""
web_access,"27/Dec/2037:12:00:00 +0530","","","","",-1,"14.104.75.5","DELETE","/usr/admin","HTTP/1.0",-1,-1,"http://www.parker-miller.org/tag/list/list/privacy/","Mozilla/5.0 (Macintosh; Intel Mac OS X 10_9_3) AppleWebKit/537.75.14 (KHTML, like Gecko) Version/7.0.3 Safari/7046A194A","",""
web_access,"27/Dec/2037:12:00:00 +0530","","","","",-1,"243.128.73.193","DELETE","/usr/admin","HTTP/1.0",-1,-1,"http://www.parker-miller.org/tag/list/list/privacy/","Mozilla/5.0 (Windows NT 10.0; Win64; x64; rv:84.0) Gecko/20100101 Firefox/84.0","",""
web_access,"27/Dec/2037:12:00:00 +0530","","","","",-1,"80.105.200.68","DELETE","/usr/admin/developer","HTTP/1.0",-1,-1,"http://www.parker-miller.org/tag/list/list/privacy/","Mozilla/5.0 (Linux; Android 10; ONEPLUS A6000) AppleWebKit/537.36 (KHTML, like Gecko) Chrome/86.0.4240.198 Mobile Safari/537.36 OPR/61.2.3076.56749","",""
web_access,"27/Dec/2037:12:00:00 +0530","","","","",-1,"51.109.11.227","PUT","/usr","HTTP/1.0",-1,-1,"http://www.parker-miller.org/tag/list/list/privacy/","Mozilla/5.0 (iPhone; CPU iPhone OS 12_4_9 like Mac OS X) AppleWebKit/605.1.15 (KHTML, like Gecko) Version/12.1.2 Mobile/15E148 Safari/604.1","",""
web_access,"27/Dec/2037:12:00:00 +0530","","","","",-1,"196.157.142.169","PUT","/usr/admin","HTTP/1.0",-1,-1,"-","Mozilla/5.0 (Android 10; Mobile; rv:84.0) Gecko/84.0 Firefox/84.0","",""
web_access,"27/Dec/2037:12:00:00 +0530","","","","",-1,"48.38.237.106","POST","/usr/admin/developer","HTTP/1.0",-1,-1,"http://www.parker-miller.org/tag/list/list/privacy/","Mozilla/5.0 (Macintosh; Intel Mac OS X 10_9_3) AppleWebKit/537.75.14 (KHTML, like Gecko) Version/7.0.3 Safari/7046A194A","",""
web_access,"27/Dec/2037:12:00:00 +0530","","","","",-1,"167.148.38.190","GET","/usr","HTTP/1.0",-1,-1,"http://www.parker-miller.org/tag/list/list/privacy/","Mozilla/5.0 (iPhone; CPU iPhone OS 12_4_9 like Mac OS X) AppleWebKit/605.1.15 (KHTML, like Gecko) Version/12.1.2 Mobile/15E148 Safari/604.1","",""
web_access,"27/Dec/2037:12:00:00 +0530","","","","",-1,"171.152.109.27","DELETE","/usr/admin","HTTP/1.0",-1,-1,"-","Mozilla/5.0 (iPhone; CPU iPhone OS 12_4_9 like Mac OS X) AppleWebKit/605.1.15 (KHTML, like Gecko) Version/12.1.2 Mobile/15E148 Safari/604.1","",""
web_access,"27/Dec/2037:12:00:00 +0530","","","","",-1,"163.74.226.199","PUT","/usr/admin","HTTP/1.0",-1,-1,"-","Mozilla/5.0 (Windows NT 10.0; Win64; x64; rv:84.0) Gecko/20100101 Firefox/84.0","",""
web_access,"27/Dec/2037:12:00:00 +0530","","","","",-1,"28.193.145.94","GET","/usr/register","HTTP/1.0",-1,-1,"http://www.parker-miller.org/tag/list/list/privacy/","Mozilla/5.0 (Linux; Android 10; ONEPLUS A6000) AppleWebKit/537.36 (KHTML, like Gecko) Chrome/86.0.4240.198 Mobile Safari/537.36 OPR/61.2.3076.56749","",""
web_access,"27/Dec/2037:12:00:00 +0530","","","","",-1,"22.37.80.14","DELETE","/usr/admin","HTTP/1.0",-1,-1,"http://www.parker-miller.org/tag/list/list/privacy/","Mozilla/5.0 (Windows NT 10.0; Win64; x64) AppleWebKit/537.36 (KHTML, like Gecko) Chrome/87.0.4280.141 Safari/537.36","",""
web_access,"27/Dec/2037:12:00:00 +0530","","","","",-1,"99.71.79.62","GET","/usr/admin/developer","HTTP/1.0",-1,-1,"-","Mozilla/5.0 (Windows NT 10.0; Win64; x64) AppleWebKit/537.36 (KHTML, like Gecko) Chrome/89.0.4380.0 Safari/537.36 Edg/89.0.759.0","",""
web_access,"27/Dec/2037:12:00:00 +0530","","","","",-1,"131.1.151.255","GET","/usr/login","HTTP/1.0",-1,-1,"http://www.parker-miller.org/tag/list/list/privacy/","Mozilla/5.0 (Windows NT 10.0; Win64; x64) AppleWebKit/537.36 (KHTML, like Gecko) Chrome/87.0.4280.88 Safari/537.36 OPR/73.0.3856.329","",""
web_access,"27/Dec/2037:12:00:00 +0530","","","","",-1,"233.221.75.171","POST","/usr/admin","HTTP/1.0",-1,-1,"http://www.parker-miller.org/tag/list/list/privacy/","Mozilla/5.0 (iPhone; CPU iPhone OS 12_4_9 like Mac OS X) AppleWebKit/605.1.15 (KHTML, like Gecko) Version/12.1.2 Mobile/15E148 Safari/604.1","",""
web_access,"27/Dec/2037:12:00:00 +0530","","","","",-1,"57.137.234.207","DELETE","/usr","HTTP/1.0",-1,-1,"http://www.parker-miller.org/tag/list/list/privacy/","Mozilla/5.0 (Macintosh; Intel Mac OS X 10_9_3) AppleWebKit/537.75.14 (KHTML, like Gecko) Version/7.0.3 Safari/7046A194A","",""
web_access,"27/Dec/2037:12:00:00 +0530","","","","",-1,"153.56.100.21","DELETE","/usr/login","HTTP/1.0",-1,-1,"-","Mozilla/5.0 (Linux; Android 10; ONEPLUS A6000) AppleWebKit/537.36 (KHTML, like Gecko) Chrome/77.0.3865.116 Mobile Safari/537.36 EdgA/45.12.4.5121","",""
web_access,"27/Dec/2037:12:00:00 +0530","","","","",-1,"131.226.196.134","POST","/usr/admin","HTTP/1.0",-1,-1,"-","Mozilla/5.0 (Linux; Android 10; ONEPLUS A6000) AppleWebKit/537.36 (KHTML, like Gecko) Chrome/86.0.4240.198 Mobile Safari/537.36 OPR/61.2.3076.56749","",""
web_access,"27/Dec/2037:12:00:00 +0530","","","","",-1,"121.101.6.31","PUT","/usr/login","HTTP/1.0",-1,-1,"-","Mozilla/5.0 (Android 10; Mobile; rv:84.0) Gecko/84.0 Firefox/84.0","",""
web_access,"27/Dec/2037:12:00:00 +0530","","","","",-1,"65.15.73.124","POST","/usr","HTTP/1.0",-1,-1,"http://www.parker-miller.org/tag/list/list/privacy/","Mozilla/5.0 (Android 10; Mobile; rv:84.0) Gecko/84.0 Firefox/84.0","",""
web_access,"27/Dec/2037:12:00:00 +0530","","","","",-1,"244.116.240.223","GET","/usr/register","HTTP/1.0",-1,-1,"-","Mozilla/5.0 (Android 10; Mobile; rv:84.0) Gecko/84.0 Firefox/84.0","",""
web_access,"27/Dec/2037:12:00:00 +0530","","","","",-1,"174.33.59.196","DELETE","/usr","HTTP/1.0",-1,-1,"http://www.parker-miller.org/tag/list/list/privacy/","Mozilla/5.0 (Linux; Android 10; ONEPLUS A6000) AppleWebKit/537.36 (KHTML, like Gecko) Chrome/86.0.4240.198 Mobile Safari/537.36 OPR/61.2.3076.56749","",""
web_access,"27/Dec/2037:12:00:00 +0530","","","","",-1,"255.215.57.107","GET","/usr/admin/developer","HTTP/1.0",-1,-1,"http://www.parker-miller.org/tag/list/list/privacy/","Mozilla/5.0 (Linux; Android 10; ONEPLUS A6000) AppleWebKit/537.36 (KHTML, like Gecko) Chrome/77.0.3865.116 Mobile Safari/537.36 EdgA/45.12.4.5121","",""
web_access,"27/Dec/2037:12:00:00 +0530","","","","",-1,"68.162.87.226","POST","/usr/admin/developer","HTTP/1.0",-1,-1,"http://www.parker-miller.org/tag/list/list/privacy/","Mozilla/5.0 (Macintosh; Intel Mac OS X 10_9_3) AppleWebKit/537.75.14 (KHTML, like Gecko) Version/7.0.3 Safari/7046A194A","",""
web_access,"27/Dec/2037:12:00:00 +0530","","","","",-1,"45.241.41.125","PUT","/usr/admin","HTTP/1.0",-1,-1,"http://www.parker-miller.org/tag/list/list/privacy/","Mozilla/5.0 (iPhone; CPU iPhone OS 12_4_9 like Mac OS X) AppleWebKit/605.1.15 (KHTML, like Gecko) Version/12.1.2 Mobile/15E148 Safari/604.1","",""
web_access,"27/Dec/2037:12:00:00 +0530","","","","",-1,"78.158.203.245","DELETE","/usr","HTTP/1.0",-1,-1,"http://www.parker-miller.org/tag/list/list/privacy/","Mozilla/5.0 (iPhone; CPU iPhone OS 12_4_9 like Mac OS X) AppleWebKit/605.1.15 (KHTML, like Gecko) Version/12.1.2 Mobile/15E148 Safari/604.1","",""
web_access,"27/Dec/2037:12:00:00 +0530","","","","",-1,"223.246.189.25","GET","/usr/register","HTTP/1.0",-1,-1,"http://www.parker-miller.org/tag/list/list/privacy/","Mozilla/5.0 (Linux; Android 10; ONEPLUS A6000) AppleWebKit/537.36 (KHTML, like Gecko) Chrome/87.0.4280.141 Mobile Safari/537.36","",""
web_access,"27/Dec/2037:12:00:00 +0530","","","","",-1,"146.56.66.183","POST","/usr/admin","HTTP/1.0",-1,-1,"-","Mozilla/5.0 (Windows NT 10.0; Win64; x64) AppleWebKit/537.36 (KHTML, like Gecko) Chrome/87.0.4280.141 Safari/537.36","",""
web_access,"27/Dec/2037:12:00:00 +0530","","","","",-1,"107.177.59.155","POST","/usr/admin","HTTP/1.0",-1,-1,"http://www.parker-miller.org/tag/list/list/privacy/","Mozilla/5.0 (Windows NT 10.0; Win64; x64) AppleWebKit/537.36 (KHTML, like Gecko) Chrome/87.0.4280.88 Safari/537.36 OPR/73.0.3856.329","",""
web_access,"27/Dec/2037:12:00:00 +0530","","","","",-1,"98.238.126.171","GET","/usr/admin/developer","HTTP/1.0",-1,-1,"http://www.parker-miller.org/tag/list/list/privacy/","Mozilla/5.0 (iPhone; CPU iPhone OS 12_4_9 like Mac OS X) AppleWebKit/605.1.15 (KHTML, like Gecko) Version/12.1.2 Mobile/15E148 Safari/604.1","",""
web_access,"27/Dec/2037:12:00:00 +0530","","","","",-1,"90.212.189.26","POST","/usr/admin/developer","HTTP/1.0",-1,-1,"http://www.parker-miller.org/tag/list/list/privacy/","Mozilla/5.0 (Macintosh; Intel Mac OS X 10_9_3) AppleWebKit/537.75.14 (KHTML, like Gecko) Version/7.0.3 Safari/7046A194A","",""
web_access,"27/Dec/2037:12:00:00 +0530","","","","",-1,"29.50.54.151","POST","/usr/login","HTTP/1.0",-1,-1,"-","Mozilla/5.0 (Windows NT 10.0; Win64; x64) AppleWebKit/537.36 (KHTML, like Gecko) Chrome/89.0.4380.0 Safari/537.36 Edg/89.0.759.0","",""
web_access,"27/Dec/2037:12:00:00 +0530","","","","",-1,"109.111.63.59","POST","/usr","HTTP/1.0",-1,-1,"http://www.parker-miller.org/tag/list/list/privacy/","Mozilla/5.0 (Android 10; Mobile; rv:84.0) Gecko/84.0 Firefox/84.0","",""
web_access,"27/Dec/2037:12:00:00 +0530","","","","",-1,"246.253.50.168","GET","/usr/register","HTTP/1.0",-1,-1,"-","Mozilla/5.0 (Windows NT 10.0; Win64; x64) AppleWebKit/537.36 (KHTML, like Gecko) Chrome/89.0.4380.0 Safari/537.36 Edg/89.0.759.0","",""
web_access,"27/Dec/2037:12:00:00 +0530","","","","",-1,"21.176.104.215","POST","/usr","HTTP/1.0",-1,-1,"http://www.parker-miller.org/tag/list/list/privacy/","Mozilla/5.0 (Android 10; Mobile; rv:84.0) Gecko/84.0 Firefox/84.0","",""
web_access,"27/Dec/2037:12:00:00 +0530","","","","",-1,"197.76.251.179","GET","/usr/register","HTTP/1.0",-1,-1,"-","Mozilla/5.0 (Linux; Android 10; ONEPLUS A6000) AppleWebKit/537.36 (KHTML, like Gecko) Chrome/86.0.4240.198 Mobile Safari/537.36 OPR/61.2.3076.56749","",""
web_access,"27/Dec/2037:12:00:00 +0530","","","","",-1,"179.48.125.37","POST","/usr","HTTP/1.0",-1,-1,"-","Mozilla/5.0 (Windows NT 10.0; Win64; x64) AppleWebKit/537.36 (KHTML, like Gecko) Chrome/87.0.4280.88 Safari/537.36 OPR/73.0.3856.329","",""
web_access,"27/Dec/2037:12:00:00 +0530","","","","",-1,"225.228.159.225","PUT","/usr/register","HTTP/1.0",-1,-1,"-","Mozilla/5.0 (Android 10; Mobile; rv:84.0) Gecko/84.0 Firefox/84.0","",""
web_access,"27/Dec/2037:12:00:00 +0530","","","","",-1,"132.118.55.47","POST","/usr","HTTP/1.0",-1,-1,"-","Mozilla/5.0 (Linux; Android 10; ONEPLUS A6000) AppleWebKit/537.36 (KHTML, like Gecko) Chrome/77.0.3865.116 Mobile Safari/537.36 EdgA/45.12.4.5121","",""
web_access,"27/Dec/2037:12:00:00 +0530","","","","",-1,"11.158.53.120","POST","/usr","HTTP/1.0",-1,-1,"http://www.parker-miller.org/tag/list/list/privacy/","Mozilla/5.0 (Macintosh; Intel Mac OS X 10_9_3) AppleWebKit/537.75.14 (KHTML, like Gecko) Version/7.0.3 Safari/7046A194A","",""
web_access,"27/Dec/2037:12:00:00 +0530","","","","",-1,"69.174.2.69","PUT","/usr/admin","HTTP/1.0",-1,-1,"http://www.parker-miller.org/tag/list/list/privacy/","Mozilla/5.0 (Windows NT 10.0; Win64; x64) AppleWebKit/537.36 (KHTML, like Gecko) Chrome/87.0.4280.88 Safari/537.36 OPR/73.0.3856.329","",""
web_access,"27/Dec/2037:12:00:00 +0530","","","","",-1,"39.9.54.21","POST","/usr/admin/developer","HTTP/1.0",-1,-1,"-","Mozilla/5.0 (Linux; Android 10; ONEPLUS A6000) AppleWebKit/537.36 (KHTML, like Gecko) Chrome/77.0.3865.116 Mobile Safari/537.36 EdgA/45.12.4.5121","",""
web_access,"27/Dec/2037:12:00:00 +0530","","","","",-1,"123.4.29.96","DELETE","/usr/login","HTTP/1.0",-1,-1,"http://www.parker-miller.org/tag/list/list/privacy/","Mozilla/5.0 (Linux; Android 10; ONEPLUS A6000) AppleWebKit/537.36 (KHTML, like Gecko) Chrome/86.0.4240.198 Mobile Safari/537.36 OPR/61.2.3076.56749","",""
web_access,"27/Dec/2037:12:00:00 +0530","","","","",-1,"125.26.254.119","POST","/usr","HTTP/1.0",-1,-1,"-","Mozilla/5.0 (Android 10; Mobile; rv:84.0) Gecko/84.0 Firefox/84.0","",""
web_access,"27/Dec/2037:12:00:00 +0530","","","","",-1,"29.171.152.208","POST","/usr/login","HTTP/1.0",-1,-1,"http://www.parker-miller.org/tag/list/list/privacy/","Mozilla/5.0 (Linux; Android 10; ONEPLUS A6000) AppleWebKit/537.36 (KHTML, like Gecko) Chrome/77.0.3865.116 Mobile Safari/537.36 EdgA/45.12.4.5121","",""
web_access,"27/Dec/2037:12:00:00 +0530","","","","",-1,"96.98.143.226","POST","/usr/register","HTTP/1.0",-1,-1,"-","Mozilla/5.0 (Linux; Android 10; ONEPLUS A6000) AppleWebKit/537.36 (KHTML, like Gecko) Chrome/86.0.4240.198 Mobile Safari/537.36 OPR/61.2.3076.56749","",""
web_access,"27/Dec/2037:12:00:00 +0530","","","","",-1,"163.215.37.226","POST","/usr/admin/developer","HTTP/1.0",-1,-1,"http://www.parker-miller.org/tag/list/list/privacy/","Mozilla/5.0 (Android 10; Mobile; rv:84.0) Gecko/84.0 Firefox/84.0","",""
web_access,"27/Dec/2037:12:00:00 +0530","","","","",-1,"124.50.135.209","PUT","/usr","HTTP/1.0",-1,-1,"-","Mozilla/5.0 (iPhone; CPU iPhone OS 12_4_9 like Mac OS X) AppleWebKit/605.1.15 (KHTML, like Gecko) Version/12.1.2 Mobile/15E148 Safari/604.1","",""
web_access,"27/Dec/2037:12:00:00 +0530","","","","",-1,"78.174.150.66","PUT","/usr/register","HTTP/1.0",-1,-1,"-","Mozilla/5.0 (Linux; Android 10; ONEPLUS A6000) AppleWebKit/537.36 (KHTML, like Gecko) Chrome/87.0.4280.141 Mobile Safari/537.36","",""
web_access,"27/Dec/2037:12:00:00 +0530","","","","",-1,"248.142.102.178","PUT","/usr","HTTP/1.0",-1,-1,"http://www.parker-miller.org/tag/list/list/privacy/","Mozilla/5.0 (Macintosh; Intel Mac OS X 10_9_3) AppleWebKit/537.75.14 (KHTML, like Gecko) Version/7.0.3 Safari/7046A194A","",""
web_access,"27/Dec/2037:12:00:00 +0530","","","","",-1,"197.131.38.43","DELETE","/usr/login","HTTP/1.0",-1,-1,"http://www.parker-miller.org/tag/list/list/privacy/","Mozilla/5.0 (Linux; Android 10; ONEPLUS A6000) AppleWebKit/537.36 (KHTML, like Gecko) Chrome/87.0.4280.141 Mobile Safari/537.36","",""
web_access,"27/Dec/2037:12:00:00 +0530","","","","",-1,"133.244.26.108","DELETE","/usr/admin","HTTP/1.0",-1,-1,"-","Mozilla/5.0 (Linux; Android 10; ONEPLUS A6000) AppleWebKit/537.36 (KHTML, like Gecko) Chrome/87.0.4280.141 Mobile Safari/537.36","",""
web_access,"27/Dec/2037:12:00:00 +0530","","","","",-1,"216.11.36.255","PUT","/usr/admin","HTTP/1.0",-1,-1,"-","Mozilla/5.0 (Linux; Android 10; ONEPLUS A6000) AppleWebKit/537.36 (KHTML, like Gecko) Chrome/86.0.4240.198 Mobile Safari/537.36 OPR/61.2.3076.56749","",""
web_access,"27/Dec/2037:12:00:00 +0530","","","","",-1,"122.129.182.248","DELETE","/usr/register","HTTP/1.0",-1,-1,"-","Mozilla/5.0 (Windows NT 10.0; Win64; x64) AppleWebKit/537.36 (KHTML, like Gecko) Chrome/89.0.4380.0 Safari/537.36 Edg/89.0.759.0","",""
web_access,"27/Dec/2037:12:00:00 +0530","","","","",-1,"232.230.137.47","GET","/usr/login","HTTP/1.0",-1,-1,"http://www.parker-miller.org/tag/list/list/privacy/","Mozilla/5.0 (Android 10; Mobile; rv:84.0) Gecko/84.0 Firefox/84.0","",""
web_access,"27/Dec/2037:12:00:00 +0530","","","","",-1,"148.221.245.11","DELETE","/usr/login","HTTP/1.0",-1,-1,"-","Mozilla/5.0 (iPhone; CPU iPhone OS 12_4_9 like Mac OS X) AppleWebKit/605.1.15 (KHTML, like Gecko) Version/12.1.2 Mobile/15E148 Safari/604.1","",""
web_access,"27/Dec/2037:12:00:00 +0530","","","","",-1,"0.103.225.230","POST","/usr/admin","HTTP/1.0",-1,-1,"-","Mozilla/5.0 (Windows NT 10.0; Win64; x64; rv:84.0) Gecko/20100101 Firefox/84.0","",""
web_access,"27/Dec/2037:12:00:00 +0530","","","","",-1,"249.201.37.179","POST","/usr/admin","HTTP/1.0",-1,-1,"-","Mozilla/5.0 (Windows NT 10.0; Win64; x64) AppleWebKit/537.36 (KHTML, like Gecko) Chrome/87.0.4280.88 Safari/537.36 OPR/73.0.3856.329","",""
web_access,"27/Dec/2037:12:00:00 +0530","","","","",-1,"249.183.95.170","PUT","/usr/register","HTTP/1.0",-1,-1,"-","Mozilla/5.0 (iPhone; CPU iPhone OS 12_4_9 like Mac OS X) AppleWebKit/605.1.15 (KHTML, like Gecko) Version/12.1.2 Mobile/15E148 Safari/604.1","",""
web_access,"27/Dec/2037:12:00:00 +0530","","","","",-1,"42.39.222.219","GET","/usr/login","HTTP/1.0",-1,-1,"-","Mozilla/5.0 (Windows NT 10.0; Win64; x64) AppleWebKit/537.36 (KHTML, like Gecko) Chrome/89.0.4380.0 Safari/537.36 Edg/89.0.759.0","",""
web_access,"27/Dec/2037:12:00:00 +0530","","","","",-1,"25.131.63.144","DELETE","/usr/login","HTTP/1.0",-1,-1,"http://www.parker-miller.org/tag/list/list/privacy/","Mozilla/5.0 (Android 10; Mobile; rv:84.0) Gecko/84.0 Firefox/84.0","",""
web_access,"27/Dec/2037:12:00:00 +0530","","","","",-1,"175.136.142.89","PUT","/usr","HTTP/1.0",-1,-1,"http://www.parker-miller.org/tag/list/list/privacy/","Mozilla/5.0 (Linux; Android 10; ONEPLUS A6000) AppleWebKit/537.36 (KHTML, like Gecko) Chrome/77.0.3865.116 Mobile Safari/537.36 EdgA/45.12.4.5121","",""
web_access,"27/Dec/2037:12:00:00 +0530","","","","",-1,"4.76.207.120","GET","/usr","HTTP/1.0",-1,-1,"http://www.parker-miller.org/tag/list/list/privacy/","Mozilla/5.0 (Windows NT 10.0; Win64; x64; rv:84.0) Gecko/20100101 Firefox/84.0","",""
web_access,"27/Dec/2037:12:00:00 +0530","","","","",-1,"103.94.154.109","PUT","/usr","HTTP/1.0",-1,-1,"-","Mozilla/5.0 (Linux; Android 10; ONEPLUS A6000) AppleWebKit/537.36 (KHTML, like Gecko) Chrome/77.0.3865.116 Mobile Safari/537.36 EdgA/45.12.4.5121","",""
web_access,"27/Dec/2037:12:00:00 +0530","","","","",-1,"77.233.114.220","PUT","/usr","HTTP/1.0",-1,-1,"http://www.parker-miller.org/tag/list/list/privacy/","Mozilla/5.0 (Windows NT 10.0; Win64; x64) AppleWebKit/537.36 (KHTML, like Gecko) Chrome/89.0.4380.0 Safari/537.36 Edg/89.0.759.0","",""
web_access,"27/Dec/2037:12:00:00 +0530","","","","",-1,"126.52.182.135","PUT","/usr/admin","HTTP/1.0",-1,-1,"-","Mozilla/5.0 (Windows NT 10.0; Win64; x64) AppleWebKit/537.36 (KHTML, like Gecko) Chrome/87.0.4280.141 Safari/537.36","",""
web_access,"27/Dec/2037:12:00:00 +0530","","","","",-1,"117.37.177.20","DELETE","/usr","HTTP/1.0",-1,-1,"http://www.parker-miller.org/tag/list/list/privacy/","Mozilla/5.0 (Linux; Android 10; ONEPLUS A6000) AppleWebKit/537.36 (KHTML, like Gecko) Chrome/87.0.4280.141 Mobile Safari/537.36","",""
web_access,"27/Dec/2037:12:00:00 +0530","","","","",-1,"46.2.234.179","GET","/usr","HTTP/1.0",-1,-1,"-","Mozilla/5.0 (iPhone; CPU iPhone OS 12_4_9 like Mac OS X) AppleWebKit/605.1.15 (KHTML, like Gecko) Version/12.1.2 Mobile/15E148 Safari/604.1","",""
web_access,"27/Dec/2037:12:00:00 +0530","","","","",-1,"177.111.50.252","POST","/usr","HTTP/1.0",-1,-1,"-","Mozilla/5.0 (Linux; Android 10; ONEPLUS A6000) AppleWebKit/537.36 (KHTML, like Gecko) Chrome/87.0.4280.141 Mobile Safari/537.36","",""
web_access,"27/Dec/2037:12:00:00 +0530","","","","",-1,"73.132.29.108","GET","/usr","HTTP/1.0",-1,-1,"http://www.parker-miller.org/tag/list/list/privacy/","Mozilla/5.0 (Windows NT 10.0; Win64; x64) AppleWebKit/537.36 (KHTML, like Gecko) Chrome/89.0.4380.0 Safari/537.36 Edg/89.0.759.0","",""
web_access,"27/Dec/2037:12:00:00 +0530","","","","",-1,"62.116.240.192","PUT","/usr","HTTP/1.0",-1,-1,"-","Mozilla/5.0 (Windows NT 10.0; Win64; x64; rv:84.0) Gecko/20100101 Firefox/84.0","",""
web_access,"27/Dec/2037:12:00:00 +0530","","","","",-1,"8.207.161.109","PUT","/usr/login","HTTP/1.0",-1,-1,"-","Mozilla/5.0 (Linux; Android 10; ONEPLUS A6000) AppleWebKit/537.36 (KHTML, like Gecko) Chrome/77.0.3865.116 Mobile Safari/537.36 EdgA/45.12.4.5121","",""
web_access,"27/Dec/2037:12:00:00 +0530","","","","",-1,"48.194.83.108","GET","/usr/admin/developer","HTTP/1.0",-1,-1,"-","Mozilla/5.0 (Linux; Android 10; ONEPLUS A6000) AppleWebKit/537.36 (KHTML, like Gecko) Chrome/87.0.4280.141 Mobile Safari/537.36","",""
web_access,"27/Dec/2037:12:00:00 +0530","","","","",-1,"79.138.104.133","PUT","/usr/register","HTTP/1.0",-1,-1,"http://www.parker-miller.org/tag/list/list/privacy/","Mozilla/5.0 (Linux; Android 10; ONEPLUS A6000) AppleWebKit/537.36 (KHTML, like Gecko) Chrome/77.0.3865.116 Mobile Safari/537.36 EdgA/45.12.4.5121","",""
web_access,"27/Dec/2037:12:00:00 +0530","","","","",-1,"52.122.238.42","GET","/usr/admin/developer","HTTP/1.0",-1,-1,"-","Mozilla/5.0 (Linux; Android 10; ONEPLUS A6000) AppleWebKit/537.36 (KHTML, like Gecko) Chrome/77.0.3865.116 Mobile Safari/537.36 EdgA/45.12.4.5121","",""
web_access,"27/Dec/2037:12:00:00 +0530","","","","",-1,"29.99.94.142","POST","/usr/login","HTTP/1.0",-1,-1,"http://www.parker-miller.org/tag/list/list/privacy/","Mozilla/5.0 (Linux; Android 10; ONEPLUS A6000) AppleWebKit/537.36 (KHTML, like Gecko) Chrome/86.0.4240.198 Mobile Safari/537.36 OPR/61.2.3076.56749","",""
web_access,"27/Dec/2037:12:00:00 +0530","","","","",-1,"186.152.123.0","PUT","/usr","HTTP/1.0",-1,-1,"http://www.parker-miller.org/tag/list/list/privacy/","Mozilla/5.0 (Linux; Android 10; ONEPLUS A6000) AppleWebKit/537.36 (KHTML, like Gecko) Chrome/87.0.4280.141 Mobile Safari/537.36","",""
web_access,"27/Dec/2037:12:00:00 +0530","","","","",-1,"182.83.210.13","DELETE","/usr/admin","HTTP/1.0",-1,-1,"http://www.parker-miller.org/tag/list/list/privacy/","Mozilla/5.0 (iPhone; CPU iPhone OS 12_4_9 like Mac OS X) AppleWebKit/605.1.15 (KHTML, like Gecko) Version/12.1.2 Mobile/15E148 Safari/604.1","",""
web_access,"27/Dec/2037:12:00:00 +0530","","","","",-1,"245.192.238.142","DELETE","/usr/admin","HTTP/1.0",-1,-1,"-","Mozilla/5.0 (Linux; Android 10; ONEPLUS A6000) AppleWebKit/537.36 (KHTML, like Gecko) Chrome/77.0.3865.116 Mobile Safari/537.36 EdgA/45.12.4.5121","",""
web_access,"27/Dec/2037:12:00:00 +0530","","","","",-1,"142.48.240.110","DELETE","/usr/login","HTTP/1.0",-1,-1,"http://www.parker-miller.org/tag/list/list/privacy/","Mozilla/5.0 (Linux; Android 10; ONEPLUS A6000) AppleWebKit/537.36 (KHTML, like Gecko) Chrome/86.0.4240.198 Mobile Safari/537.36 OPR/61.2.3076.56749","",""
web_access,"27/Dec/2037:12:00:00 +0530","","","","",-1,"193.31.2.214","GET","/usr","HTTP/1.0",-1,-1,"-","Mozilla/5.0 (Linux; Android 10; ONEPLUS A6000) AppleWebKit/537.36 (KHTML, like Gecko) Chrome/86.0.4240.198 Mobile Safari/537.36 OPR/61.2.3076.56749","",""
web_access,"27/Dec/2037:12:00:00 +0530","","","","",-1,"237.42.71.106","PUT","/usr/login","HTTP/1.0",-1,-1,"-","Mozilla/5.0 (Android 10; Mobile; rv:84.0) Gecko/84.0 Firefox/84.0","",""
web_access,"27/Dec/2037:12:00:00 +0530","","","","",-1,"245.166.65.16","DELETE","/usr/admin/developer","HTTP/1.0",-1,-1,"http://www.parker-miller.org/tag/list/list/privacy/","Mozilla/5.0 (Macintosh; Intel Mac OS X 10_9_3) AppleWebKit/537.75.14 (KHTML, like Gecko) Version/7.0.3 Safari/7046A194A","",""
web_access,"27/Dec/2037:12:00:00 +0530","","","","",-1,"105.146.171.113","DELETE","/usr","HTTP/1.0",-1,-1,"http://www.parker-miller.org/tag/list/list/privacy/","Mozilla/5.0 (Android 10; Mobile; rv:84.0) Gecko/84.0 Firefox/84.0","",""
web_access,"27/Dec/2037:12:00:00 +0530","","","","",-1,"6.200.216.225","PUT","/usr","HTTP/1.0",-1,-1,"http://www.parker-miller.org/tag/list/list/privacy/","Mozilla/5.0 (iPhone; CPU iPhone OS 12_4_9 like Mac OS X) AppleWebKit/605.1.15 (KHTML, like Gecko) Version/12.1.2 Mobile/15E148 Safari/604.1","",""
web_access,"27/Dec/2037:12:00:00 +0530","","","","",-1,"140.163.159.130","POST","/usr","HTTP/1.0",-1,-1,"http://www.parker-miller.org/tag/list/list/privacy/","Mozilla/5.0 (Windows NT 10.0; Win64; x64; rv:84.0) Gecko/20100101 Firefox/84.0","",""
web_access,"27/Dec/2037:12:00:00 +0530","","","","",-1,"158.122.40.33","POST","/usr/register","HTTP/1.0",-1,-1,"-","Mozilla/5.0 (Linux; Android 10; ONEPLUS A6000) AppleWebKit/537.36 (KHTML, like Gecko) Chrome/86.0.4240.198 Mobile Safari/537.36 OPR/61.2.3076.56749","",""
web_access,"27/Dec/2037:12:00:00 +0530","","","","",-1,"136.151.31.137","POST","/usr/admin","HTTP/1.0",-1,-1,"-","Mozilla/5.0 (Windows NT 10.0; Win64; x64; rv:84.0) Gecko/20100101 Firefox/84.0","",""
web_access,"27/Dec/2037:12:00:00 +0530","","","","",-1,"244.160.36.179","POST","/usr/admin","HTTP/1.0",-1,-1,"-","Mozilla/5.0 (iPhone; CPU iPhone OS 12_4_9 like Mac OS X) AppleWebKit/605.1.15 (KHTML, like Gecko) Version/12.1.2 Mobile/15E148 Safari/604.1","",""
web_access,"27/Dec/2037:12:00:00 +0530","","","","",-1,"237.155.219.64","POST","/usr/admin/developer","HTTP/1.0",-1,-1,"-","Mozilla/5.0 (iPhone; CPU iPhone OS 12_4_9 like Mac OS X) AppleWebKit/605.1.15 (KHTML, like Gecko) Version/12.1.2 Mobile/15E148 Safari/604.1","",""
web_access,"27/Dec/2037:12:00:00 +0530","","","","",-1,"184.236.96.49","GET","/usr/register","HTTP/1.0",-1,-1,"http://www.parker-miller.org/tag/list/list/privacy/","Mozilla/5.0 (Linux; Android 10; ONEPLUS A6000) AppleWebKit/537.36 (KHTML, like Gecko) Chrome/77.0.3865.116 Mobile Safari/537.36 EdgA/45.12.4.5121","",""
web_access,"27/Dec/2037:12:00:00 +0530","","","","",-1,"113.225.38.25","DELETE","/usr/register","HTTP/1.0",-1,-1,"http://www.parker-miller.org/tag/list/list/privacy/","Mozilla/5.0 (Linux; Android 10; ONEPLUS A6000) AppleWebKit/537.36 (KHTML, like Gecko) Chrome/87.0.4280.141 Mobile Safari/537.36","",""
web_access,"27/Dec/2037:12:00:00 +0530","","","","",-1,"9.31.143.127","PUT","/usr/login","HTTP/1.0",-1,-1,"-","Mozilla/5.0 (Windows NT 10.0; Win64; x64) AppleWebKit/537.36 (KHTML, like Gecko) Chrome/87.0.4280.141 Safari/537.36","",""
web_access,"27/Dec/2037:12:00:00 +0530","","","","",-1,"159.70.145.184","DELETE","/usr/register","HTTP/1.0",-1,-1,"-","Mozilla/5.0 (Linux; Android 10; ONEPLUS A6000) AppleWebKit/537.36 (KHTML, like Gecko) Chrome/77.0.3865.116 Mobile Safari/537.36 EdgA/45.12.4.5121","",""
web_access,"27/Dec/2037:12:00:00 +0530","","","","",-1,"22.222.196.145","DELETE","/usr/admin/developer","HTTP/1.0",-1,-1,"-","Mozilla/5.0 (Android 10; Mobile; rv:84.0) Gecko/84.0 Firefox/84.0","",""
web_access,"27/Dec/2037:12:00:00 +0530","","","","",-1,"42.201.211.79","GET","/usr/register","HTTP/1.0",-1,-1,"http://www.parker-miller.org/tag/list/list/privacy/","Mozilla/5.0 (Windows NT 10.0; Win64; x64) AppleWebKit/537.36 (KHTML, like Gecko) Chrome/89.0.4380.0 Safari/537.36 Edg/89.0.759.0","",""
web_access,"27/Dec/2037:12:00:00 +0530","","","","",-1,"71.110.6.49","POST","/usr/register","HTTP/1.0",-1,-1,"-","Mozilla/5.0 (Linux; Android 10; ONEPLUS A6000) AppleWebKit/537.36 (KHTML, like Gecko) Chrome/86.0.4240.198 Mobile Safari/537.36 OPR/61.2.3076.56749","",""
web_access,"27/Dec/2037:12:00:00 +0530","","","","",-1,"59.144.0.59","PUT","/usr/register","HTTP/1.0",-1,-1,"-","Mozilla/5.0 (Linux; Android 10; ONEPLUS A6000) AppleWebKit/537.36 (KHTML, like Gecko) Chrome/77.0.3865.116 Mobile Safari/537.36 EdgA/45.12.4.5121","",""
web_access,"27/Dec/2037:12:00:00 +0530","","","","",-1,"246.8.76.38","POST","/usr","HTTP/1.0",-1,-1,"-","Mozilla/5.0 (Windows NT 10.0; Win64; x64; rv:84.0) Gecko/20100101 Firefox/84.0","",""
web_access,"27/Dec/2037:12:00:00 +0530","","","","",-1,"206.64.243.141","PUT","/usr/admin","HTTP/1.0",-1,-1,"-","Mozilla/5.0 (Linux; Android 10; ONEPLUS A6000) AppleWebKit/537.36 (KHTML, like Gecko) Chrome/86.0.4240.198 Mobile Safari/537.36 OPR/61.2.3076.56749","",""
web_access,"27/Dec/2037:12:00:00 +0530","","","","",-1,"160.230.43.123","GET","/usr","HTTP/1.0",-1,-1,"-","Mozilla/5.0 (Linux; Android 10; ONEPLUS A6000) AppleWebKit/537.36 (KHTML, like Gecko) Chrome/86.0.4240.198 Mobile Safari/537.36 OPR/61.2.3076.56749","",""
web_access,"27/Dec/2037:12:00:00 +0530","","","","",-1,"200.210.228.177","PUT","/usr/admin","HTTP/1.0",-1,-1,"http://www.parker-miller.org/tag/list/list/privacy/","Mozilla/5.0 (Windows NT 10.0; Win64; x64) AppleWebKit/537.36 (KHTML, like Gecko) Chrome/87.0.4280.88 Safari/537.36 OPR/73.0.3856.329","",""
web_access,"27/Dec/2037:12:00:00 +0530","","","","",-1,"175.36.183.51","DELETE","/usr/admin","HTTP/1.0",-1,-1,"http://www.parker-miller.org/tag/list/list/privacy/","Mozilla/5.0 (Linux; Android 10; ONEPLUS A6000) AppleWebKit/537.36 (KHTML, like Gecko) Chrome/87.0.4280.141 Mobile Safari/537.36","",""
web_access,"27/Dec/2037:12:00:00 +0530","","","","",-1,"193.236.1.131","GET","/usr","HTTP/1.0",-1,-1,"-","Mozilla/5.0 (Linux; Android 10; ONEPLUS A6000) AppleWebKit/537.36 (KHTML, like Gecko) Chrome/87.0.4280.141 Mobile Safari/537.36","",""
web_access,"27/Dec/2037:12:00:00 +0530","","","","",-1,"57.178.191.99","GET","/usr/login","HTTP/1.0",-1,-1,"-","Mozilla/5.0 (iPhone; CPU iPhone OS 12_4_9 like Mac OS X) AppleWebKit/605.1.15 (KHTML, like Gecko) Version/12.1.2 Mobile/15E148 Safari/604.1","",""
web_access,"27/Dec/2037:12:00:00 +0530","","","","",-1,"219.113.54.108","GET","/usr/admin/developer","HTTP/1.0",-1,-1,"http://www.parker-miller.org/tag/list/list/privacy/","Mozilla/5.0 (Windows NT 10.0; Win64; x64) AppleWebKit/537.36 (KHTML, like Gecko) Chrome/87.0.4280.88 Safari/537.36 OPR/73.0.3856.329","",""
web_access,"27/Dec/2037:12:00:00 +0530","","","","",-1,"178.195.110.114","PUT","/usr","HTTP/1.0",-1,-1,"http://www.parker-miller.org/tag/list/list/privacy/","Mozilla/5.0 (Android 10; Mobile; rv:84.0) Gecko/84.0 Firefox/84.0","",""
web_access,"27/Dec/2037:12:00:00 +0530","","","","",-1,"133.134.55.30","DELETE","/usr/register","HTTP/1.0",-1,-1,"-","Mozilla/5.0 (Windows NT 10.0; Win64; x64) AppleWebKit/537.36 (KHTML, like Gecko) Chrome/87.0.4280.141 Safari/537.36","",""
web_access,"27/Dec/2037:12:00:00 +0530","","","","",-1,"27.111.18.186","PUT","/usr/register","HTTP/1.0",-1,-1,"-","Mozilla/5.0 (Android 10; Mobile; rv:84.0) Gecko/84.0 Firefox/84.0","",""
web_access,"27/Dec/2037:12:00:00 +0530","","","","",-1,"87.49.184.52","GET","/usr/admin","HTTP/1.0",-1,-1,"http://www.parker-miller.org/tag/list/list/privacy/","Mozilla/5.0 (Windows NT 10.0; Win64; x64) AppleWebKit/537.36 (KHTML, like Gecko) Chrome/87.0.4280.141 Safari/537.36","",""
web_access,"27/Dec/2037:12:00:00 +0530","","","","",-1,"112.55.71.71","DELETE","/usr","HTTP/1.0",-1,-1,"-","Mozilla/5.0 (Linux; Android 10; ONEPLUS A6000) AppleWebKit/537.36 (KHTML, like Gecko) Chrome/86.0.4240.198 Mobile Safari/537.36 OPR/61.2.3076.56749","",""
web_access,"27/Dec/2037:12:00:00 +0530","","","","",-1,"160.239.91.89","GET","/usr/admin","HTTP/1.0",-1,-1,"-","Mozilla/5.0 (Linux; Android 10; ONEPLUS A6000) AppleWebKit/537.36 (KHTML, like Gecko) Chrome/86.0.4240.198 Mobile Safari/537.36 OPR/61.2.3076.56749","",""
web_access,"27/Dec/2037:12:00:00 +0530","","","","",-1,"91.116.245.218","DELETE","/usr","HTTP/1.0",-1,-1,"-","Mozilla/5.0 (Windows NT 10.0; Win64; x64) AppleWebKit/537.36 (KHTML, like Gecko) Chrome/87.0.4280.88 Safari/537.36 OPR/73.0.3856.329","",""
web_access,"27/Dec/2037:12:00:00 +0530","","","","",-1,"160.219.198.156","DELETE","/usr/login","HTTP/1.0",-1,-1,"http://www.parker-miller.org/tag/list/list/privacy/","Mozilla/5.0 (Windows NT 10.0; Win64; x64) AppleWebKit/537.36 (KHTML, like Gecko) Chrome/87.0.4280.141 Safari/537.36","",""
web_access,"27/Dec/2037:12:00:00 +0530","","","","",-1,"204.45.65.31","GET","/usr","HTTP/1.0",-1,-1,"-","Mozilla/5.0 (Linux; Android 10; ONEPLUS A6000) AppleWebKit/537.36 (KHTML, like Gecko) Chrome/77.0.3865.116 Mobile Safari/537.36 EdgA/45.12.4.5121","",""
web_access,"27/Dec/2037:12:00:00 +0530","","","","",-1,"238.237.91.38","DELETE","/usr/admin/developer","HTTP/1.0",-1,-1,"-","Mozilla/5.0 (Windows NT 10.0; Win64; x64) AppleWebKit/537.36 (KHTML, like Gecko) Chrome/87.0.4280.141 Safari/537.36","",""
web_access,"27/Dec/2037:12:00:00 +0530","","","","",-1,"216.69.161.222","DELETE","/usr","HTTP/1.0",-1,-1,"-","Mozilla/5.0 (Windows NT 10.0; Win64; x64) AppleWebKit/537.36 (KHTML, like Gecko) Chrome/87.0.4280.141 Safari/537.36","",""
web_access,"27/Dec/2037:12:00:00 +0530","","","","",-1,"53.179.51.38","POST","/usr/login","HTTP/1.0",-1,-1,"-","Mozilla/5.0 (Linux; Android 10; ONEPLUS A6000) AppleWebKit/537.36 (KHTML, like Gecko) Chrome/87.0.4280.141 Mobile Safari/537.36","",""
web_access,"27/Dec/2037:12:00:00 +0530","","","","",-1,"74.63.80.189","DELETE","/usr","HTTP/1.0",-1,-1,"http://www.parker-miller.org/tag/list/list/privacy/","Mozilla/5.0 (Linux; Android 10; ONEPLUS A6000) AppleWebKit/537.36 (KHTML, like Gecko) Chrome/86.0.4240.198 Mobile Safari/537.36 OPR/61.2.3076.56749","",""
web_access,"27/Dec/2037:12:00:00 +0530","","","","",-1,"233.208.32.57","DELETE","/usr/register","HTTP/1.0",-1,-1,"http://www.parker-miller.org/tag/list/list/privacy/","Mozilla/5.0 (Windows NT 10.0; Win64; x64) AppleWebKit/537.36 (KHTML, like Gecko) Chrome/87.0.4280.88 Safari/537.36 OPR/73.0.3856.329","",""
web_access,"27/Dec/2037:12:00:00 +0530","","","","",-1,"215.112.101.153","POST","/usr","HTTP/1.0",-1,-1,"-","Mozilla/5.0 (Linux; Android 10; ONEPLUS A6000) AppleWebKit/537.36 (KHTML, like Gecko) Chrome/77.0.3865.116 Mobile Safari/537.36 EdgA/45.12.4.5121","",""
web_access,"27/Dec/2037:12:00:00 +0530","","","","",-1,"20.182.223.151","GET","/usr","HTTP/1.0",-1,-1,"-","Mozilla/5.0 (Linux; Android 10; ONEPLUS A6000) AppleWebKit/537.36 (KHTML, like Gecko) Chrome/86.0.4240.198 Mobile Safari/537.36 OPR/61.2.3076.56749","",""
web_access,"27/Dec/2037:12:00:00 +0530","","","","",-1,"0.153.138.113","POST","/usr/login","HTTP/1.0",-1,-1,"http://www.parker-miller.org/tag/list/list/privacy/","Mozilla/5.0 (Android 10; Mobile; rv:84.0) Gecko/84.0 Firefox/84.0","",""
web_access,"27/Dec/2037:12:00:00 +0530","","","","",-1,"216.48.213.180","DELETE","/usr","HTTP/1.0",-1,-1,"http://www.parker-miller.org/tag/list/list/privacy/","Mozilla/5.0 (Windows NT 10.0; Win64; x64) AppleWebKit/537.36 (KHTML, like Gecko) Chrome/87.0.4280.141 Safari/537.36","",""
web_access,"27/Dec/2037:12:00:00 +0530","","","","",-1,"208.3.85.7","POST","/usr/admin/developer","HTTP/1.0",-1,-1,"-","Mozilla/5.0 (iPhone; CPU iPhone OS 12_4_9 like Mac OS X) AppleWebKit/605.1.15 (KHTML, like Gecko) Version/12.1.2 Mobile/15E148 Safari/604.1","",""
web_access,"27/Dec/2037:12:00:00 +0530","","","","",-1,"161.61.136.230","GET","/usr/admin","HTTP/1.0",-1,-1,"http://www.parker-miller.org/tag/list/list/privacy/","Mozilla/5.0 (Linux; Android 10; ONEPLUS A6000) AppleWebKit/537.36 (KHTML, like Gecko) Chrome/87.0.4280.141 Mobile Safari/537.36","",""
